Date/Time,Lat,Lon,Base,locationID
2014-04-09 10:21:00,40.8021,-73.9654,B02598,
2014-04-14 04:55:00,40.6462,-73.7769,B02764,
2014-04-23 09:52:00,40.7747,-73.9603,B02598,
2014-04-04 23:32:00,40.715,-74.0157,B02682,
2014-04-05 19:57:00,40.7335,-74.008,B02598,
2014-04-11 17:48:00,40.7329,-73.99,B02598,
2014-04-15 20:58:00,40.7272,-73.9887,B02617,
2014-04-25 09:32:00,40.6897,-73.9704,B02512,
2014-04-26 22:23:00,40.7396,-73.9891,B02682,
2014-04-15 17:46:00,40.7806,-73.9872,B02512,
2014-04-15 16:54:00,40.7555,-73.9762,B02682,
2014-04-05 07:48:00,40.7057,-74.0082,B02512,
2014-04-04 22:58:00,40.7171,-74.0094,B02617,
2014-04-04 22:08:00,40.7393,-74.0015,B02598,
2014-04-05 23:45:00,40.7395,-73.9852,B02682,
2014-04-30 15:35:00,40.7564,-73.9668,B02617,
2014-04-30 20:50:00,40.7197,-74.0472,B02617,
2014-04-13 10:39:00,40.7256,-74.0056,B02682,
2014-04-03 17:05:00,40.7566,-73.9974,B02598,
2014-04-08 07:32:00,40.7756,-73.9901,B02682,
2014-04-06 23:12:00,40.7596,-73.9871,B02598,
2014-04-29 17:35:00,40.7224,-74.0038,B02682,
2014-04-28 08:30:00,40.7747,-73.99,B02617,
2014-04-04 12:02:00,40.7463,-73.993,B02512,
2014-04-13 15:12:00,40.6191,-73.9328,B02682,
2014-04-26 00:58:00,40.8698,-73.8604,B02598,
2014-04-10 09:04:00,40.7598,-73.996,B02682,
2014-04-05 14:44:00,40.7602,-73.9773,B02764,
2014-04-06 01:21:00,40.7394,-74.0068,B02598,
2014-04-07 19:14:00,40.7558,-73.9834,B02682,
2014-04-16 08:12:00,40.7606,-73.9917,B02682,
2014-04-03 20:12:00,40.7766,-73.9555,B02617,
2014-04-18 08:37:00,40.7386,-73.9976,B02682,
2014-04-03 13:08:00,40.7637,-73.9751,B02598,
2014-04-25 04:55:00,40.7457,-73.9936,B02598,
2014-04-17 11:16:00,40.781,-73.9593,B02512,
2014-04-23 19:59:00,40.6006,-74.0757,B02598,
2014-04-25 19:17:00,40.7161,-73.9641,B02682,
2014-04-03 18:46:00,40.7398,-73.9911,B02682,
2014-04-30 15:16:00,40.7579,-73.9733,B02512,
2014-04-15 07:21:00,40.6897,-73.9723,B02617,
2014-04-30 19:20:00,40.7649,-73.9691,B02617,
2014-04-07 17:18:00,40.7817,-73.981,B02682,
2014-04-15 16:29:00,40.7646,-73.9808,B02682,
2014-04-17 16:46:00,40.7378,-73.9804,B02512,
2014-04-23 15:06:00,40.7343,-73.9917,B02682,
2014-04-29 15:26:00,40.7603,-73.9738,B02598,
2014-04-22 16:37:00,40.7639,-73.9962,B02682,
2014-04-19 07:46:00,40.661,-73.9604,B02682,
2014-04-04 21:35:00,40.7403,-73.9923,B02598,
2014-04-30 18:47:00,40.7219,-73.9865,B02512,
2014-04-02 16:04:00,40.7691,-73.9878,B02512,
2014-04-28 11:19:00,40.747,-73.9927,B02682,
2014-04-09 16:05:00,40.7407,-73.987,B02598,
2014-04-29 20:12:00,40.7172,-73.9597,B02682,
2014-04-04 17:28:00,40.7275,-74.0071,B02598,
2014-04-13 10:26:00,40.7684,-73.8676,B02598,
2014-04-17 19:57:00,40.7203,-74.0085,B02682,
2014-04-22 20:35:00,40.7417,-74.0036,B02764,
2014-04-19 23:46:00,40.7192,-74.0052,B02512,
2014-04-02 15:14:00,40.6432,-73.9753,B02682,
2014-04-20 17:54:00,40.7616,-73.9749,B02617,
2014-04-28 06:30:00,40.7393,-73.9974,B02598,
2014-04-08 15:20:00,40.7597,-73.9861,B02512,
2014-04-04 18:47:00,40.7326,-73.9935,B02682,
2014-04-16 13:17:00,40.7761,-73.9442,B02682,
2014-04-11 12:34:00,40.7513,-74.0067,B02682,
2014-04-05 22:01:00,40.7805,-73.952,B02598,
2014-04-01 21:02:00,40.7626,-73.9716,B02682,
2014-04-23 14:57:00,40.6822,-73.9892,B02598,
2014-04-09 19:29:00,40.772,-73.8859,B02682,
2014-04-11 15:20:00,40.7732,-73.8859,B02617,
2014-04-01 21:53:00,40.7272,-73.99,B02598,
2014-04-11 07:25:00,40.7733,-73.9591,B02682,
2014-04-25 19:36:00,40.7143,-73.9972,B02598,
2014-04-15 17:27:00,40.7534,-73.9809,B02682,
2014-04-12 21:31:00,40.6448,-73.7824,B02598,
2014-04-25 07:47:00,40.7594,-73.9955,B02682,
2014-04-25 16:35:00,40.7587,-73.9758,B02598,
2014-04-30 10:59:00,40.7623,-73.9959,B02598,
2014-04-18 15:59:00,40.7339,-73.9908,B02682,
2014-04-06 15:46:00,40.7403,-73.996,B02512,
2014-04-01 13:52:00,40.7311,-74.0083,B02682,
2014-04-18 16:27:00,40.7612,-73.9752,B02682,
2014-04-28 15:10:00,40.7565,-73.9781,B02682,
2014-04-15 20:45:00,40.7405,-73.9891,B02598,
2014-04-17 06:43:00,40.7555,-73.9929,B02598,
2014-04-10 19:21:00,40.7497,-73.9753,B02682,
2014-04-25 09:39:00,40.7965,-73.9722,B02682,
2014-04-11 22:43:00,40.7274,-74.0006,B02682,
2014-04-23 08:29:00,40.7125,-73.956,B02617,
2014-04-29 12:11:00,40.7306,-73.9826,B02682,
2014-04-03 13:26:00,40.7399,-73.9968,B02682,
2014-04-22 18:18:00,40.7188,-73.9896,B02617,
2014-04-11 16:54:00,40.756,-73.9703,B02682,
2014-04-19 16:05:00,40.7122,-74.0101,B02512,
2014-04-16 16:06:00,40.8716,-74.0621,B02682,
2014-04-08 09:01:00,40.7302,-73.9936,B02617,
2014-04-29 08:48:00,40.646,-73.7768,B02682,
2014-04-01 11:11:00,40.7553,-73.9745,B02617,
2014-04-20 12:35:00,40.7427,-73.9806,B02598,
2014-04-29 17:03:00,40.7126,-73.9351,B02598,
2014-04-04 22:36:00,40.722,-73.8723,B02617,
2014-04-07 22:53:00,40.7304,-74.0014,B02598,
2014-04-05 19:21:00,40.7591,-73.9815,B02682,
2014-04-14 07:03:00,40.7451,-73.9888,B02682,
2014-04-05 16:34:00,40.7587,-73.9895,B02682,
2014-04-09 18:20:00,40.7671,-73.9609,B02682,
2014-04-07 20:22:00,40.7525,-73.9733,B02682,
2014-04-06 01:29:00,40.7284,-73.9997,B02682,
2014-04-01 20:08:00,40.7388,-73.9942,B02598,
2014-04-18 15:14:00,40.7211,-74.0048,B02512,
2014-04-09 23:34:00,40.7304,-73.9901,B02598,
2014-04-24 08:20:00,40.6673,-73.9878,B02598,
2014-04-04 17:53:00,40.7652,-73.9639,B02682,
2014-04-02 20:43:00,40.7254,-74.0092,B02598,
2014-04-14 16:28:00,40.7583,-73.9815,B02598,
2014-04-27 02:22:00,40.7439,-74.0083,B02682,
2014-04-27 21:17:00,40.7656,-73.9809,B02598,
2014-04-18 14:00:00,40.7614,-73.9677,B02682,
2014-04-29 23:09:00,40.7263,-73.9837,B02598,
2014-04-05 21:56:00,40.705,-73.9336,B02682,
2014-04-30 21:11:00,40.7469,-73.9808,B02598,
2014-04-15 21:18:00,40.7237,-73.9518,B02598,
2014-04-19 17:40:00,40.7343,-74.0028,B02682,
2014-04-11 17:16:00,40.7466,-73.9919,B02598,
2014-04-30 18:54:00,40.7513,-73.9735,B02682,
2014-04-06 00:52:00,40.7421,-73.9984,B02598,
2014-04-15 23:51:00,40.7198,-73.9942,B02512,
2014-04-17 14:33:00,40.7735,-73.9539,B02682,
2014-04-11 21:41:00,40.752,-73.993,B02682,
2014-04-16 20:13:00,40.7603,-73.9744,B02682,
2014-04-16 19:31:00,40.7553,-73.9842,B02598,
2014-04-07 14:43:00,40.6464,-73.7904,B02598,
2014-04-17 16:59:00,40.7589,-73.9728,B02512,
2014-04-18 09:28:00,40.7627,-73.9755,B02598,
2014-04-21 18:27:00,40.7457,-73.9459,B02617,
2014-04-24 07:24:00,40.7836,-73.9793,B02682,
2014-04-25 00:51:00,40.7178,-73.9971,B02598,
2014-04-27 16:14:00,40.7565,-73.9761,B02617,
2014-04-09 14:04:00,40.7242,-73.8196,B02682,
2014-04-05 20:09:00,40.7867,-73.9775,B02682,
2014-04-17 18:18:00,40.7655,-73.9626,B02682,
2014-04-11 23:54:00,40.7442,-73.9922,B02598,
2014-04-29 12:41:00,40.7287,-74.0071,B02598,
2014-04-17 10:18:00,40.7666,-73.9861,B02682,
2014-04-16 13:49:00,40.7685,-73.987,B02512,
2014-04-05 16:34:00,40.7394,-74.008,B02682,
2014-04-20 16:16:00,40.7218,-74.0025,B02682,
2014-04-26 22:00:00,40.7439,-74.0064,B02598,
2014-04-30 12:14:00,40.7987,-73.9416,B02512,
2014-04-17 06:22:00,40.761,-73.9733,B02682,
2014-04-25 07:49:00,40.7333,-73.9889,B02617,
2014-04-11 23:36:00,40.6868,-73.9457,B02682,
2014-04-15 21:07:00,40.7318,-73.9969,B02617,
2014-04-21 19:03:00,40.7579,-73.9733,B02682,
2014-04-24 19:53:00,40.7535,-73.9889,B02682,
2014-04-11 18:20:00,40.7653,-73.9618,B02617,
2014-04-18 11:50:00,40.7627,-73.9653,B02512,
2014-04-11 22:01:00,40.7361,-74.006,B02512,
2014-04-19 12:19:00,40.7261,-73.9918,B02512,
2014-04-10 19:50:00,40.7549,-73.994,B02617,
2014-04-01 07:17:00,40.7272,-73.9789,B02617,
2014-04-08 08:11:00,40.695,-74.1781,B02682,
2014-04-24 11:11:00,40.7625,-73.9786,B02617,
2014-04-11 01:09:00,40.7215,-73.9999,B02617,
2014-04-12 04:37:00,40.749,-73.9738,B02617,
2014-04-28 14:06:00,40.7518,-73.9726,B02764,
2014-04-15 06:41:00,40.7327,-73.9982,B02617,
2014-04-16 11:49:00,40.7516,-73.9902,B02617,
2014-04-11 10:09:00,40.6898,-73.9929,B02598,
2014-04-11 23:11:00,40.6943,-73.908,B02598,
2014-04-17 16:27:00,40.7297,-73.9916,B02598,
2014-04-25 07:12:00,40.7839,-73.9761,B02598,
2014-04-19 20:53:00,40.7527,-73.9717,B02617,
2014-04-24 07:26:00,40.7682,-73.9893,B02682,
2014-04-02 14:40:00,40.7216,-74.0009,B02598,
2014-04-26 20:44:00,40.7498,-74.0051,B02682,
2014-04-22 19:58:00,40.7144,-74.0154,B02682,
2014-04-08 12:43:00,40.7599,-73.9773,B02682,
2014-04-15 20:40:00,40.7294,-74.001,B02682,
2014-04-27 19:26:00,40.7383,-74.0039,B02598,
2014-04-25 19:35:00,40.7019,-73.9897,B02598,
2014-04-05 00:01:00,40.7109,-74.0078,B02682,
2014-04-29 22:32:00,40.6997,-73.9806,B02512,
2014-04-08 08:08:00,40.7708,-73.8657,B02682,
2014-04-04 15:06:00,40.7529,-73.9678,B02682,
2014-04-15 12:51:00,40.7451,-73.9757,B02682,
2014-04-06 14:07:00,40.7591,-73.9825,B02598,
2014-04-02 06:20:00,40.7542,-73.9943,B02682,
2014-04-05 20:38:00,40.7622,-73.9715,B02682,
2014-04-09 19:12:00,40.7406,-74.0077,B02598,
2014-04-04 06:16:00,40.6673,-73.7944,B02617,
2014-04-24 19:39:00,40.7443,-73.9963,B02682,
2014-04-17 13:21:00,40.7602,-73.9746,B02617,
2014-04-28 21:59:00,40.738,-73.9889,B02682,
2014-04-28 04:58:00,40.7603,-73.9879,B02682,
2014-04-30 15:00:00,40.7246,-73.9935,B02598,
2014-04-08 08:25:00,40.6946,-73.991,B02598,
2014-04-13 17:11:00,40.7642,-73.9884,B02512,
2014-04-24 18:23:00,40.7463,-73.9565,B02682,
2014-04-12 22:51:00,40.7213,-73.9877,B02682,
2014-04-18 16:01:00,40.723,-73.9986,B02764,
2014-04-23 12:06:00,40.7579,-73.9889,B02682,
2014-04-21 21:36:00,40.7512,-73.9715,B02598,
2014-04-02 07:46:00,40.7785,-73.9454,B02598,
2014-04-30 15:27:00,40.7353,-74.0033,B02682,
2014-04-19 11:08:00,40.6773,-73.9627,B02598,
2014-04-01 19:59:00,40.7626,-73.9768,B02682,
2014-04-25 20:22:00,40.7112,-74.0064,B02682,
2014-04-15 17:44:00,40.7695,-73.9803,B02512,
2014-04-20 00:13:00,40.7521,-73.9854,B02617,
2014-04-30 17:26:00,40.6899,-73.9818,B02512,
2014-04-25 17:35:00,40.7063,-74.0168,B02682,
2014-04-12 10:12:00,40.7738,-73.9459,B02598,
2014-04-14 16:03:00,40.7546,-73.9844,B02617,
2014-04-08 06:09:00,40.7721,-73.9521,B02598,
2014-04-19 14:56:00,40.6692,-73.7994,B02682,
2014-04-06 14:28:00,40.7423,-74.0313,B02682,
2014-04-21 21:53:00,40.6425,-74.0151,B02598,
2014-04-21 04:53:00,40.7388,-73.981,B02682,
2014-04-15 14:28:00,40.7247,-73.9985,B02598,
2014-04-10 22:48:00,40.781,-73.9812,B02682,
2014-04-16 09:46:00,40.7777,-73.9749,B02598,
2014-04-12 20:47:00,40.7642,-73.9646,B02682,
2014-04-25 08:11:00,40.7188,-73.9534,B02682,
2014-04-15 22:45:00,40.7216,-73.9978,B02682,
2014-04-11 22:50:00,40.7366,-74.0065,B02682,
2014-04-25 18:38:00,40.737,-73.863,B02598,
2014-04-10 08:32:00,40.7287,-73.9994,B02598,
2014-04-29 15:28:00,40.6936,-73.9905,B02598,
2014-04-03 13:53:00,40.7416,-74.0069,B02682,
2014-04-02 20:51:00,40.7458,-73.988,B02598,
2014-04-18 22:49:00,40.7388,-73.9958,B02617,
2014-04-24 13:18:00,40.7434,-73.9941,B02617,
2014-04-30 17:36:00,40.7626,-73.9692,B02682,
2014-04-11 07:23:00,40.7931,-73.9769,B02617,
2014-04-26 23:56:00,40.7284,-73.9997,B02598,
2014-04-15 18:07:00,40.7767,-73.9526,B02617,
2014-04-25 19:48:00,40.7325,-73.9913,B02598,
2014-04-11 06:57:00,40.721,-73.9887,B02617,
2014-04-01 18:18:00,40.7502,-73.9852,B02598,
2014-04-16 00:34:00,40.6949,-73.953,B02617,
2014-04-08 17:14:00,40.7111,-74.0159,B02598,
2014-04-02 07:54:00,40.7516,-73.9939,B02617,
2014-04-04 07:26:00,40.7322,-74.0021,B02617,
2014-04-02 15:39:00,40.7266,-73.9774,B02598,
2014-04-24 17:12:00,40.7034,-74.0144,B02598,
2014-04-07 12:01:00,40.7249,-74.0059,B02512,
2014-04-04 19:09:00,40.774,-73.8719,B02598,
2014-04-06 16:37:00,40.7191,-73.9831,B02682,
2014-04-15 08:06:00,40.7192,-74.0038,B02617,
2014-04-21 16:33:00,40.7608,-73.9904,B02512,
2014-04-11 17:50:00,40.7547,-73.9752,B02617,
2014-04-09 18:33:00,40.711,-74.0057,B02617,
2014-04-22 19:38:00,40.7432,-74.0074,B02598,
2014-04-06 07:25:00,40.7384,-73.9874,B02512,
2014-04-11 17:21:00,40.7448,-73.9809,B02682,
2014-04-02 17:46:00,40.7108,-74.0093,B02598,
2014-04-21 16:05:00,40.7864,-73.9801,B02682,
2014-04-27 18:44:00,40.7229,-73.9914,B02512,
2014-04-17 00:15:00,40.7406,-74.0056,B02682,
2014-04-24 16:38:00,40.7712,-73.8663,B02682,
2014-04-16 18:34:00,40.7593,-73.9808,B02598,
2014-04-29 16:20:00,40.7622,-73.9824,B02682,
2014-04-03 21:22:00,40.7125,-74.0091,B02512,
2014-04-28 07:02:00,40.7629,-73.9601,B02598,
2014-04-23 18:46:00,40.7455,-73.9913,B02598,
2014-04-23 20:10:00,40.725,-73.9971,B02598,
2014-04-08 08:10:00,40.7436,-74.0006,B02682,
2014-04-09 20:12:00,40.7564,-73.9746,B02682,
2014-04-27 17:57:00,40.7224,-73.9862,B02598,
2014-04-13 15:18:00,40.8177,-73.8568,B02682,
2014-04-10 13:01:00,40.7514,-74.0031,B02598,
2014-04-10 14:59:00,40.7596,-73.9724,B02617,
2014-04-05 01:17:00,40.7424,-73.9857,B02682,
2014-04-12 16:45:00,40.7794,-73.962,B02764,
2014-04-07 16:22:00,40.8147,-73.9603,B02682,
2014-04-23 17:06:00,40.7219,-73.9997,B02617,
2014-04-12 22:04:00,40.7642,-73.9791,B02682,
2014-04-01 09:06:00,40.736,-73.9978,B02682,
2014-04-19 15:48:00,40.7126,-74.0098,B02682,
2014-04-06 00:31:00,40.7298,-73.9829,B02598,
2014-04-30 16:05:00,40.7532,-73.9802,B02617,
2014-04-06 19:21:00,40.85,-73.9319,B02617,
2014-04-11 06:13:00,40.7395,-73.9998,B02598,
2014-04-17 15:53:00,40.7675,-73.9575,B02617,
2014-04-09 21:21:00,40.7571,-73.972,B02512,
2014-04-15 17:15:00,40.7738,-73.9597,B02682,
2014-04-05 05:19:00,40.7439,-73.9837,B02682,
2014-04-17 17:42:00,40.8532,-73.9313,B02598,
2014-04-30 09:40:00,40.7645,-73.9775,B02682,
2014-04-23 12:07:00,40.7567,-73.9743,B02617,
2014-04-23 20:21:00,40.7605,-73.9758,B02682,
2014-04-26 00:36:00,40.6835,-73.9075,B02598,
2014-04-03 18:02:00,40.7212,-74.0013,B02682,
2014-04-10 05:12:00,40.784,-73.9543,B02598,
2014-04-04 14:13:00,40.7276,-74.0056,B02617,
2014-04-11 20:49:00,40.6449,-73.7822,B02598,
2014-04-08 12:27:00,40.7739,-73.872,B02682,
2014-04-20 05:45:00,40.7002,-73.9949,B02598,
2014-04-12 14:50:00,40.6448,-73.7825,B02617,
2014-04-07 13:56:00,40.6921,-73.9533,B02598,
2014-04-26 21:12:00,40.7401,-74.0074,B02617,
2014-04-27 14:22:00,40.756,-73.9908,B02682,
2014-04-07 14:50:00,40.7284,-74.0071,B02617,
2014-04-06 08:29:00,40.7191,-73.9925,B02682,
2014-04-20 19:53:00,40.6834,-73.9321,B02617,
2014-04-23 07:38:00,40.711,-73.9617,B02682,
2014-04-26 22:45:00,40.6874,-73.9935,B02598,
2014-04-08 18:21:00,40.7083,-74.0111,B02682,
2014-04-21 15:12:00,40.7305,-74.009,B02682,
2014-04-23 15:40:00,40.7515,-74.0065,B02682,
2014-04-01 11:33:00,40.7472,-73.9856,B02598,
2014-04-25 22:04:00,40.7188,-73.9907,B02682,
2014-04-04 21:54:00,40.7595,-73.9813,B02617,
2014-04-27 18:45:00,40.7838,-73.9704,B02682,
2014-04-15 17:06:00,40.7749,-73.9487,B02617,
2014-04-21 18:06:00,40.7386,-73.9926,B02598,
2014-04-17 20:09:00,40.71,-74.0091,B02682,
2014-04-19 17:01:00,40.6933,-73.9996,B02512,
2014-04-19 20:48:00,40.7446,-73.991,B02598,
2014-04-10 23:29:00,40.7201,-74.0085,B02598,
2014-04-30 14:19:00,40.7555,-73.971,B02682,
2014-04-29 13:13:00,40.7699,-73.8644,B02617,
2014-04-04 18:02:00,40.698,-73.9304,B02512,
2014-04-25 08:15:00,40.7202,-73.9551,B02617,
2014-04-13 09:36:00,40.7552,-73.9863,B02598,
2014-04-30 19:06:00,40.7646,-73.9718,B02682,
2014-04-11 21:17:00,40.8266,-73.9255,B02682,
2014-04-07 22:29:00,40.6895,-73.9515,B02682,
2014-04-03 18:14:00,40.709,-74.0138,B02682,
2014-04-09 09:56:00,40.7635,-73.9889,B02682,
2014-04-08 09:25:00,40.6751,-73.9611,B02682,
2014-04-23 22:17:00,40.6465,-73.7768,B02598,
2014-04-11 08:42:00,40.7234,-73.9912,B02682,
2014-04-16 17:38:00,40.7635,-73.9749,B02617,
2014-04-08 18:50:00,40.7601,-73.9751,B02617,
2014-04-16 19:18:00,40.755,-73.975,B02682,
2014-04-04 21:53:00,40.6732,-73.9287,B02682,
2014-04-14 11:39:00,40.7559,-74.2123,B02617,
2014-04-11 09:17:00,40.7351,-73.9937,B02598,
2014-04-13 12:47:00,40.7388,-73.9738,B02598,
2014-04-03 15:27:00,40.7783,-73.9582,B02617,
2014-04-12 21:54:00,40.7081,-74.0177,B02598,
2014-04-17 17:09:00,40.7489,-73.9729,B02598,
2014-04-27 12:45:00,40.721,-73.9789,B02682,
2014-04-18 19:06:00,40.7405,-73.9851,B02598,
2014-04-23 21:07:00,40.7585,-73.9751,B02682,
2014-04-02 10:53:00,40.7227,-73.9979,B02682,
2014-04-03 23:09:00,40.763,-73.9719,B02682,
2014-04-25 16:40:00,40.7579,-73.9659,B02598,
2014-04-22 17:12:00,40.7676,-73.9674,B02682,
2014-04-30 20:05:00,40.7617,-73.9703,B02682,
2014-04-14 15:01:00,40.7654,-73.9809,B02598,
2014-04-21 08:36:00,40.7401,-73.9793,B02682,
2014-04-15 05:45:00,40.7868,-73.9812,B02682,
2014-04-07 06:27:00,40.7785,-73.9887,B02617,
2014-04-24 17:34:00,40.7609,-73.9867,B02617,
2014-04-25 21:53:00,40.6484,-73.7831,B02598,
2014-04-21 15:52:00,40.7278,-74.0073,B02682,
2014-04-08 10:15:00,40.79,-73.9542,B02682,
2014-04-06 21:06:00,40.7656,-73.9835,B02617,
2014-04-12 01:50:00,40.7117,-73.9631,B02598,
2014-04-01 22:46:00,40.7342,-73.9899,B02617,
2014-04-26 18:22:00,40.7579,-73.9755,B02598,
2014-04-05 10:07:00,40.7253,-73.9487,B02598,
2014-04-21 08:04:00,40.7329,-73.9812,B02598,
2014-04-23 13:12:00,40.7483,-73.9846,B02617,
2014-04-20 15:44:00,40.7271,-74.0033,B02598,
2014-04-30 22:26:00,40.7189,-74.0065,B02682,
2014-04-20 04:29:00,40.7188,-74.0049,B02598,
2014-04-08 22:33:00,40.7552,-73.9827,B02617,
2014-04-23 15:47:00,40.7682,-73.9814,B02598,
2014-04-30 14:59:00,40.7654,-73.9721,B02617,
2014-04-29 05:50:00,40.7652,-73.9751,B02682,
2014-04-01 16:32:00,40.7523,-73.972,B02598,
2014-04-19 10:49:00,40.7327,-73.9982,B02682,
2014-04-04 03:03:00,40.7551,-73.9725,B02682,
2014-04-24 07:25:00,40.7336,-73.992,B02617,
2014-04-02 07:35:00,40.7397,-73.9989,B02617,
2014-04-26 17:09:00,40.7525,-73.9933,B02598,
2014-04-28 18:47:00,40.7385,-73.9899,B02598,
2014-04-30 14:47:00,40.7908,-73.9666,B02682,
2014-04-23 00:25:00,40.6911,-73.9972,B02598,
2014-04-16 20:45:00,40.7144,-73.998,B02598,
2014-04-13 20:23:00,40.7194,-73.9955,B02682,
2014-04-23 15:34:00,40.7173,-74.0061,B02598,
2014-04-16 13:42:00,40.7486,-73.9724,B02598,
2014-04-11 22:47:00,40.7408,-74.0049,B02682,
2014-04-26 08:53:00,40.7238,-73.9569,B02512,
2014-04-29 18:30:00,40.7376,-74.0082,B02682,
2014-04-07 14:54:00,40.7198,-74.0471,B02682,
2014-04-06 00:18:00,40.7264,-73.9918,B02682,
2014-04-10 15:03:00,40.7317,-73.9932,B02682,
2014-04-17 07:47:00,40.7331,-73.9753,B02682,
2014-04-06 17:58:00,40.7332,-73.99,B02682,
2014-04-03 07:06:00,40.7795,-73.988,B02682,
2014-04-02 22:29:00,40.7249,-73.9554,B02682,
2014-04-26 16:17:00,40.7195,-73.9604,B02682,
2014-04-11 17:57:00,40.745,-73.9952,B02598,
2014-04-19 15:21:00,40.7223,-74.0006,B02598,
2014-04-07 08:00:00,40.7267,-73.9797,B02617,
2014-04-16 16:57:00,40.7606,-73.9755,B02682,
2014-04-04 05:37:00,40.7144,-74.0101,B02598,
2014-04-24 18:51:00,40.7357,-73.9814,B02617,
2014-04-07 01:13:00,40.6814,-73.9653,B02617,
2014-04-22 21:30:00,40.7509,-73.9866,B02598,
2014-04-03 10:03:00,40.7343,-73.9958,B02512,
2014-04-24 17:17:00,40.7468,-73.9814,B02682,
2014-04-11 11:17:00,40.6404,-74.0008,B02682,
2014-04-26 01:23:00,40.7381,-74.0084,B02598,
2014-04-29 17:54:00,40.725,-73.9792,B02682,
2014-04-16 04:38:00,40.7756,-73.9505,B02598,
2014-04-29 18:15:00,40.724,-73.9972,B02598,
2014-04-25 21:00:00,40.7811,-73.9566,B02682,
2014-04-09 21:52:00,40.7461,-74.0053,B02682,
2014-04-27 09:47:00,40.7743,-73.9453,B02682,
2014-04-15 11:35:00,40.7773,-73.9821,B02598,
2014-04-25 18:49:00,40.7107,-74.0059,B02617,
2014-04-05 07:17:00,40.7416,-73.9388,B02682,
2014-04-10 10:33:00,40.7472,-73.9897,B02682,
2014-04-18 21:31:00,40.7482,-73.9765,B02682,
2014-04-05 17:17:00,40.672,-73.9807,B02512,
2014-04-23 18:14:00,40.7624,-73.9599,B02598,
2014-04-01 04:08:00,40.7802,-73.9832,B02682,
2014-04-03 07:05:00,40.7237,-74.0052,B02598,
2014-04-30 13:32:00,40.7698,-73.9504,B02682,
2014-04-11 21:51:00,40.7623,-73.9972,B02598,
2014-04-22 22:40:00,40.756,-73.9832,B02682,
2014-04-05 18:32:00,40.7162,-74.0161,B02682,
2014-04-19 12:22:00,40.7651,-73.977,B02598,
2014-04-04 20:46:00,40.7361,-74.0302,B02512,
2014-04-08 02:45:00,40.7606,-73.9824,B02598,
2014-04-03 19:53:00,40.7509,-73.9788,B02598,
2014-04-11 11:18:00,40.7467,-73.9726,B02682,
2014-04-04 11:27:00,40.7253,-73.9332,B02598,
2014-04-26 02:03:00,40.7298,-74.0103,B02682,
2014-04-06 19:24:00,40.7756,-73.9832,B02598,
2014-04-26 10:28:00,40.7448,-73.9952,B02617,
2014-04-27 00:55:00,40.734,-74.0082,B02598,
2014-04-30 18:08:00,40.7797,-73.9618,B02682,
2014-04-29 15:23:00,40.7361,-73.9852,B02598,
2014-04-02 10:51:00,40.7625,-73.972,B02598,
2014-04-13 04:13:00,40.7898,-73.976,B02598,
2014-04-08 12:30:00,40.8158,-73.9369,B02512,
2014-04-09 16:45:00,40.7344,-73.9898,B02598,
2014-04-07 06:18:00,40.688,-73.9698,B02682,
2014-04-13 17:21:00,40.6445,-73.7833,B02617,
2014-04-01 17:13:00,40.7529,-73.9674,B02598,
2014-04-08 11:08:00,40.7233,-73.9951,B02598,
2014-04-05 22:08:00,40.9438,-73.6957,B02764,
2014-04-19 19:34:00,40.7139,-74.0911,B02512,
2014-04-13 01:25:00,40.7492,-74.0311,B02598,
2014-04-21 06:53:00,40.7675,-73.8813,B02682,
2014-04-29 11:43:00,40.7399,-73.9764,B02617,
2014-04-28 20:21:00,40.738,-73.9892,B02598,
2014-04-11 19:19:00,40.7515,-73.974,B02598,
2014-04-25 21:11:00,40.7289,-73.9874,B02598,
2014-04-02 20:32:00,40.7545,-73.9688,B02617,
2014-04-30 18:19:00,40.7196,-73.9932,B02598,
2014-04-04 19:25:00,40.7251,-74.0015,B02682,
2014-04-26 19:47:00,40.7607,-73.9686,B02617,
2014-04-26 22:09:00,40.7112,-73.9634,B02598,
2014-04-13 00:12:00,40.726,-73.9836,B02682,
2014-04-30 17:35:00,40.7725,-73.9611,B02682,
2014-04-01 20:55:00,40.7579,-73.9816,B02682,
2014-04-24 15:13:00,40.7739,-73.8724,B02512,
2014-04-27 13:09:00,40.7207,-74.0017,B02617,
2014-04-03 18:05:00,40.7161,-73.9641,B02598,
2014-04-16 07:22:00,40.7348,-74.0035,B02682,
2014-04-03 22:17:00,40.7524,-73.9843,B02682,
2014-04-16 15:14:00,40.7041,-73.9848,B02598,
2014-04-06 15:13:00,40.7131,-73.9519,B02682,
2014-04-25 11:31:00,40.6772,-73.9804,B02617,
2014-04-11 21:33:00,40.7184,-73.9542,B02598,
2014-04-22 20:56:00,40.7741,-73.872,B02682,
2014-04-23 13:36:00,40.6458,-73.7768,B02598,
2014-04-27 14:50:00,40.6567,-73.9842,B02598,
2014-04-16 12:26:00,40.8057,-73.9662,B02512,
2014-04-16 17:14:00,40.746,-73.9941,B02682,
2014-04-24 14:57:00,40.6452,-73.7806,B02682,
2014-04-04 23:32:00,40.7501,-73.9845,B02598,
2014-04-24 04:50:00,40.7387,-74.2839,B02617,
2014-04-05 16:03:00,40.6699,-73.9857,B02682,
2014-04-09 09:19:00,40.7669,-73.9528,B02617,
2014-04-03 20:17:00,40.7583,-73.9709,B02512,
2014-04-04 18:21:00,40.747,-73.9908,B02682,
2014-04-08 17:46:00,40.7671,-73.9939,B02682,
2014-04-22 17:23:00,40.7557,-73.9767,B02682,
2014-04-14 17:27:00,40.7585,-73.9772,B02682,
2014-04-12 18:57:00,40.7916,-73.9725,B02598,
2014-04-02 15:42:00,40.7281,-74.0029,B02682,
2014-04-11 23:44:00,40.7513,-73.9941,B02598,
2014-04-05 17:37:00,40.6821,-73.9797,B02682,
2014-04-30 16:05:00,40.7523,-73.9684,B02682,
2014-04-30 18:23:00,40.7181,-74.0032,B02617,
2014-04-25 23:00:00,40.7449,-73.9783,B02598,
2014-04-01 20:49:00,40.7136,-74.016,B02598,
2014-04-22 21:59:00,40.7388,-73.9962,B02617,
2014-04-10 14:42:00,40.6449,-73.7824,B02598,
2014-04-05 21:02:00,40.723,-73.9958,B02682,
2014-04-02 17:58:00,40.7207,-74.0051,B02598,
2014-04-30 16:40:00,40.76,-73.9861,B02617,
2014-04-28 06:30:00,40.8046,-73.9479,B02682,
2014-04-08 06:30:00,40.7775,-73.9634,B02682,
2014-04-04 15:57:00,40.774,-73.9844,B02682,
2014-04-07 17:05:00,40.7885,-73.9742,B02682,
2014-04-29 22:05:00,40.7204,-73.9571,B02598,
2014-04-19 16:39:00,40.702,-73.9896,B02682,
2014-04-24 22:06:00,40.7265,-73.9993,B02598,
2014-04-25 19:19:00,40.7385,-73.9918,B02598,
2014-04-10 18:47:00,40.7244,-74.0017,B02598,
2014-04-07 21:24:00,40.7218,-73.9998,B02682,
2014-04-03 20:43:00,40.7591,-73.98,B02617,
2014-04-01 19:22:00,40.7631,-73.9654,B02682,
2014-04-24 13:30:00,40.7603,-73.9737,B02617,
2014-04-23 20:19:00,40.7571,-73.9761,B02617,
2014-04-24 13:18:00,40.7677,-73.9811,B02682,
2014-04-24 14:22:00,40.7628,-73.9676,B02598,
2014-04-04 12:29:00,40.7752,-73.9834,B02682,
2014-04-18 20:58:00,40.686,-73.9863,B02598,
2014-04-11 08:42:00,40.7804,-73.9598,B02682,
2014-04-04 22:46:00,40.7402,-73.9959,B02598,
2014-04-08 19:44:00,40.7639,-74.2455,B02682,
2014-04-17 14:39:00,40.7112,-73.9611,B02617,
2014-04-10 17:02:00,40.7354,-73.9897,B02617,
2014-04-28 17:23:00,40.714,-74.0088,B02617,
2014-04-23 17:56:00,40.7711,-73.8659,B02512,
2014-04-16 16:45:00,40.7193,-74.0063,B02682,
2014-04-13 03:33:00,40.6811,-73.8738,B02512,
2014-04-08 18:16:00,40.7199,-74.0074,B02617,
2014-04-04 18:45:00,40.7589,-73.9726,B02682,
2014-04-11 13:20:00,40.7676,-73.9807,B02617,
2014-04-22 19:35:00,40.7637,-73.9797,B02598,
2014-04-15 07:14:00,40.6731,-73.9286,B02598,
2014-04-26 15:00:00,40.7174,-74.0052,B02598,
2014-04-30 15:11:00,40.7187,-73.9948,B02598,
2014-04-26 00:17:00,40.7551,-73.9652,B02682,
2014-04-24 07:20:00,40.7328,-73.9815,B02682,
2014-04-06 01:58:00,40.7608,-73.9904,B02617,
2014-04-01 17:10:00,40.7647,-73.9719,B02682,
2014-04-30 22:35:00,40.7653,-73.9933,B02617,
2014-04-19 16:48:00,40.7603,-73.9758,B02598,
2014-04-25 22:50:00,40.7341,-74.0083,B02682,
2014-04-03 19:43:00,40.7144,-74.016,B02617,
2014-04-25 22:10:00,40.7505,-73.9699,B02598,
2014-04-22 21:50:00,40.7151,-73.9918,B02598,
2014-04-08 16:24:00,40.757,-73.9852,B02682,
2014-04-23 17:57:00,40.7118,-73.9924,B02682,
2014-04-30 20:39:00,40.7608,-73.9798,B02682,
2014-04-01 21:55:00,40.7599,-73.9782,B02617,
2014-04-27 17:45:00,40.774,-73.8727,B02682,
2014-04-05 22:09:00,40.7249,-73.9555,B02598,
2014-04-30 07:28:00,40.7911,-73.9791,B02598,
2014-04-11 21:15:00,40.7207,-74.0325,B02682,
2014-04-02 11:35:00,40.7833,-73.9821,B02617,
2014-04-08 07:17:00,40.7483,-73.9882,B02598,
2014-04-08 11:00:00,40.7961,-73.9497,B02512,
2014-04-25 23:37:00,40.7381,-73.991,B02617,
2014-04-16 09:27:00,40.7367,-74.0041,B02682,
2014-04-12 22:15:00,40.7256,-74.0042,B02682,
2014-04-13 16:57:00,40.7553,-73.9838,B02598,
2014-04-18 16:59:00,40.735,-73.988,B02512,
2014-04-26 12:27:00,40.7762,-73.9562,B02682,
2014-04-09 03:54:00,40.7246,-73.9936,B02512,
2014-04-26 15:58:00,40.7578,-73.975,B02682,
2014-04-28 00:43:00,40.7111,-73.9508,B02617,
2014-04-16 15:30:00,40.7643,-73.9707,B02682,
2014-04-19 11:50:00,40.7024,-73.9854,B02512,
2014-04-01 06:59:00,40.7355,-74.004,B02617,
2014-04-15 11:12:00,40.7317,-73.9913,B02682,
2014-04-12 10:12:00,40.6938,-73.9835,B02617,
2014-04-04 10:36:00,40.7452,-73.9924,B02682,
2014-04-10 09:56:00,40.6411,-73.9734,B02682,
2014-04-15 19:06:00,40.7642,-73.9709,B02598,
2014-04-25 14:50:00,40.6941,-73.9409,B02512,
2014-04-14 18:51:00,40.7492,-74.0394,B02682,
2014-04-27 16:02:00,40.7746,-73.9634,B02617,
2014-04-24 17:39:00,40.7136,-74.0117,B02598,
2014-04-21 08:43:00,40.774,-73.8725,B02682,
2014-04-26 12:13:00,40.8037,-73.9557,B02617,
2014-04-25 15:19:00,40.7079,-74.0034,B02682,
2014-04-28 14:56:00,40.765,-73.9727,B02682,
2014-04-23 20:05:00,40.7269,-74.003,B02598,
2014-04-29 21:45:00,40.7536,-73.9733,B02682,
2014-04-25 20:23:00,40.7563,-73.9788,B02598,
2014-04-17 08:09:00,40.7988,-73.9619,B02512,
2014-04-03 22:28:00,40.645,-73.7822,B02617,
2014-04-20 15:56:00,40.7653,-73.9793,B02682,
2014-04-25 23:35:00,40.764,-73.9787,B02598,
2014-04-04 17:18:00,40.7602,-73.9734,B02682,
2014-04-11 18:26:00,40.7731,-73.9546,B02617,
2014-04-26 19:49:00,40.7301,-74.0032,B02617,
2014-04-07 18:02:00,40.7404,-73.9889,B02682,
2014-04-19 00:05:00,40.7254,-73.9931,B02682,
2014-04-12 22:30:00,40.7195,-73.998,B02682,
2014-04-21 03:36:00,40.7803,-73.9462,B02682,
2014-04-17 06:52:00,40.7449,-73.974,B02682,
2014-04-13 12:32:00,40.6716,-73.9629,B02764,
2014-04-12 18:56:00,40.73,-73.9878,B02682,
2014-04-04 15:30:00,40.7594,-73.9772,B02682,
2014-04-14 05:54:00,40.7727,-73.9813,B02598,
2014-04-03 20:14:00,40.7682,-73.8622,B02617,
2014-04-11 05:38:00,40.7339,-73.9928,B02682,
2014-04-02 20:56:00,40.7179,-74.0032,B02598,
2014-04-10 15:35:00,40.6729,-73.9608,B02617,
2014-04-14 18:17:00,40.743,-73.9872,B02617,
2014-04-24 18:13:00,40.7077,-73.7952,B02617,
2014-04-10 15:32:00,40.7743,-73.9454,B02682,
2014-04-27 19:15:00,40.7786,-73.9471,B02598,
2014-04-17 16:35:00,40.6791,-73.9718,B02617,
2014-04-24 23:04:00,40.7324,-74.0031,B02682,
2014-04-24 21:11:00,40.7238,-74.0004,B02682,
2014-04-23 20:13:00,40.7582,-73.9734,B02682,
2014-04-04 13:11:00,40.7258,-73.9997,B02682,
2014-04-22 06:36:00,40.7322,-73.9941,B02598,
2014-04-17 10:30:00,40.7205,-73.9834,B02617,
2014-04-26 11:28:00,40.7562,-73.9711,B02598,
2014-04-25 12:34:00,40.7648,-73.9954,B02682,
2014-04-15 05:16:00,40.7167,-73.9618,B02682,
2014-04-04 22:57:00,40.7726,-73.9456,B02682,
2014-04-15 22:53:00,40.7747,-73.9578,B02617,
2014-04-01 11:26:00,40.7102,-73.9846,B02598,
2014-04-23 06:11:00,40.8127,-73.9435,B02598,
2014-04-28 14:58:00,40.7614,-73.9676,B02682,
2014-04-18 00:51:00,40.7674,-73.9829,B02682,
2014-04-03 16:37:00,40.7794,-73.9474,B02682,
2014-04-25 20:11:00,40.7257,-74.0076,B02682,
2014-04-04 22:48:00,40.7215,-73.9822,B02682,
2014-04-09 14:36:00,40.7554,-73.9755,B02598,
2014-04-07 22:17:00,40.723,-74.008,B02682,
2014-04-07 20:50:00,40.7568,-73.9828,B02682,
2014-04-17 19:08:00,40.7025,-73.9936,B02682,
2014-04-22 06:56:00,40.7243,-73.9831,B02598,
2014-04-10 18:14:00,40.7247,-73.982,B02682,
2014-04-30 08:31:00,40.7581,-73.9839,B02682,
2014-04-04 20:33:00,40.7118,-74.0079,B02512,
2014-04-07 18:15:00,40.7643,-73.9541,B02682,
2014-04-18 16:50:00,40.7935,-74.2373,B02512,
2014-04-04 23:40:00,40.6675,-73.9915,B02598,
2014-04-10 07:59:00,40.7339,-74.0043,B02682,
2014-04-24 18:37:00,40.7393,-74.0016,B02598,
2014-04-28 17:13:00,40.7275,-74.0072,B02682,
2014-04-09 07:28:00,40.7264,-73.9989,B02682,
2014-04-22 12:30:00,40.721,-74.0043,B02617,
2014-04-10 08:31:00,40.714,-73.991,B02598,
2014-04-16 19:30:00,40.7211,-73.9585,B02682,
2014-04-14 16:51:00,40.7288,-74.0053,B02682,
2014-04-08 01:17:00,40.7277,-73.9952,B02617,
2014-04-17 15:11:00,40.6322,-73.9528,B02598,
2014-04-11 16:12:00,40.7557,-73.9752,B02598,
2014-04-27 11:59:00,40.7513,-73.9935,B02598,
2014-04-23 06:29:00,40.7391,-74.0064,B02682,
2014-04-04 21:05:00,40.7639,-73.9585,B02682,
2014-04-04 14:56:00,40.7604,-73.9796,B02682,
2014-04-03 18:39:00,40.7518,-73.9758,B02598,
2014-04-08 08:08:00,40.716,-74.0119,B02682,
2014-04-10 10:59:00,40.7559,-73.9708,B02598,
2014-04-14 13:25:00,40.7565,-73.9817,B02682,
2014-04-10 12:44:00,40.731,-73.9913,B02617,
2014-04-11 16:36:00,40.7551,-73.9881,B02617,
2014-04-08 18:25:00,40.7575,-73.9753,B02512,
2014-04-03 09:11:00,40.8568,-73.9172,B02682,
2014-04-17 14:07:00,40.727,-73.9837,B02512,
2014-04-23 04:54:00,40.7797,-73.9803,B02617,
2014-04-23 12:35:00,40.7543,-73.9944,B02617,
2014-04-14 09:30:00,40.7468,-73.9887,B02598,
2014-04-17 20:56:00,40.721,-73.9948,B02682,
2014-04-18 18:21:00,40.7172,-73.9935,B02598,
2014-04-19 04:09:00,40.7206,-73.9563,B02598,
2014-04-24 22:01:00,40.7312,-74.0068,B02682,
2014-04-03 19:06:00,40.739,-73.9851,B02598,
2014-04-02 17:43:00,40.7276,-74.0345,B02512,
2014-04-11 18:12:00,40.7405,-73.9892,B02682,
2014-04-27 16:51:00,40.7863,-73.9402,B02682,
2014-04-24 18:39:00,40.7331,-73.9873,B02598,
2014-04-11 18:43:00,40.7144,-73.9593,B02598,
2014-04-22 11:32:00,40.7552,-73.9871,B02682,
2014-04-10 11:34:00,40.7454,-74.0021,B02598,
2014-04-23 19:44:00,40.7524,-73.9796,B02682,
2014-04-28 19:02:00,40.7717,-73.9848,B02682,
2014-04-16 13:11:00,40.7454,-73.9908,B02682,
2014-04-30 21:09:00,40.7172,-74.0066,B02682,
2014-04-09 19:31:00,40.7247,-74.0022,B02682,
2014-04-30 13:56:00,40.7377,-73.9918,B02598,
2014-04-01 19:00:00,40.7498,-74.005,B02617,
2014-04-14 16:21:00,40.6568,-73.5791,B02598,
2014-04-18 19:43:00,40.7914,-73.9738,B02682,
2014-04-05 20:59:00,40.7047,-74.0118,B02512,
2014-04-01 19:20:00,40.7341,-73.9778,B02598,
2014-04-25 17:47:00,40.7822,-73.9599,B02512,
2014-04-17 15:07:00,40.6854,-73.9849,B02598,
2014-04-19 21:52:00,40.6923,-73.9366,B02682,
2014-04-18 15:22:00,40.7527,-73.9931,B02617,
2014-04-15 18:41:00,40.7319,-74.0093,B02598,
2014-04-04 20:40:00,40.7529,-73.9893,B02682,
2014-04-16 18:26:00,40.7861,-73.9772,B02512,
2014-04-30 20:12:00,40.7596,-73.9753,B02598,
2014-04-03 08:18:00,40.6401,-73.9991,B02682,
2014-04-23 01:38:00,40.6879,-74.181,B02682,
2014-04-30 18:37:00,40.754,-73.9915,B02682,
2014-04-09 15:16:00,40.7528,-73.9813,B02598,
2014-04-30 20:32:00,40.7323,-73.9914,B02598,
2014-04-22 15:32:00,40.7229,-74.008,B02682,
2014-04-18 18:17:00,40.6195,-73.928,B02598,
2014-04-17 05:41:00,40.6141,-74.1215,B02617,
2014-04-17 14:39:00,40.7227,-74.0079,B02617,
2014-04-19 12:47:00,40.7668,-73.9535,B02682,
2014-04-25 23:40:00,40.7551,-73.9254,B02598,
2014-04-26 22:35:00,40.7202,-73.9845,B02512,
2014-04-23 19:32:00,40.7578,-73.9736,B02617,
2014-04-22 06:25:00,40.6483,-73.7825,B02598,
2014-04-08 19:56:00,40.7742,-73.9777,B02682,
2014-04-05 13:31:00,40.7203,-73.9969,B02617,
2014-04-26 16:15:00,40.7564,-73.9763,B02682,
2014-04-25 06:13:00,40.7087,-73.9218,B02617,
2014-04-05 00:03:00,40.7522,-73.9934,B02682,
2014-04-04 07:32:00,40.6202,-74.1565,B02598,
2014-04-16 10:40:00,40.7433,-73.9975,B02682,
2014-04-07 07:40:00,40.7407,-74.0076,B02682,
2014-04-14 06:28:00,40.7746,-73.9821,B02682,
2014-04-16 12:58:00,40.7853,-73.9823,B02617,
2014-04-20 17:55:00,40.7092,-74.002,B02682,
2014-04-12 16:34:00,40.7436,-73.9997,B02617,
2014-04-02 13:58:00,40.7849,-73.9821,B02617,
2014-04-09 22:17:00,40.6803,-73.9646,B02598,
2014-04-07 22:47:00,40.7433,-73.9841,B02682,
2014-04-21 19:40:00,40.7555,-73.9835,B02512,
2014-04-24 00:13:00,40.74,-74.0073,B02682,
2014-04-17 06:18:00,40.7636,-73.9814,B02682,
2014-04-23 16:47:00,40.7576,-73.9865,B02682,
2014-04-30 17:40:00,40.7578,-73.9857,B02598,
2014-04-07 10:47:00,40.6694,-73.947,B02598,
2014-04-03 19:29:00,40.7616,-73.9829,B02682,
2014-04-25 09:22:00,40.729,-73.9849,B02682,
2014-04-01 08:27:00,40.7644,-73.9657,B02598,
2014-04-30 09:34:00,40.7383,-73.9951,B02682,
2014-04-22 02:59:00,40.7639,-73.9825,B02617,
2014-04-26 02:01:00,40.7395,-74.0018,B02617,
2014-04-19 21:10:00,40.7169,-73.9652,B02617,
2014-04-27 04:59:00,40.7036,-73.9331,B02598,
2014-04-21 11:38:00,40.722,-74.0022,B02617,
2014-04-09 08:11:00,40.682,-73.9615,B02598,
2014-04-18 18:25:00,40.7093,-74.0019,B02682,
2014-04-19 15:43:00,40.7637,-73.9818,B02598,
2014-04-17 18:59:00,40.7592,-73.9711,B02598,
2014-04-25 08:25:00,40.7581,-73.9627,B02598,
2014-04-24 17:58:00,40.7458,-73.9943,B02598,
2014-04-15 19:50:00,40.7209,-73.9948,B02598,
2014-04-01 17:50:00,40.7681,-73.9587,B02598,
2014-04-19 22:39:00,40.7717,-73.9613,B02682,
2014-04-07 16:46:00,40.7424,-73.9839,B02764,
2014-04-05 20:58:00,40.7444,-73.9812,B02617,
2014-04-22 19:17:00,40.7663,-73.9681,B02682,
2014-04-07 06:12:00,40.7114,-73.9674,B02598,
2014-04-03 07:22:00,40.7182,-73.9552,B02598,
2014-04-21 15:09:00,40.7401,-73.9974,B02682,
2014-04-19 19:19:00,40.7449,-73.9997,B02598,
2014-04-30 22:32:00,40.7328,-73.9993,B02598,
2014-04-09 19:55:00,40.728,-74.0072,B02682,
2014-04-23 13:30:00,40.6963,-73.9971,B02617,
2014-04-18 04:59:00,40.6951,-74.1773,B02598,
2014-04-07 20:26:00,40.7488,-74.0078,B02617,
2014-04-23 14:22:00,40.7185,-73.9949,B02598,
2014-04-08 22:08:00,40.7502,-73.9913,B02512,
2014-04-07 19:42:00,40.7437,-73.983,B02682,
2014-04-22 13:08:00,40.741,-73.9879,B02617,
2014-04-17 08:03:00,40.7512,-73.9935,B02617,
2014-04-04 18:00:00,40.7363,-74.0013,B02598,
2014-04-01 17:28:00,40.756,-73.9847,B02617,
2014-04-30 11:05:00,40.726,-74.0081,B02512,
2014-04-08 10:06:00,40.7575,-73.9895,B02598,
2014-04-08 22:41:00,40.7415,-73.9875,B02682,
2014-04-05 17:42:00,40.6882,-73.9881,B02617,
2014-04-12 11:17:00,40.7593,-73.9751,B02682,
2014-04-03 21:31:00,40.7239,-73.9801,B02617,
2014-04-03 15:28:00,40.7396,-73.9942,B02682,
2014-04-26 23:50:00,40.7293,-73.9812,B02598,
2014-04-06 15:49:00,40.7246,-74.0012,B02512,
2014-04-29 08:33:00,40.7753,-73.928,B02682,
2014-04-25 13:38:00,40.6847,-73.9777,B02617,
2014-04-18 18:21:00,40.7223,-74.008,B02598,
2014-04-13 10:33:00,40.7766,-73.9607,B02512,
2014-04-30 21:07:00,40.756,-73.9889,B02682,
2014-04-14 10:47:00,40.7303,-73.9798,B02682,
2014-04-08 00:44:00,40.7359,-74.0296,B02682,
2014-04-29 07:45:00,40.7576,-73.9903,B02598,
2014-04-07 17:04:00,40.7059,-74.0087,B02617,
2014-04-18 01:22:00,40.7779,-73.9758,B02598,
2014-04-12 15:06:00,40.6873,-73.9775,B02682,
2014-04-22 16:44:00,40.6613,-74.1717,B02682,
2014-04-24 21:24:00,40.7448,-73.9916,B02598,
2014-04-07 21:21:00,40.724,-73.9923,B02682,
2014-04-04 20:27:00,40.7614,-73.9782,B02598,
2014-04-20 17:29:00,40.7248,-73.9396,B02617,
2014-04-04 15:32:00,40.7353,-73.9898,B02617,
2014-04-22 20:48:00,40.7293,-74.0036,B02682,
2014-04-30 08:22:00,40.7119,-73.9996,B02682,
2014-04-04 21:27:00,40.6805,-74.0011,B02598,
2014-04-08 11:46:00,40.7058,-74.0053,B02617,
2014-04-30 21:09:00,40.7357,-73.9939,B02598,
2014-04-02 20:39:00,40.739,-73.9986,B02598,
2014-04-07 15:06:00,40.7061,-74.0078,B02617,
2014-04-26 20:19:00,40.7093,-74.0166,B02682,
2014-04-19 20:05:00,40.823,-73.9464,B02617,
2014-04-12 00:09:00,40.7805,-73.9796,B02682,
2014-04-30 17:29:00,40.7602,-73.9714,B02598,
2014-04-28 19:11:00,40.7395,-74.0071,B02617,
2014-04-15 07:46:00,40.7772,-73.9891,B02617,
2014-04-23 18:44:00,40.7377,-73.9898,B02598,
2014-04-07 17:28:00,40.7507,-73.9685,B02682,
2014-04-03 13:10:00,40.7574,-73.9746,B02682,
2014-04-04 15:42:00,40.7558,-73.9761,B02682,
2014-04-19 19:09:00,40.709,-74.0089,B02598,
2014-04-10 17:10:00,40.681,-73.6733,B02598,
2014-04-08 17:28:00,40.7472,-73.9897,B02617,
2014-04-04 19:57:00,40.7608,-73.9684,B02617,
2014-04-05 14:59:00,40.7127,-74.0096,B02682,
2014-04-01 07:24:00,40.7482,-73.996,B02682,
2014-04-22 21:42:00,40.7138,-73.9618,B02617,
2014-04-22 17:29:00,40.7459,-73.9822,B02598,
2014-04-27 21:57:00,40.7515,-73.9939,B02682,
2014-04-18 13:52:00,40.72,-73.9876,B02617,
2014-04-25 00:06:00,40.7211,-73.9871,B02617,
2014-04-25 14:35:00,40.748,-74.0027,B02682,
2014-04-26 12:15:00,40.6816,-73.9585,B02598,
2014-04-16 08:44:00,40.7484,-73.9782,B02598,
2014-04-21 20:50:00,40.7479,-73.9853,B02512,
2014-04-29 18:52:00,40.7428,-73.9946,B02682,
2014-04-07 16:14:00,40.741,-73.9924,B02682,
2014-04-02 17:15:00,40.7103,-74.0115,B02682,
2014-04-03 12:44:00,40.7704,-73.988,B02598,
2014-04-11 04:28:00,40.6457,-73.7768,B02598,
2014-04-24 12:23:00,40.7419,-73.9935,B02598,
2014-04-04 22:30:00,40.749,-74.0069,B02617,
2014-04-23 23:19:00,40.7838,-73.9521,B02598,
2014-04-15 16:50:00,40.7254,-74.0041,B02682,
2014-04-23 17:38:00,40.6956,-74.1791,B02682,
2014-04-26 18:09:00,40.7557,-73.9921,B02512,
2014-04-15 21:37:00,40.7803,-73.9803,B02598,
2014-04-27 16:26:00,40.7297,-73.9996,B02682,
2014-04-29 17:54:00,40.7538,-73.9886,B02682,
2014-04-07 11:23:00,40.7552,-73.9826,B02598,
2014-04-16 07:41:00,40.6932,-73.9887,B02617,
2014-04-18 18:15:00,40.7348,-73.993,B02682,
2014-04-16 23:09:00,40.7248,-73.9783,B02598,
2014-04-03 06:37:00,40.8021,-73.9616,B02617,
2014-04-24 18:18:00,40.7347,-74.0092,B02682,
2014-04-10 18:07:00,40.7203,-73.9551,B02682,
2014-04-23 16:24:00,40.7604,-73.98,B02682,
2014-04-06 13:59:00,40.7388,-74.0055,B02598,
2014-04-06 20:40:00,40.7625,-73.9945,B02682,
2014-04-01 18:07:00,40.7433,-73.9819,B02598,
2014-04-13 20:53:00,40.6483,-73.7827,B02617,
2014-04-07 16:25:00,40.7666,-73.9824,B02598,
2014-04-04 21:25:00,40.7246,-73.9986,B02764,
2014-04-17 19:08:00,40.7554,-73.9859,B02617,
2014-04-20 06:32:00,40.7057,-74.0086,B02598,
2014-04-22 15:24:00,40.7458,-74.0073,B02682,
2014-04-10 20:41:00,40.7705,-73.865,B02598,
2014-04-22 18:02:00,40.7553,-73.9758,B02512,
2014-04-13 14:55:00,40.724,-73.9489,B02617,
2014-04-23 19:35:00,40.7408,-74.0075,B02682,
2014-04-29 18:27:00,40.7822,-73.9758,B02617,
2014-04-21 10:31:00,40.6948,-74.1773,B02598,
2014-04-17 16:43:00,40.7591,-73.9765,B02598,
2014-04-30 18:26:00,40.7306,-74.0068,B02598,
2014-04-02 06:59:00,40.6232,-74.0331,B02512,
2014-04-04 17:10:00,40.7426,-73.9922,B02682,
2014-04-15 21:31:00,40.7305,-74.0043,B02598,
2014-04-24 20:26:00,40.7717,-73.9894,B02598,
2014-04-28 13:07:00,40.7283,-74.0072,B02682,
2014-04-29 19:51:00,40.7626,-73.9698,B02598,
2014-04-23 20:22:00,40.7647,-73.9721,B02598,
2014-04-04 22:39:00,40.7325,-73.9992,B02682,
2014-04-29 04:22:00,40.7324,-74.0076,B02682,
2014-04-26 14:59:00,40.7581,-73.9646,B02682,
2014-04-12 19:03:00,40.6885,-73.9679,B02682,
2014-04-23 08:23:00,40.7597,-73.9897,B02598,
2014-04-26 17:52:00,40.7231,-74.0062,B02682,
2014-04-11 11:50:00,40.7258,-73.9946,B02682,
2014-04-10 08:26:00,40.7248,-73.9768,B02617,
2014-04-13 21:07:00,40.8297,-73.9479,B02598,
2014-04-12 21:21:00,40.7233,-74.0051,B02682,
2014-04-21 17:24:00,40.7045,-74.0079,B02598,
2014-04-02 19:48:00,40.7641,-73.9763,B02617,
2014-04-01 15:41:00,40.7448,-74.0025,B02598,
2014-04-10 18:17:00,40.7704,-73.9621,B02682,
2014-04-06 15:42:00,40.7702,-73.9687,B02512,
2014-04-20 16:49:00,40.687,-73.9945,B02598,
2014-04-26 16:49:00,40.7296,-73.9916,B02512,
2014-04-17 21:17:00,40.7636,-73.9682,B02598,
2014-04-06 17:36:00,40.6956,-73.9918,B02598,
2014-04-08 11:49:00,40.7665,-73.9843,B02682,
2014-04-09 21:32:00,40.7955,-74.4808,B02682,
2014-04-23 12:32:00,40.7226,-74.0081,B02682,
2014-04-05 22:37:00,40.7228,-74.005,B02598,
2014-04-15 16:46:00,40.7628,-73.9829,B02682,
2014-04-19 18:39:00,40.7516,-73.9865,B02682,
2014-04-17 19:05:00,40.756,-73.9742,B02617,
2014-04-24 20:59:00,40.7294,-73.9918,B02598,
2014-04-12 01:02:00,40.739,-74.0333,B02682,
2014-04-12 15:34:00,40.7277,-73.98,B02764,
2014-04-06 01:16:00,40.741,-74.0074,B02682,
2014-04-08 18:13:00,40.7303,-73.9529,B02682,
2014-04-10 18:24:00,40.7372,-73.9868,B02682,
2014-04-26 00:17:00,40.7253,-73.9841,B02598,
2014-04-07 04:12:00,40.7809,-73.9589,B02682,
2014-04-12 21:57:00,40.683,-73.9617,B02598,
2014-04-21 07:54:00,40.7352,-74.0057,B02682,
2014-04-06 15:42:00,40.7426,-74.0041,B02682,
2014-04-06 00:57:00,40.7293,-73.9871,B02682,
2014-04-06 14:57:00,40.7205,-73.9872,B02682,
2014-04-27 20:07:00,40.6691,-73.9516,B02682,
2014-04-14 06:44:00,40.7211,-74.0016,B02682,
2014-04-30 16:24:00,40.7219,-73.9874,B02682,
2014-04-08 15:41:00,41.0683,-73.7035,B02682,
2014-04-22 16:42:00,40.7317,-73.9993,B02598,
2014-04-19 12:10:00,40.7772,-73.9619,B02598,
2014-04-14 11:06:00,40.7203,-73.9962,B02617,
2014-04-22 16:44:00,40.6448,-73.7821,B02682,
2014-04-24 20:17:00,40.7699,-73.9926,B02682,
2014-04-18 21:57:00,40.7557,-73.9947,B02682,
2014-04-04 17:32:00,40.7652,-73.9701,B02617,
2014-04-20 11:57:00,40.7079,-74.0129,B02598,
2014-04-02 22:41:00,40.7484,-73.9426,B02598,
2014-04-01 20:48:00,40.7569,-73.9828,B02682,
2014-04-11 12:39:00,40.7602,-73.9808,B02617,
2014-04-27 00:25:00,40.7358,-74.0059,B02682,
2014-04-21 17:28:00,40.7563,-73.973,B02598,
2014-04-21 07:25:00,40.7048,-74.0121,B02598,
2014-04-25 17:27:00,40.7347,-74.0045,B02617,
2014-04-09 22:43:00,40.7088,-74.0112,B02682,
2014-04-13 02:47:00,40.7444,-73.9982,B02598,
2014-04-03 16:41:00,40.7271,-74.0073,B02617,
2014-04-07 23:00:00,40.7252,-73.9923,B02512,
2014-04-09 19:40:00,40.617,-73.9666,B02598,
2014-04-07 08:13:00,40.7711,-73.9615,B02682,
2014-04-07 15:25:00,40.7234,-73.9938,B02682,
2014-04-07 17:25:00,40.7424,-73.9932,B02598,
2014-04-04 11:50:00,40.7633,-73.9717,B02598,
2014-04-24 08:12:00,40.7365,-74.0062,B02598,
2014-04-05 01:32:00,40.7479,-73.988,B02682,
2014-04-27 17:46:00,40.7256,-74.0055,B02617,
2014-04-14 11:58:00,40.7733,-73.8706,B02682,
2014-04-27 01:16:00,40.7273,-73.9937,B02617,
2014-04-19 04:23:00,40.7636,-73.9637,B02598,
2014-04-17 14:44:00,40.7707,-73.9662,B02682,
2014-04-01 08:00:00,40.7694,-73.9559,B02617,
2014-04-15 20:24:00,40.742,-73.9964,B02598,
2014-04-28 21:59:00,40.7218,-73.958,B02598,
2014-04-01 21:06:00,40.7442,-73.9745,B02682,
2014-04-03 19:11:00,40.7396,-73.9927,B02682,
2014-04-10 12:30:00,40.7047,-74.0144,B02617,
2014-04-11 04:26:00,40.7231,-73.9432,B02682,
2014-04-11 11:22:00,40.7754,-73.9649,B02598,
2014-04-24 09:41:00,40.7882,-73.9534,B02598,
2014-04-29 23:10:00,40.7501,-73.9831,B02598,
2014-04-08 13:15:00,40.7597,-73.9877,B02617,
2014-04-04 19:33:00,40.6889,-73.9859,B02512,
2014-04-08 19:55:00,40.7663,-73.9604,B02598,
2014-04-29 17:32:00,40.7278,-74.0032,B02617,
2014-04-13 15:42:00,40.7295,-74.0022,B02598,
2014-04-24 21:52:00,40.7739,-73.8717,B02598,
2014-04-17 01:37:00,40.7598,-73.9001,B02598,
2014-04-01 15:40:00,40.7557,-73.973,B02598,
2014-04-10 20:32:00,40.7867,-73.9721,B02617,
2014-04-30 07:20:00,40.772,-73.9819,B02598,
2014-04-22 21:59:00,40.7437,-73.9832,B02598,
2014-04-05 17:54:00,40.7367,-73.9907,B02682,
2014-04-27 00:44:00,40.7367,-73.9867,B02598,
2014-04-26 02:46:00,40.7378,-73.9919,B02764,
2014-04-04 16:57:00,40.759,-73.9728,B02682,
2014-04-08 13:27:00,40.7331,-73.9811,B02598,
2014-04-29 06:39:00,40.7269,-73.9804,B02617,
2014-04-23 11:14:00,40.6945,-73.9932,B02682,
2014-04-28 22:10:00,40.7448,-73.9887,B02617,
2014-04-30 19:09:00,40.7511,-73.9849,B02682,
2014-04-22 20:30:00,40.7341,-73.9933,B02598,
2014-04-18 20:43:00,40.7177,-73.9558,B02598,
2014-04-03 18:57:00,40.7511,-73.9826,B02598,
2014-04-30 13:23:00,40.7217,-74.0043,B02682,
2014-04-10 04:58:00,40.6638,-73.9857,B02682,
2014-04-05 23:29:00,40.7528,-73.9775,B02682,
2014-04-25 00:49:00,40.682,-73.9224,B02598,
2014-04-19 11:24:00,40.7653,-73.9875,B02682,
2014-04-17 17:36:00,40.7264,-73.996,B02617,
2014-04-05 00:02:00,40.722,-74.004,B02682,
2014-04-02 12:14:00,40.7385,-73.9855,B02682,
2014-04-22 18:39:00,40.7452,-73.9949,B02682,
2014-04-10 21:00:00,40.7402,-73.9886,B02598,
2014-04-09 06:34:00,40.7165,-74.0065,B02682,
2014-04-03 11:53:00,40.779,-73.9559,B02682,
2014-04-15 21:30:00,40.7165,-74.0098,B02617,
2014-04-20 22:53:00,40.771,-73.8659,B02682,
2014-04-30 02:56:00,40.759,-73.9725,B02598,
2014-04-14 13:22:00,40.7376,-74.0088,B02682,
2014-04-25 22:32:00,40.7275,-74.0006,B02617,
2014-04-04 18:09:00,40.721,-74.0042,B02682,
2014-04-21 08:55:00,40.7636,-73.9791,B02617,
2014-04-12 17:27:00,40.7928,-73.9193,B02682,
2014-04-05 17:43:00,40.8036,-73.9649,B02682,
2014-04-03 07:32:00,40.7405,-74.0002,B02682,
2014-04-06 07:25:00,40.684,-73.9793,B02682,
2014-04-02 12:12:00,40.7347,-73.9845,B02682,
2014-04-30 20:54:00,40.7582,-73.9897,B02682,
2014-04-06 07:48:00,40.7432,-73.9932,B02598,
2014-04-05 15:28:00,40.7465,-73.9818,B02598,
2014-04-16 12:03:00,40.7562,-73.9726,B02598,
2014-04-17 20:34:00,40.7562,-73.9678,B02512,
2014-04-08 23:49:00,40.753,-73.9893,B02617,
2014-04-25 16:23:00,40.6511,-73.9274,B02682,
2014-04-22 20:19:00,40.7197,-73.9869,B02617,
2014-04-16 14:32:00,40.7253,-73.9951,B02617,
2014-04-13 15:33:00,40.7404,-73.9946,B02617,
2014-04-11 08:25:00,40.6467,-73.7896,B02617,
2014-04-02 07:12:00,40.7719,-73.9519,B02682,
2014-04-24 19:04:00,40.7171,-74.0091,B02598,
2014-04-17 09:21:00,40.7145,-73.9444,B02598,
2014-04-06 18:06:00,40.7582,-73.9762,B02598,
2014-04-17 11:25:00,40.788,-73.9711,B02617,
2014-04-13 15:31:00,40.775,-73.9821,B02682,
2014-04-01 19:05:00,40.7396,-73.983,B02682,
2014-04-09 18:08:00,40.6463,-73.777,B02682,
2014-04-13 10:11:00,40.7559,-73.9679,B02682,
2014-04-24 06:44:00,40.7481,-74.0051,B02598,
2014-04-01 21:05:00,40.7739,-73.8726,B02617,
2014-04-25 01:32:00,40.7208,-73.9977,B02598,
2014-04-22 16:16:00,40.7438,-74.0026,B02682,
2014-04-21 07:15:00,40.7708,-73.8657,B02682,
2014-04-11 19:22:00,40.7189,-73.9847,B02682,
2014-04-27 10:52:00,40.6951,-74.1782,B02682,
2014-04-16 14:50:00,40.7628,-73.9783,B02682,
2014-04-20 18:44:00,40.7318,-73.9935,B02682,
2014-04-11 12:10:00,40.7224,-73.9548,B02617,
2014-04-03 21:10:00,40.7429,-74.0078,B02617,
2014-04-24 21:34:00,40.7588,-73.977,B02682,
2014-04-13 22:55:00,40.782,-73.9462,B02598,
2014-04-23 16:59:00,40.7742,-73.981,B02598,
2014-04-15 09:27:00,40.7697,-73.9841,B02598,
2014-04-14 16:09:00,40.7267,-73.9794,B02598,
2014-04-03 12:57:00,40.7748,-73.9585,B02764,
2014-04-30 10:37:00,40.7564,-73.9724,B02598,
2014-04-03 20:26:00,40.605,-73.9595,B02598,
2014-04-23 16:06:00,40.7753,-73.9836,B02617,
2014-04-30 15:00:00,40.7417,-73.9852,B02682,
2014-04-30 19:18:00,40.7057,-73.9335,B02682,
2014-04-17 18:24:00,40.7674,-73.9837,B02682,
2014-04-30 14:16:00,40.808,-73.9638,B02598,
2014-04-19 18:25:00,40.7227,-73.9983,B02617,
2014-04-06 01:12:00,40.7442,-74.0068,B02682,
2014-04-21 08:18:00,40.7202,-74.0024,B02617,
2014-04-18 20:22:00,40.7257,-74.0054,B02682,
2014-04-18 22:20:00,40.7667,-73.9512,B02598,
2014-04-19 00:54:00,40.7189,-73.9564,B02598,
2014-04-02 22:16:00,40.7588,-73.9788,B02617,
2014-04-05 09:52:00,40.7386,-73.974,B02682,
2014-04-02 07:28:00,40.7382,-73.9999,B02682,
2014-04-24 20:50:00,40.7261,-73.9918,B02512,
2014-04-15 23:41:00,40.7192,-73.9924,B02682,
2014-04-09 17:22:00,40.7492,-73.994,B02682,
2014-04-01 06:43:00,40.7505,-73.9737,B02598,
2014-04-03 17:58:00,40.6452,-73.9661,B02617,
2014-04-05 23:49:00,40.7255,-73.9971,B02598,
2014-04-02 10:05:00,40.7312,-73.9592,B02598,
2014-04-05 09:38:00,40.7372,-73.987,B02598,
2014-04-04 08:10:00,40.7617,-73.979,B02598,
2014-04-15 18:30:00,40.7427,-73.9968,B02682,
2014-04-18 21:08:00,40.7353,-74.0033,B02617,
2014-04-13 09:43:00,40.6421,-73.9772,B02617,
2014-04-18 07:23:00,40.7091,-74.0153,B02598,
2014-04-01 19:58:00,40.6878,-73.9151,B02598,
2014-04-26 19:48:00,40.6678,-73.9764,B02598,
2014-04-28 15:42:00,40.7553,-73.987,B02682,
2014-04-17 22:24:00,40.7356,-73.9982,B02682,
2014-04-08 13:46:00,40.7235,-73.9809,B02682,
2014-04-14 17:30:00,40.7558,-73.9844,B02598,
2014-04-28 19:40:00,40.7597,-73.9855,B02617,
2014-04-06 01:24:00,40.7206,-73.995,B02598,
2014-04-09 16:51:00,40.7189,-74.0088,B02682,
2014-04-20 12:04:00,40.7215,-74.0048,B02682,
2014-04-16 21:51:00,40.7348,-74.0444,B02598,
2014-04-15 19:36:00,40.7589,-73.9769,B02598,
2014-04-08 10:03:00,40.7609,-73.9753,B02617,
2014-04-08 08:34:00,40.7508,-74.0017,B02682,
2014-04-05 14:30:00,40.7146,-73.9973,B02617,
2014-04-04 07:56:00,40.7127,-73.9659,B02512,
2014-04-04 20:04:00,40.6817,-73.9899,B02682,
2014-04-30 11:29:00,40.7239,-73.9926,B02598,
2014-04-20 00:43:00,40.7184,-73.9979,B02682,
2014-04-26 21:05:00,40.6483,-73.7827,B02617,
2014-04-14 23:32:00,40.648,-73.9096,B02682,
2014-04-11 19:25:00,40.7314,-73.9856,B02682,
2014-04-27 01:33:00,40.6945,-73.9308,B02682,
2014-04-10 09:22:00,40.7566,-73.9747,B02512,
2014-04-12 19:32:00,40.7198,-73.9985,B02598,
2014-04-06 16:45:00,40.7302,-73.9911,B02682,
2014-04-19 01:34:00,40.7081,-73.9523,B02617,
2014-04-16 19:08:00,40.7416,-73.9937,B02617,
2014-04-03 16:45:00,40.6752,-73.989,B02598,
2014-04-30 18:42:00,40.7453,-74.0078,B02617,
2014-04-26 12:30:00,40.7985,-73.9692,B02598,
2014-04-14 19:34:00,40.7613,-73.9667,B02682,
2014-04-27 00:29:00,40.7213,-73.9989,B02598,
2014-04-03 15:24:00,40.7345,-73.986,B02682,
2014-04-05 04:59:00,40.7378,-73.9827,B02682,
2014-04-29 21:21:00,40.7217,-73.9977,B02598,
2014-04-17 16:56:00,40.7596,-73.9743,B02598,
2014-04-05 18:59:00,40.7227,-73.9981,B02598,
2014-04-30 06:03:00,40.7528,-73.9715,B02598,
2014-04-18 23:15:00,40.7407,-74.0045,B02682,
2014-04-14 06:22:00,40.7509,-73.9706,B02512,
2014-04-05 13:11:00,40.6979,-73.9708,B02617,
2014-04-24 20:36:00,40.7566,-73.977,B02598,
2014-04-01 15:53:00,40.7645,-73.9716,B02598,
2014-04-12 17:48:00,40.715,-74.0112,B02682,
2014-04-23 05:37:00,40.7269,-73.9798,B02598,
2014-04-29 17:58:00,40.7581,-73.9826,B02598,
2014-04-27 18:26:00,40.692,-73.9607,B02682,
2014-04-18 22:15:00,40.7297,-73.9997,B02617,
2014-04-12 22:01:00,40.7629,-73.9894,B02598,
2014-04-01 12:51:00,40.749,-74.0029,B02512,
2014-04-07 06:07:00,40.6931,-73.8285,B02682,
2014-04-13 18:07:00,40.7608,-73.9963,B02682,
2014-04-07 19:35:00,40.7783,-73.9555,B02682,
2014-04-25 20:53:00,40.777,-73.9477,B02682,
2014-04-30 09:15:00,40.799,-73.9706,B02617,
2014-04-27 00:22:00,40.7445,-74.0062,B02617,
2014-04-21 21:21:00,40.7619,-73.9735,B02682,
2014-04-18 07:35:00,40.7294,-74.0034,B02598,
2014-04-30 22:06:00,40.7584,-73.9837,B02512,
2014-04-25 14:32:00,40.7804,-73.9573,B02512,
2014-04-17 16:17:00,40.805,-73.9091,B02682,
2014-04-22 18:13:00,40.7678,-73.9915,B02598,
2014-04-10 21:08:00,40.7588,-73.9856,B02682,
2014-04-03 14:52:00,40.7757,-73.9897,B02682,
2014-04-17 18:28:00,40.7079,-74.0085,B02682,
2014-04-18 21:47:00,40.705,-73.9335,B02617,
2014-04-14 04:10:00,40.7469,-73.9901,B02598,
2014-04-03 22:30:00,40.7548,-73.9869,B02617,
2014-04-19 15:49:00,40.7669,-73.9565,B02512,
2014-04-23 19:43:00,40.7099,-74.0071,B02598,
2014-04-12 15:38:00,40.7869,-73.9556,B02682,
2014-04-16 09:17:00,40.7174,-73.9631,B02682,
2014-04-30 18:54:00,40.7687,-73.8631,B02598,
2014-04-29 21:11:00,40.7199,-74.0071,B02512,
2014-04-12 02:44:00,40.7492,-73.9942,B02598,
2014-04-24 17:33:00,40.7609,-73.9797,B02682,
2014-04-21 11:23:00,40.7137,-73.9516,B02617,
2014-04-07 19:19:00,40.7263,-74.0057,B02512,
2014-04-29 16:47:00,40.7267,-74.0073,B02764,
2014-04-01 09:49:00,40.7499,-73.9751,B02617,
2014-04-07 09:38:00,40.7262,-73.9784,B02682,
2014-04-13 15:15:00,40.7648,-73.9706,B02682,
2014-04-04 07:49:00,40.7117,-74.0083,B02682,
2014-04-01 23:06:00,40.6949,-74.1781,B02617,
2014-04-24 18:27:00,40.7263,-74.009,B02598,
2014-04-21 09:08:00,40.7524,-74.0043,B02617,
2014-04-12 17:23:00,40.7614,-73.9999,B02682,
2014-04-29 14:44:00,40.7407,-73.986,B02682,
2014-04-28 19:40:00,40.7282,-73.993,B02617,
2014-04-10 22:06:00,40.6853,-73.9807,B02617,
2014-04-30 12:42:00,40.7412,-74.0019,B02598,
2014-04-24 08:05:00,40.7666,-73.9689,B02682,
2014-04-03 19:49:00,40.7619,-73.9729,B02617,
2014-04-14 23:01:00,40.7677,-73.9808,B02682,
2014-04-07 20:46:00,40.7635,-73.9869,B02598,
2014-04-24 21:30:00,40.7078,-74.0126,B02682,
2014-04-05 00:29:00,40.7549,-73.994,B02682,
2014-04-04 18:21:00,40.7381,-73.9909,B02598,
2014-04-27 08:16:00,40.6938,-73.9402,B02598,
2014-04-28 21:13:00,40.7621,-73.9726,B02617,
2014-04-06 21:25:00,40.7263,-74.0019,B02598,
2014-04-09 19:59:00,40.8048,-73.9643,B02682,
2014-04-21 08:37:00,40.7368,-74.0043,B02682,
2014-04-11 15:26:00,40.7786,-73.9535,B02682,
2014-04-11 05:44:00,40.7645,-73.9775,B02512,
2014-04-22 07:50:00,40.7388,-74.0062,B02598,
2014-04-11 23:54:00,40.7581,-73.9856,B02598,
2014-04-04 10:39:00,40.7479,-73.9873,B02682,
2014-04-15 17:15:00,40.7677,-73.981,B02598,
2014-04-04 17:26:00,40.7268,-73.9998,B02598,
2014-04-17 15:39:00,40.7063,-74.009,B02682,
2014-04-25 21:45:00,40.7617,-73.9944,B02682,
2014-04-27 14:26:00,40.9424,-73.8327,B02764,
2014-04-02 20:00:00,40.7631,-73.9767,B02617,
2014-04-30 16:42:00,40.7467,-73.9818,B02617,
2014-04-24 16:27:00,40.7731,-73.8855,B02682,
2014-04-11 12:51:00,40.6462,-73.7769,B02682,
2014-04-29 19:05:00,40.7492,-73.9942,B02682,
2014-04-17 20:37:00,40.8497,-73.8854,B02598,
2014-04-14 11:21:00,40.7646,-73.9839,B02682,
2014-04-24 17:17:00,40.7493,-73.9829,B02682,
2014-04-25 18:44:00,40.7572,-73.9824,B02682,
2014-04-13 08:35:00,40.7809,-73.9727,B02617,
2014-04-14 19:29:00,40.6595,-73.9846,B02617,
2014-04-02 13:06:00,40.7068,-73.9588,B02617,
2014-04-10 13:55:00,40.6979,-73.9711,B02617,
2014-04-22 17:08:00,40.719,-74.0034,B02617,
2014-04-20 00:32:00,40.74,-74.006,B02682,
2014-04-11 16:54:00,40.7283,-73.9993,B02682,
2014-04-14 17:00:00,40.7567,-73.9825,B02617,
2014-04-04 18:29:00,40.7407,-73.9916,B02682,
2014-04-02 19:28:00,40.7142,-74.015,B02512,
2014-04-26 19:49:00,40.7387,-74.0088,B02617,
2014-04-15 04:59:00,40.7656,-73.9827,B02682,
2014-04-23 00:31:00,40.8086,-73.945,B02617,
2014-04-15 14:03:00,40.7467,-73.9901,B02682,
2014-04-29 13:44:00,40.697,-73.9647,B02598,
2014-04-04 17:41:00,40.753,-73.9837,B02682,
2014-04-04 07:30:00,40.7454,-73.9863,B02617,
2014-04-23 19:34:00,40.764,-73.9762,B02598,
2014-04-04 08:31:00,40.7881,-73.9681,B02682,
2014-04-30 16:48:00,40.7536,-73.999,B02512,
2014-04-11 20:51:00,40.7558,-73.9872,B02682,
2014-04-03 20:48:00,40.739,-73.9875,B02682,
2014-04-11 06:59:00,40.77,-73.9552,B02682,
2014-04-18 04:06:00,40.7055,-73.9256,B02598,
2014-04-27 02:31:00,40.7396,-74.0063,B02512,
2014-04-08 12:55:00,40.7197,-74.0107,B02617,
2014-04-22 09:28:00,40.6727,-74.001,B02682,
2014-04-26 17:11:00,40.7734,-73.9492,B02682,
2014-04-29 18:35:00,40.7366,-73.9953,B02598,
2014-04-12 20:32:00,40.7942,-73.9748,B02682,
2014-04-17 17:44:00,40.7659,-73.9595,B02682,
2014-04-07 12:42:00,40.6916,-73.9844,B02682,
2014-04-12 18:03:00,40.7317,-73.9992,B02617,
2014-04-22 16:15:00,40.7611,-73.9749,B02764,
2014-04-30 19:09:00,40.7557,-73.9763,B02682,
2014-04-22 07:27:00,40.7356,-74.0029,B02617,
2014-04-27 09:22:00,40.7661,-73.9768,B02682,
2014-04-29 06:51:00,40.7765,-73.9894,B02598,
2014-04-30 23:57:00,40.6463,-73.79,B02598,
2014-04-11 14:21:00,40.7604,-73.9878,B02598,
2014-04-02 13:31:00,40.7249,-73.9824,B02617,
2014-04-16 06:52:00,40.7219,-74.0,B02617,
2014-04-16 21:32:00,40.7626,-73.9833,B02598,
2014-04-09 09:10:00,40.7288,-73.9764,B02617,
2014-04-22 07:36:00,40.7431,-73.9815,B02617,
2014-04-18 18:43:00,40.7583,-73.9838,B02598,
2014-04-10 21:22:00,40.7832,-73.9592,B02617,
2014-04-03 08:41:00,40.7265,-73.9832,B02682,
2014-04-26 16:00:00,40.719,-74.0014,B02598,
2014-04-25 19:16:00,40.7764,-73.9443,B02598,
2014-04-26 06:14:00,40.77,-73.9842,B02512,
2014-04-28 12:45:00,40.758,-73.9652,B02682,
2014-04-25 18:47:00,40.7539,-73.9818,B02512,
2014-04-06 15:13:00,40.718,-73.9975,B02598,
2014-04-27 13:58:00,40.7165,-74.0087,B02617,
2014-04-01 19:13:00,40.7637,-73.975,B02764,
2014-04-06 15:53:00,40.7119,-74.2091,B02598,
2014-04-09 09:56:00,40.7636,-73.9796,B02682,
2014-04-16 08:36:00,40.756,-73.9726,B02617,
2014-04-16 08:42:00,40.7729,-73.9602,B02598,
2014-04-07 15:58:00,40.7046,-74.0105,B02682,
2014-04-05 22:54:00,40.6896,-73.9725,B02682,
2014-04-09 22:28:00,40.7291,-73.9924,B02682,
2014-04-22 20:12:00,40.7294,-73.9859,B02598,
2014-04-27 18:35:00,40.7443,-73.9876,B02598,
2014-04-05 07:27:00,40.8678,-73.9003,B02617,
2014-04-12 22:39:00,40.6935,-73.9663,B02598,
2014-04-25 06:29:00,40.6949,-74.1782,B02512,
2014-04-28 09:32:00,40.6861,-73.9708,B02598,
2014-04-15 13:19:00,40.7246,-73.9985,B02682,
2014-04-15 21:13:00,40.72,-74.0101,B02682,
2014-04-17 09:02:00,40.7283,-73.9988,B02598,
2014-04-17 20:31:00,40.7546,-73.9843,B02598,
2014-04-08 10:37:00,40.7517,-73.9938,B02512,
2014-04-14 16:19:00,40.76,-73.9742,B02682,
2014-04-06 12:23:00,40.7323,-73.9901,B02682,
2014-04-30 15:07:00,40.7457,-74.007,B02598,
2014-04-13 18:08:00,40.7524,-73.9953,B02682,
2014-04-14 18:37:00,40.7597,-73.9684,B02682,
2014-04-11 22:44:00,40.7245,-73.9874,B02598,
2014-04-30 08:28:00,40.7231,-73.9891,B02598,
2014-04-06 01:07:00,40.7272,-73.9917,B02682,
2014-04-16 10:44:00,40.7587,-73.9874,B02682,
2014-04-05 13:32:00,40.7108,-73.962,B02682,
2014-04-15 19:59:00,40.7078,-74.0099,B02682,
2014-04-20 07:14:00,40.7286,-73.9858,B02598,
2014-04-13 10:10:00,40.7741,-73.9828,B02682,
2014-04-08 05:50:00,40.7867,-73.9756,B02617,
2014-04-17 22:13:00,40.7098,-73.9478,B02682,
2014-04-03 08:55:00,40.7494,-73.9919,B02682,
2014-04-06 07:38:00,40.6536,-73.9353,B02682,
2014-04-26 12:12:00,40.74,-74.005,B02598,
2014-04-14 11:33:00,40.7537,-73.9886,B02598,
2014-04-25 22:45:00,40.7281,-73.9905,B02682,
2014-04-08 07:12:00,40.7948,-73.9726,B02617,
2014-04-26 02:07:00,40.7421,-74.004,B02598,
2014-04-19 20:33:00,40.7455,-74.0085,B02598,
2014-04-17 19:26:00,40.7368,-73.988,B02617,
2014-04-08 16:11:00,40.7209,-74.0007,B02682,
2014-04-20 15:34:00,40.7326,-74.0097,B02598,
2014-04-01 22:36:00,40.7187,-74.0049,B02617,
2014-04-26 13:31:00,40.7506,-73.9983,B02598,
2014-04-24 16:41:00,40.64,-73.9822,B02598,
2014-04-25 17:03:00,40.7689,-73.9542,B02512,
2014-04-10 15:35:00,40.672,-73.9237,B02598,
2014-04-26 15:29:00,40.7224,-74.0037,B02598,
2014-04-12 19:55:00,40.7393,-74.0014,B02682,
2014-04-15 22:24:00,40.7246,-73.9876,B02617,
2014-04-20 14:47:00,40.7379,-73.9808,B02682,
2014-04-01 18:27:00,40.7861,-73.9772,B02617,
2014-04-09 10:12:00,40.7386,-73.9975,B02682,
2014-04-03 21:31:00,40.7492,-73.984,B02682,
2014-04-29 22:01:00,40.7403,-73.9997,B02764,
2014-04-30 18:14:00,40.7748,-73.9626,B02598,
2014-04-26 22:44:00,40.7141,-73.9556,B02682,
2014-04-30 07:59:00,40.6854,-73.9642,B02598,
2014-04-28 05:30:00,40.7201,-74.0097,B02598,
2014-04-09 12:13:00,40.7219,-73.9873,B02598,
2014-04-04 02:20:00,40.7406,-74.0065,B02682,
2014-04-15 12:40:00,40.7226,-73.9978,B02682,
2014-04-30 10:19:00,40.7583,-73.9708,B02682,
2014-04-13 16:36:00,40.7718,-73.989,B02682,
2014-04-02 19:33:00,40.7374,-73.999,B02682,
2014-04-03 17:58:00,40.7642,-73.9543,B02598,
2014-04-06 00:13:00,40.7214,-73.9885,B02682,
2014-04-16 18:17:00,40.7549,-73.9865,B02682,
2014-04-16 15:16:00,40.7793,-73.9446,B02617,
2014-04-27 18:50:00,40.7295,-73.9803,B02764,
2014-04-20 20:37:00,40.764,-73.994,B02598,
2014-04-16 19:05:00,40.724,-74.0034,B02682,
2014-04-23 15:55:00,40.7161,-74.0121,B02617,
2014-04-26 20:25:00,40.7568,-73.977,B02682,
2014-04-30 16:16:00,40.7474,-73.982,B02598,
2014-04-09 17:59:00,40.7663,-73.9795,B02682,
2014-04-22 18:17:00,40.724,-73.9972,B02598,
2014-04-13 10:47:00,40.7685,-73.8625,B02617,
2014-04-30 23:42:00,40.727,-73.9839,B02598,
2014-04-30 21:57:00,40.7602,-73.9778,B02512,
2014-04-19 08:10:00,40.8222,-73.952,B02598,
2014-04-23 12:35:00,40.7333,-74.003,B02598,
2014-04-25 20:22:00,40.7207,-74.01,B02682,
2014-04-01 19:47:00,40.782,-73.9812,B02617,
2014-04-16 20:44:00,40.7201,-73.9943,B02682,
2014-04-06 04:23:00,40.727,-73.9915,B02598,
2014-04-03 22:44:00,40.7594,-73.9723,B02682,
2014-04-26 15:12:00,40.7678,-73.9852,B02598,
2014-04-26 16:04:00,40.7714,-73.9646,B02598,
2014-04-19 20:00:00,40.7748,-73.9564,B02682,
2014-04-10 14:25:00,40.7028,-73.9907,B02682,
2014-04-30 13:53:00,40.7603,-73.9716,B02617,
2014-04-11 04:13:00,40.7259,-73.9981,B02682,
2014-04-13 14:34:00,40.7204,-73.9951,B02682,
2014-04-24 08:14:00,40.7655,-73.982,B02598,
2014-04-24 08:57:00,40.7344,-73.9938,B02682,
2014-04-07 15:50:00,40.7437,-73.9851,B02617,
2014-04-12 14:06:00,40.7453,-73.9769,B02598,
2014-04-25 09:31:00,40.7628,-73.972,B02598,
2014-04-27 21:17:00,40.7195,-73.9895,B02598,
2014-04-10 18:16:00,40.7268,-73.9999,B02682,
2014-04-05 12:42:00,40.7105,-73.9638,B02617,
2014-04-26 16:08:00,40.7528,-73.9671,B02598,
2014-04-16 21:24:00,40.7361,-73.994,B02598,
2014-04-16 14:58:00,40.7362,-73.9976,B02682,
2014-04-19 11:08:00,40.7839,-73.9543,B02682,
2014-04-30 20:22:00,40.7544,-73.9796,B02512,
2014-04-08 07:56:00,40.7348,-73.9968,B02682,
2014-04-16 20:51:00,40.8288,-73.9293,B02617,
2014-04-27 02:26:00,40.7262,-73.9894,B02598,
2014-04-12 20:10:00,40.7438,-74.0062,B02617,
2014-04-19 04:37:00,40.7614,-73.9977,B02617,
2014-04-15 13:27:00,40.6049,-73.9913,B02764,
2014-04-03 05:41:00,40.7354,-74.004,B02682,
2014-04-21 05:39:00,40.6083,-73.9074,B02682,
2014-04-21 11:35:00,40.7061,-74.006,B02682,
2014-04-19 18:00:00,40.718,-74.0125,B02598,
2014-04-23 10:07:00,40.7266,-73.9995,B02598,
2014-04-04 04:39:00,40.7649,-73.9784,B02682,
2014-04-24 12:36:00,40.7222,-73.9498,B02682,
2014-04-01 09:17:00,40.7494,-73.9915,B02617,
2014-04-12 17:25:00,40.756,-73.9905,B02682,
2014-04-30 10:23:00,40.7219,-74.0041,B02682,
2014-04-25 17:55:00,40.7304,-74.0046,B02682,
2014-04-07 17:13:00,40.7637,-73.9636,B02617,
2014-04-23 12:52:00,40.724,-73.9882,B02598,
2014-04-09 07:37:00,40.7196,-73.9995,B02682,
2014-04-24 19:59:00,40.7336,-73.9562,B02598,
2014-04-10 17:42:00,40.7505,-73.9868,B02617,
2014-04-13 20:14:00,40.7658,-73.9808,B02682,
2014-04-20 20:49:00,40.7114,-73.9512,B02682,
2014-04-30 11:42:00,40.7073,-74.0059,B02512,
2014-04-08 21:00:00,40.6467,-73.7894,B02598,
2014-04-30 06:41:00,40.764,-73.9794,B02682,
2014-04-03 16:20:00,40.75,-73.9813,B02682,
2014-04-29 19:10:00,40.7146,-73.997,B02598,
2014-04-04 12:37:00,40.7042,-73.9866,B02617,
2014-04-12 09:44:00,40.7261,-73.9962,B02598,
2014-04-23 15:08:00,40.7604,-73.9987,B02598,
2014-04-28 20:57:00,40.7114,-73.9456,B02598,
2014-04-29 17:00:00,40.7257,-74.0065,B02682,
2014-04-02 08:14:00,40.7351,-73.9975,B02617,
2014-04-07 22:41:00,40.7242,-73.9819,B02598,
2014-04-21 19:02:00,40.7562,-73.9905,B02598,
2014-04-02 09:11:00,40.7607,-73.9899,B02617,
2014-04-30 20:28:00,40.731,-73.9897,B02682,
2014-04-09 14:48:00,40.7354,-74.005,B02682,
2014-04-30 10:11:00,40.7598,-73.9788,B02682,
2014-04-20 13:55:00,40.7458,-73.9936,B02598,
2014-04-24 17:44:00,40.7489,-73.9877,B02682,
2014-04-30 07:32:00,40.6955,-73.9673,B02598,
2014-04-04 12:10:00,40.7744,-73.9456,B02682,
2014-04-03 19:10:00,40.7617,-73.9728,B02512,
2014-04-16 14:41:00,40.7637,-73.9737,B02598,
2014-04-26 23:03:00,40.7429,-74.0077,B02598,
2014-04-28 22:14:00,40.7224,-73.9976,B02598,
2014-04-25 20:14:00,40.7139,-73.9578,B02598,
2014-04-04 18:49:00,40.7207,-74.0009,B02598,
2014-04-11 18:38:00,40.7341,-73.8711,B02598,
2014-04-23 07:35:00,40.7719,-73.9816,B02598,
2014-04-05 21:15:00,40.7313,-73.9939,B02617,
2014-04-24 19:36:00,40.7558,-73.9748,B02598,
2014-04-21 22:22:00,40.768,-73.9859,B02598,
2014-04-17 15:24:00,40.731,-73.9914,B02682,
2014-04-27 00:53:00,40.7253,-73.9921,B02682,
2014-04-29 19:15:00,40.7667,-73.9827,B02617,
2014-04-19 23:31:00,40.7173,-74.0049,B02617,
2014-04-11 21:01:00,40.7643,-73.9732,B02764,
2014-04-13 00:19:00,40.7176,-73.9914,B02617,
2014-04-03 15:14:00,40.7592,-73.9704,B02682,
2014-04-30 23:04:00,40.77,-73.9842,B02598,
2014-04-04 21:32:00,40.7258,-73.9921,B02617,
2014-04-04 17:31:00,40.8067,-73.9606,B02598,
2014-04-25 21:57:00,40.7544,-73.9891,B02598,
2014-04-02 14:06:00,40.7866,-73.9685,B02682,
2014-04-12 00:30:00,40.7063,-74.0096,B02682,
2014-04-23 23:39:00,40.6448,-73.7826,B02617,
2014-04-09 05:24:00,40.6836,-73.9899,B02682,
2014-04-27 16:48:00,40.7291,-73.9932,B02617,
2014-04-25 21:52:00,40.713,-73.9973,B02598,
2014-04-11 15:05:00,40.7721,-73.95,B02512,
2014-04-25 15:22:00,40.7908,-73.9536,B02598,
2014-04-05 19:08:00,40.6971,-73.9686,B02682,
2014-04-15 06:26:00,40.7707,-73.9642,B02512,
2014-04-04 16:35:00,40.7403,-73.9909,B02682,
2014-04-29 13:39:00,40.8143,-73.9405,B02598,
2014-04-14 17:34:00,40.7179,-73.9896,B02764,
2014-04-10 13:50:00,40.7195,-74.0027,B02617,
2014-04-15 18:26:00,40.7563,-73.9751,B02682,
2014-04-02 16:48:00,40.7416,-73.9913,B02764,
2014-04-07 20:50:00,40.7265,-73.9847,B02682,
2014-04-07 15:33:00,40.7659,-73.9945,B02682,
2014-04-11 07:02:00,40.779,-73.9868,B02512,
2014-04-18 17:09:00,40.7249,-73.9881,B02617,
2014-04-11 13:04:00,40.7646,-73.9799,B02682,
2014-04-16 09:39:00,40.7542,-73.9902,B02598,
2014-04-18 10:07:00,40.6976,-73.931,B02682,
2014-04-26 16:42:00,40.7149,-73.9387,B02598,
2014-04-16 21:13:00,40.7599,-73.9776,B02512,
2014-04-16 14:27:00,40.7413,-74.006,B02617,
2014-04-27 02:11:00,40.7679,-73.914,B02598,
2014-04-21 06:57:00,40.6466,-73.7895,B02598,
2014-04-19 05:59:00,40.7331,-73.9864,B02598,
2014-04-12 09:23:00,40.7712,-73.9646,B02682,
2014-04-25 08:16:00,40.683,-74.0036,B02598,
2014-04-29 14:32:00,40.7654,-73.9789,B02682,
2014-04-29 15:47:00,40.7509,-73.9867,B02598,
2014-04-15 17:11:00,40.743,-73.9953,B02617,
2014-04-21 08:30:00,40.7741,-73.8727,B02598,
2014-04-08 12:53:00,40.6877,-74.1819,B02598,
2014-04-12 14:57:00,40.7192,-73.9888,B02617,
2014-04-30 12:40:00,40.7643,-73.9653,B02682,
2014-04-28 22:10:00,40.7546,-73.999,B02682,
2014-04-20 21:12:00,40.7937,-73.9674,B02682,
2014-04-21 07:11:00,40.7473,-74.0014,B02682,
2014-04-23 21:09:00,40.7554,-73.9856,B02598,
2014-04-07 11:14:00,40.7163,-73.952,B02617,
2014-04-08 15:44:00,40.7021,-74.013,B02617,
2014-04-22 16:37:00,40.7789,-73.9777,B02682,
2014-04-08 07:43:00,40.6883,-73.988,B02598,
2014-04-30 20:44:00,40.7415,-74.0046,B02617,
2014-04-23 20:23:00,40.772,-73.9621,B02598,
2014-04-11 14:55:00,40.7497,-74.0024,B02682,
2014-04-17 20:46:00,40.7385,-73.9918,B02682,
2014-04-07 17:48:00,40.7293,-73.9894,B02682,
2014-04-16 12:30:00,40.7625,-73.9711,B02598,
2014-04-22 08:12:00,40.7821,-73.9596,B02512,
2014-04-05 19:36:00,40.6851,-73.91,B02682,
2014-04-01 14:04:00,40.7331,-73.9998,B02512,
2014-04-30 21:39:00,40.7433,-73.9937,B02598,
2014-04-15 14:56:00,40.757,-73.9813,B02617,
2014-04-23 19:11:00,40.7071,-74.0046,B02598,
2014-04-11 18:44:00,40.7462,-73.9946,B02598,
2014-04-29 15:18:00,40.6874,-73.99,B02598,
2014-04-07 13:48:00,40.7688,-73.9697,B02682,
2014-04-22 05:51:00,40.7249,-73.9809,B02617,
2014-04-17 21:52:00,40.7414,-74.0027,B02598,
2014-04-05 12:53:00,40.6879,-73.9698,B02617,
2014-04-26 12:33:00,40.7159,-74.0152,B02682,
2014-04-05 15:30:00,40.7378,-73.9923,B02617,
2014-04-24 14:38:00,40.7759,-73.959,B02682,
2014-04-29 22:24:00,40.7578,-73.9895,B02598,
2014-04-16 20:57:00,40.7204,-73.9939,B02598,
2014-04-10 19:50:00,40.7249,-74.0078,B02682,
2014-04-23 14:55:00,40.7209,-73.9955,B02682,
2014-04-17 22:55:00,40.7325,-73.9901,B02682,
2014-04-22 22:43:00,40.7176,-74.0127,B02682,
2014-04-01 00:26:00,40.7589,-73.9839,B02682,
2014-04-26 22:31:00,40.7197,-74.0069,B02598,
2014-04-07 20:53:00,40.7545,-73.9656,B02617,
2014-04-09 19:46:00,40.7519,-73.979,B02617,
2014-04-27 14:49:00,40.7488,-74.0007,B02682,
2014-04-17 07:14:00,40.6732,-73.9287,B02598,
2014-04-30 06:46:00,40.7784,-73.9584,B02764,
2014-04-13 21:08:00,40.7499,-73.9914,B02598,
2014-04-06 21:13:00,40.77,-73.8644,B02682,
2014-04-14 14:04:00,40.7587,-73.9727,B02682,
2014-04-23 08:29:00,40.7581,-73.9753,B02682,
2014-04-08 09:53:00,40.7355,-73.9864,B02682,
2014-04-11 22:17:00,40.7211,-74.0103,B02598,
2014-04-05 22:01:00,40.7357,-74.0071,B02682,
2014-04-09 20:36:00,40.7021,-73.9897,B02598,
2014-04-16 18:31:00,40.7758,-73.9802,B02598,
2014-04-25 14:45:00,40.6449,-73.7821,B02598,
2014-04-25 10:01:00,40.7556,-73.9818,B02598,
2014-04-12 18:44:00,40.7258,-74.0057,B02682,
2014-04-17 20:59:00,40.7349,-73.986,B02598,
2014-04-03 18:19:00,40.7505,-74.0057,B02617,
2014-04-30 17:38:00,40.7396,-73.9875,B02598,
2014-04-10 21:02:00,40.7564,-73.9736,B02598,
2014-04-08 07:08:00,40.7145,-74.01,B02617,
2014-04-26 03:28:00,40.724,-74.0043,B02617,
2014-04-15 18:23:00,40.7388,-73.9995,B02682,
2014-04-30 07:09:00,40.7481,-73.9712,B02598,
2014-04-28 16:57:00,40.715,-74.0132,B02598,
2014-04-24 17:27:00,40.744,-73.9837,B02598,
2014-04-27 00:24:00,40.7109,-74.0061,B02598,
2014-04-30 16:34:00,40.7409,-73.9927,B02682,
2014-04-28 03:37:00,40.7719,-73.9616,B02512,
2014-04-18 17:42:00,40.7443,-73.9877,B02617,
2014-04-24 21:45:00,40.7414,-73.9857,B02598,
2014-04-30 15:59:00,40.7205,-74.01,B02598,
2014-04-17 20:43:00,40.7112,-73.9653,B02598,
2014-04-17 13:25:00,40.7648,-73.9899,B02598,
2014-04-25 17:29:00,40.7524,-73.9823,B02617,
2014-04-08 07:47:00,40.7711,-73.8662,B02512,
2014-04-10 18:15:00,40.7448,-73.9838,B02598,
2014-04-20 19:13:00,40.7699,-73.8644,B02682,
2014-04-25 12:35:00,40.7482,-74.0074,B02598,
2014-04-21 21:58:00,40.7674,-73.8913,B02598,
2014-04-17 14:23:00,40.7588,-73.982,B02764,
2014-04-06 15:36:00,40.7521,-73.9798,B02598,
2014-04-30 17:46:00,40.7805,-73.9602,B02682,
2014-04-20 02:06:00,40.7438,-74.0034,B02617,
2014-04-20 17:04:00,40.7634,-73.9829,B02598,
2014-04-09 16:01:00,40.7117,-74.0083,B02682,
2014-04-26 19:44:00,40.7167,-74.0148,B02682,
2014-04-29 20:04:00,40.7515,-73.9771,B02682,
2014-04-26 17:44:00,40.7844,-73.9553,B02598,
2014-04-29 11:43:00,40.6921,-73.9534,B02598,
2014-04-04 20:07:00,40.7334,-74.0011,B02598,
2014-04-20 22:36:00,40.7591,-73.9885,B02682,
2014-04-01 11:40:00,40.7548,-73.9847,B02512,
2014-04-07 20:27:00,40.7506,-73.976,B02617,
2014-04-27 00:51:00,40.7289,-73.9923,B02598,
2014-04-01 03:44:00,40.6884,-73.9846,B02682,
2014-04-24 12:16:00,40.7414,-73.9853,B02682,
2014-04-22 16:01:00,40.7802,-73.9593,B02598,
2014-04-10 15:41:00,40.7148,-74.0024,B02682,
2014-04-05 09:50:00,40.7814,-73.9723,B02764,
2014-04-28 00:13:00,40.6948,-74.178,B02682,
2014-04-25 21:02:00,40.7212,-73.9895,B02682,
2014-04-11 21:31:00,40.7626,-73.9907,B02682,
2014-04-05 09:00:00,40.7452,-73.9862,B02682,
2014-04-25 12:32:00,40.7693,-73.9827,B02617,
2014-04-08 14:59:00,40.7856,-73.9554,B02617,
2014-04-19 00:55:00,40.7122,-74.0081,B02598,
2014-04-22 19:07:00,40.7402,-73.9895,B02598,
2014-04-15 19:05:00,40.7629,-73.972,B02617,
2014-04-26 12:44:00,40.6754,-73.9748,B02682,
2014-04-17 23:22:00,40.7361,-74.0301,B02598,
2014-04-24 15:58:00,40.7251,-74.0076,B02512,
2014-04-11 15:22:00,40.7337,-73.9879,B02682,
2014-04-18 20:01:00,40.7991,-73.9593,B02682,
2014-04-02 18:04:00,40.7226,-74.0077,B02682,
2014-04-07 21:12:00,40.7085,-74.007,B02682,
2014-04-23 12:58:00,40.7568,-73.9856,B02682,
2014-04-27 00:21:00,40.7244,-74.0045,B02598,
2014-04-26 19:48:00,40.6597,-73.988,B02682,
2014-04-03 19:52:00,40.7653,-73.9181,B02617,
2014-04-09 05:57:00,40.8721,-73.9164,B02682,
2014-04-26 12:01:00,40.7186,-73.9853,B02598,
2014-04-28 14:17:00,40.7268,-74.047,B02617,
2014-04-23 21:49:00,40.7368,-74.0001,B02512,
2014-04-14 19:02:00,40.7176,-73.9911,B02598,
2014-04-30 08:38:00,40.7653,-73.9754,B02598,
2014-04-16 16:37:00,40.7407,-73.995,B02617,
2014-04-10 10:31:00,40.7601,-73.9739,B02682,
2014-04-30 15:19:00,40.7295,-73.9983,B02598,
2014-04-18 19:34:00,40.7308,-74.001,B02682,
2014-04-06 18:56:00,40.759,-73.9882,B02682,
2014-04-30 18:35:00,40.746,-73.9819,B02512,
2014-04-04 18:17:00,40.7631,-73.9735,B02617,
2014-04-11 19:21:00,40.7399,-73.9985,B02682,
2014-04-12 15:45:00,40.7076,-74.0042,B02682,
2014-04-03 17:59:00,40.7632,-73.9687,B02598,
2014-04-24 21:45:00,40.7531,-73.9871,B02512,
2014-04-13 18:36:00,40.7225,-73.9871,B02617,
2014-04-04 13:44:00,40.7644,-73.9708,B02682,
2014-04-26 18:01:00,40.7421,-73.9893,B02598,
2014-04-22 01:44:00,40.7401,-74.006,B02598,
2014-04-17 19:58:00,40.723,-73.9968,B02617,
2014-04-22 10:20:00,40.7616,-73.9842,B02512,
2014-04-08 09:18:00,40.7228,-74.0034,B02598,
2014-04-18 04:17:00,40.7207,-74.0097,B02682,
2014-04-28 19:25:00,40.7869,-73.9757,B02682,
2014-04-29 12:53:00,40.6955,-73.9965,B02682,
2014-04-26 10:25:00,40.7781,-73.9604,B02598,
2014-04-09 18:09:00,40.7265,-74.0012,B02598,
2014-04-11 16:22:00,40.7216,-74.0764,B02682,
2014-04-25 20:46:00,40.7735,-73.9196,B02617,
2014-04-04 16:49:00,40.7695,-73.9957,B02617,
2014-04-30 17:52:00,40.7225,-74.0014,B02617,
2014-04-10 08:56:00,40.7728,-73.9615,B02617,
2014-04-14 14:30:00,40.7156,-73.9897,B02682,
2014-04-24 22:26:00,40.7741,-73.872,B02598,
2014-04-29 07:30:00,40.7531,-73.9697,B02598,
2014-04-01 20:03:00,40.7401,-73.992,B02617,
2014-04-03 05:03:00,40.722,-73.9873,B02682,
2014-04-05 09:48:00,40.7464,-73.9912,B02598,
2014-04-15 22:47:00,40.7629,-73.9655,B02617,
2014-04-04 07:14:00,40.788,-73.9737,B02617,
2014-04-07 21:12:00,40.7413,-73.9961,B02598,
2014-04-16 16:06:00,40.7623,-73.9762,B02682,
2014-04-20 13:14:00,40.7507,-74.0034,B02598,
2014-04-19 16:32:00,40.7396,-73.9952,B02617,
2014-04-17 18:37:00,40.7383,-73.974,B02598,
2014-04-23 14:11:00,40.7575,-73.9758,B02598,
2014-04-08 07:35:00,40.787,-73.9778,B02617,
2014-04-01 23:25:00,40.7554,-74.0316,B02682,
2014-04-24 21:41:00,40.7543,-73.9994,B02682,
2014-04-05 19:27:00,40.744,-73.9836,B02598,
2014-04-29 19:06:00,40.7227,-74.0047,B02598,
2014-04-10 14:35:00,40.7511,-74.0043,B02682,
2014-04-22 17:12:00,40.7511,-73.9968,B02598,
2014-04-22 08:50:00,40.7201,-73.9993,B02682,
2014-04-24 12:53:00,40.7484,-73.9394,B02598,
2014-04-20 03:07:00,40.7379,-74.009,B02682,
2014-04-02 13:24:00,40.7534,-73.9733,B02598,
2014-04-08 11:35:00,40.7605,-73.9757,B02598,
2014-04-24 10:54:00,40.6796,-73.9743,B02617,
2014-04-14 16:38:00,40.7548,-73.999,B02598,
2014-04-27 12:53:00,40.6924,-73.9686,B02598,
2014-04-29 18:25:00,40.7621,-73.9746,B02682,
2014-04-22 17:54:00,40.7539,-73.9807,B02682,
2014-04-30 20:46:00,40.741,-74.0077,B02598,
2014-04-16 21:22:00,40.7323,-73.9963,B02682,
2014-04-01 04:06:00,40.7224,-73.9983,B02617,
2014-04-02 16:23:00,40.7248,-73.9985,B02512,
2014-04-07 08:33:00,40.7472,-73.9564,B02682,
2014-04-12 12:18:00,40.7699,-73.9175,B02682,
2014-04-12 03:10:00,40.6922,-73.963,B02682,
2014-04-29 08:12:00,40.7225,-74.0035,B02682,
2014-04-26 14:44:00,40.7531,-74.0254,B02682,
2014-04-18 00:54:00,40.7459,-73.9882,B02617,
2014-04-27 10:08:00,40.727,-74.0638,B02682,
2014-04-05 23:48:00,40.7258,-74.0072,B02598,
2014-04-19 10:56:00,40.7179,-74.0106,B02682,
2014-04-25 11:53:00,40.7085,-73.999,B02682,
2014-04-22 22:51:00,40.743,-73.989,B02682,
2014-04-28 18:51:00,40.7696,-73.9846,B02682,
2014-04-05 18:36:00,40.7772,-73.9595,B02682,
2014-04-17 23:11:00,40.6837,-73.9269,B02682,
2014-04-04 15:08:00,40.7578,-73.9758,B02682,
2014-04-30 08:53:00,40.7545,-73.9955,B02617,
2014-04-12 10:39:00,40.7653,-73.9618,B02682,
2014-04-07 15:09:00,40.7652,-73.9636,B02682,
2014-04-16 15:37:00,40.7279,-74.0054,B02682,
2014-04-10 17:18:00,40.7428,-73.9849,B02598,
2014-04-13 14:28:00,40.7205,-74.0052,B02682,
2014-04-09 19:04:00,40.7191,-73.9999,B02598,
2014-04-18 22:18:00,40.7353,-74.01,B02598,
2014-04-10 07:29:00,40.7835,-73.9513,B02764,
2014-04-30 05:51:00,40.7231,-73.994,B02682,
2014-04-23 11:14:00,40.7209,-73.9841,B02598,
2014-04-01 18:04:00,40.77,-73.9591,B02682,
2014-04-25 14:19:00,40.7511,-73.9739,B02682,
2014-04-30 14:47:00,40.7526,-73.971,B02617,
2014-04-23 09:27:00,40.7471,-73.9912,B02682,
2014-04-01 08:34:00,40.7751,-73.9492,B02682,
2014-04-23 21:38:00,40.7569,-73.9757,B02617,
2014-04-24 14:31:00,40.733,-73.9862,B02598,
2014-04-26 11:05:00,40.6731,-73.9541,B02617,
2014-04-02 06:25:00,40.7338,-74.0045,B02598,
2014-04-24 18:06:00,40.7616,-73.9749,B02617,
2014-04-13 14:46:00,40.7715,-73.6808,B02682,
2014-04-08 07:20:00,40.7662,-73.964,B02682,
2014-04-05 08:00:00,40.6796,-73.9344,B02617,
2014-04-09 20:13:00,40.7309,-73.9954,B02682,
2014-04-10 12:58:00,40.7307,-73.9911,B02682,
2014-04-10 14:02:00,40.712,-74.01,B02598,
2014-04-18 17:29:00,40.7574,-73.9979,B02617,
2014-04-16 22:45:00,40.7771,-73.9891,B02512,
2014-04-27 22:19:00,40.6466,-73.7896,B02682,
2014-04-26 16:01:00,40.7601,-73.9596,B02598,
2014-04-28 20:45:00,40.8044,-73.9475,B02617,
2014-04-23 11:00:00,40.765,-73.9614,B02598,
2014-04-16 08:21:00,40.7274,-73.9793,B02682,
2014-04-17 22:25:00,40.7299,-74.0039,B02512,
2014-04-07 18:19:00,40.7257,-73.9976,B02682,
2014-04-15 21:22:00,40.6149,-73.9524,B02617,
2014-04-11 20:33:00,40.7591,-73.9824,B02598,
2014-04-24 19:19:00,40.7615,-73.9791,B02682,
2014-04-30 12:02:00,40.7785,-73.9774,B02598,
2014-04-01 17:07:00,40.7638,-73.9775,B02617,
2014-04-20 11:49:00,40.728,-73.993,B02682,
2014-04-03 20:56:00,40.7314,-74.0022,B02682,
2014-04-17 06:16:00,40.7379,-74.0064,B02617,
2014-04-02 15:19:00,40.7054,-74.0092,B02682,
2014-04-16 18:14:00,40.75,-74.0053,B02512,
2014-04-10 19:36:00,40.7594,-73.9755,B02598,
2014-04-16 07:32:00,40.6878,-74.182,B02682,
2014-04-05 15:33:00,40.6907,-73.9965,B02682,
2014-04-20 13:44:00,40.6539,-73.9645,B02682,
2014-04-18 11:44:00,40.7786,-73.9562,B02682,
2014-04-15 19:24:00,40.767,-73.9832,B02617,
2014-04-23 21:10:00,40.7275,-73.9936,B02512,
2014-04-26 23:20:00,40.7405,-74.0057,B02512,
2014-04-16 16:25:00,40.7402,-73.994,B02512,
2014-04-26 06:14:00,40.8102,-73.9454,B02617,
2014-04-03 16:45:00,40.7538,-73.9722,B02682,
2014-04-29 03:35:00,40.7536,-73.981,B02598,
2014-04-13 00:48:00,40.728,-73.959,B02598,
2014-04-04 14:51:00,40.7565,-73.9786,B02682,
2014-04-04 01:44:00,40.7716,-73.9563,B02682,
2014-04-16 23:58:00,40.7355,-73.9923,B02682,
2014-04-20 05:33:00,40.645,-73.7818,B02598,
2014-04-27 10:23:00,40.7445,-73.9562,B02598,
2014-04-16 18:27:00,40.754,-73.9862,B02512,
2014-04-10 06:30:00,40.7383,-74.0085,B02682,
2014-04-19 15:07:00,40.7751,-73.9833,B02512,
2014-04-15 17:17:00,40.7461,-73.983,B02682,
2014-04-01 05:58:00,40.7166,-74.0144,B02512,
2014-04-08 09:34:00,40.7267,-74.1604,B02598,
2014-04-24 19:24:00,40.7456,-74.0055,B02764,
2014-04-22 10:25:00,40.7222,-73.9839,B02617,
2014-04-18 18:15:00,40.7234,-73.9996,B02617,
2014-04-10 13:43:00,40.7135,-73.9894,B02512,
2014-04-10 16:32:00,40.7579,-73.9713,B02682,
2014-04-11 23:24:00,40.6906,-73.9955,B02682,
2014-04-25 15:07:00,40.7457,-73.9932,B02617,
2014-04-11 15:08:00,40.6348,-73.9617,B02617,
2014-04-13 17:51:00,40.7348,-74.0085,B02682,
2014-04-05 07:05:00,40.7591,-73.9863,B02598,
2014-04-25 23:28:00,40.7647,-73.988,B02682,
2014-04-15 07:08:00,40.733,-73.9958,B02682,
2014-04-04 15:24:00,40.7256,-73.9975,B02598,
2014-04-10 10:52:00,40.7061,-74.0131,B02682,
2014-04-12 23:09:00,40.7643,-73.9751,B02682,
2014-04-22 12:19:00,40.7731,-73.8855,B02682,
2014-04-29 09:17:00,40.7626,-73.9652,B02682,
2014-04-07 18:01:00,40.7608,-73.9861,B02512,
2014-04-23 04:13:00,40.745,-73.995,B02598,
2014-04-16 17:06:00,40.7487,-74.0382,B02598,
2014-04-16 20:19:00,40.7356,-74.0084,B02598,
2014-04-03 15:12:00,40.7138,-74.0147,B02682,
2014-04-18 15:43:00,40.7666,-73.9785,B02682,
2014-04-19 11:04:00,40.7693,-73.8997,B02617,
2014-04-30 12:20:00,40.7687,-73.9541,B02598,
2014-04-30 22:20:00,40.7546,-73.9894,B02598,
2014-04-05 10:24:00,40.7384,-73.9891,B02598,
2014-04-21 12:40:00,40.7222,-73.9995,B02617,
2014-04-08 17:24:00,40.7157,-73.9604,B02682,
2014-04-24 09:38:00,40.7171,-73.9521,B02682,
2014-04-23 18:34:00,40.7273,-73.9845,B02598,
2014-04-12 23:56:00,40.7147,-73.9912,B02617,
2014-04-28 07:01:00,40.6953,-74.1791,B02598,
2014-04-04 21:46:00,40.7582,-73.9889,B02617,
2014-04-22 06:39:00,40.7477,-73.983,B02598,
2014-04-11 23:57:00,40.7358,-74.006,B02682,
2014-04-23 22:41:00,40.6417,-73.7888,B02598,
2014-04-24 20:36:00,40.7302,-74.0067,B02598,
2014-04-22 21:56:00,40.7457,-73.9722,B02598,
2014-04-16 14:31:00,40.7376,-74.0088,B02598,
2014-04-30 18:49:00,40.7506,-73.9857,B02512,
2014-04-17 14:36:00,40.7608,-73.9682,B02617,
2014-04-25 16:20:00,40.7468,-73.9834,B02512,
2014-04-20 17:53:00,40.7703,-73.9877,B02617,
2014-04-03 08:34:00,40.7168,-74.0123,B02617,
2014-04-13 17:17:00,40.8109,-73.9608,B02682,
2014-04-08 04:57:00,40.7135,-73.7881,B02598,
2014-04-19 23:55:00,40.6858,-73.9884,B02617,
2014-04-17 23:36:00,40.7263,-74.0025,B02617,
2014-04-25 22:27:00,40.7153,-73.9134,B02617,
2014-04-12 13:27:00,40.7481,-73.977,B02682,
2014-04-08 08:09:00,40.6724,-73.9066,B02682,
2014-04-18 16:09:00,40.7517,-73.9931,B02617,
2014-04-22 05:28:00,40.7184,-73.9492,B02682,
2014-04-24 18:18:00,40.7572,-73.9741,B02598,
2014-04-30 13:35:00,40.7401,-73.9953,B02617,
2014-04-25 05:38:00,40.7205,-73.9918,B02598,
2014-04-22 19:51:00,40.7291,-73.9921,B02682,
2014-04-05 22:20:00,40.7481,-73.9928,B02598,
2014-04-10 21:14:00,40.7523,-73.9675,B02682,
2014-04-26 14:22:00,40.7663,-73.9457,B02764,
2014-04-12 16:48:00,40.742,-74.0038,B02682,
2014-04-24 21:50:00,40.7543,-73.7072,B02598,
2014-04-02 21:35:00,40.7534,-73.9783,B02598,
2014-04-09 21:54:00,40.7667,-73.9677,B02598,
2014-04-17 09:19:00,40.7362,-74.0003,B02682,
2014-04-23 18:14:00,40.7603,-73.9712,B02617,
2014-04-26 01:53:00,40.7451,-73.9786,B02617,
2014-04-07 15:05:00,40.764,-73.9704,B02617,
2014-04-30 16:19:00,40.78,-73.9843,B02598,
2014-04-02 09:51:00,40.7515,-73.9803,B02617,
2014-04-18 01:26:00,40.7587,-73.9676,B02512,
2014-04-30 06:50:00,40.6947,-74.1816,B02512,
2014-04-09 12:53:00,40.7545,-74.0296,B02598,
2014-04-25 10:39:00,40.7587,-73.9911,B02598,
2014-04-04 19:52:00,40.7648,-73.9768,B02512,
2014-04-07 11:23:00,40.7241,-74.0001,B02764,
2014-04-13 15:28:00,40.6661,-73.9644,B02682,
2014-04-10 21:26:00,40.752,-73.9951,B02598,
2014-04-16 16:01:00,40.7646,-73.9704,B02598,
2014-04-29 09:46:00,40.7711,-73.9875,B02682,
2014-04-27 05:25:00,40.7216,-73.9992,B02617,
2014-04-14 21:13:00,40.7254,-73.9841,B02617,
2014-04-28 19:38:00,40.7525,-73.9681,B02682,
2014-04-27 16:12:00,40.7236,-73.8465,B02598,
2014-04-17 18:04:00,40.7229,-74.0047,B02682,
2014-04-04 21:20:00,40.7403,-74.006,B02617,
2014-04-05 10:55:00,40.7113,-73.9596,B02598,
2014-04-01 16:16:00,40.7322,-74.0077,B02598,
2014-04-25 22:43:00,40.7168,-74.0146,B02617,
2014-04-26 01:01:00,40.7358,-74.0007,B02598,
2014-04-22 13:28:00,40.7239,-73.997,B02682,
2014-04-26 17:06:00,40.7428,-73.9946,B02598,
2014-04-06 00:18:00,40.7403,-73.9925,B02682,
2014-04-05 16:21:00,40.7054,-73.9446,B02617,
2014-04-21 11:03:00,40.7196,-73.9972,B02682,
2014-04-20 22:05:00,40.7707,-73.8656,B02617,
2014-04-10 17:05:00,40.7686,-73.8626,B02617,
2014-04-10 18:45:00,40.7406,-74.0056,B02682,
2014-04-12 00:12:00,40.7252,-73.9842,B02598,
2014-04-25 16:04:00,40.7501,-73.9834,B02682,
2014-04-17 19:00:00,40.7639,-73.9882,B02682,
2014-04-03 22:31:00,40.763,-73.9842,B02598,
2014-04-09 18:52:00,40.764,-73.9789,B02598,
2014-04-27 13:35:00,40.7745,-73.9838,B02682,
2014-04-25 22:19:00,40.8045,-73.9476,B02617,
2014-04-13 17:05:00,40.6352,-74.0832,B02682,
2014-04-12 03:34:00,40.7221,-73.9587,B02598,
2014-04-23 10:18:00,40.7259,-74.004,B02598,
2014-04-09 13:09:00,40.6287,-73.9231,B02682,
2014-04-08 06:22:00,40.7838,-73.9802,B02598,
2014-04-10 20:01:00,40.8256,-73.9269,B02598,
2014-04-27 23:01:00,40.774,-73.8729,B02598,
2014-04-25 02:07:00,40.7172,-74.0019,B02598,
2014-04-09 08:58:00,40.7197,-73.9789,B02682,
2014-04-22 10:09:00,40.7745,-73.9846,B02682,
2014-04-23 20:39:00,40.7492,-73.9806,B02512,
2014-04-07 16:55:00,40.7075,-73.9493,B02598,
2014-04-08 20:16:00,40.7292,-74.0053,B02682,
2014-04-15 06:30:00,40.773,-73.8855,B02617,
2014-04-04 18:46:00,40.7356,-74.0017,B02598,
2014-04-08 18:15:00,40.7511,-74.0042,B02682,
2014-04-26 19:44:00,40.7305,-73.9985,B02682,
2014-04-07 07:38:00,40.7302,-73.9935,B02682,
2014-04-09 20:09:00,40.7561,-73.998,B02598,
2014-04-17 16:53:00,40.7666,-73.9784,B02682,
2014-04-30 13:43:00,40.7693,-73.9847,B02617,
2014-04-15 20:36:00,40.7389,-73.9928,B02598,
2014-04-14 08:15:00,40.6726,-73.9522,B02682,
2014-04-26 21:20:00,40.7094,-74.011,B02682,
2014-04-22 04:21:00,40.7659,-73.9692,B02682,
2014-04-03 13:35:00,40.7863,-73.9776,B02512,
2014-04-15 12:48:00,40.7524,-73.9827,B02617,
2014-04-12 07:59:00,40.7833,-73.9828,B02682,
2014-04-16 18:12:00,40.7488,-73.9875,B02682,
2014-04-06 16:57:00,40.7172,-74.0062,B02598,
2014-04-19 03:32:00,40.7175,-74.0002,B02598,
2014-04-04 16:38:00,40.8996,-73.9011,B02682,
2014-04-11 01:59:00,40.7488,-73.9738,B02682,
2014-04-13 17:18:00,40.7826,-73.9589,B02598,
2014-04-15 16:41:00,40.722,-73.9888,B02598,
2014-04-12 13:28:00,40.6747,-74.016,B02598,
2014-04-05 19:35:00,40.7667,-73.9789,B02617,
2014-04-23 17:54:00,40.6862,-73.9993,B02682,
2014-04-12 13:10:00,40.7353,-74.0049,B02512,
2014-04-23 20:49:00,40.7273,-73.9953,B02617,
2014-04-04 14:05:00,40.7424,-73.9928,B02764,
2014-04-24 19:10:00,40.7513,-73.9759,B02617,
2014-04-07 17:22:00,40.7284,-74.0071,B02682,
2014-04-24 19:57:00,40.7602,-73.9724,B02682,
2014-04-15 17:32:00,40.7753,-73.9905,B02617,
2014-04-30 11:09:00,40.759,-73.9764,B02598,
2014-04-10 06:25:00,40.7287,-73.9558,B02617,
2014-04-13 14:44:00,40.6163,-73.9522,B02682,
2014-04-03 16:49:00,40.7556,-73.9709,B02598,
2014-04-05 00:23:00,40.7926,-73.9645,B02617,
2014-04-29 23:08:00,40.7342,-73.9988,B02617,
2014-04-30 09:11:00,40.7891,-73.9666,B02682,
2014-04-25 18:38:00,40.724,-73.9902,B02682,
2014-04-26 13:58:00,40.7563,-73.9745,B02598,
2014-04-10 13:22:00,40.764,-73.9717,B02682,
2014-04-18 04:48:00,40.7584,-73.9727,B02617,
2014-04-06 00:59:00,40.7605,-73.9621,B02682,
2014-04-26 21:16:00,40.7718,-73.989,B02682,
2014-04-06 17:49:00,40.6462,-73.7769,B02682,
2014-04-25 18:41:00,40.7717,-73.9888,B02682,
2014-04-04 17:07:00,40.7569,-73.9753,B02682,
2014-04-15 11:32:00,40.7768,-73.9618,B02682,
2014-04-04 19:55:00,40.756,-74.0023,B02598,
2014-04-21 06:32:00,40.7245,-73.9785,B02682,
2014-04-13 11:51:00,40.763,-73.972,B02617,
2014-04-25 10:35:00,40.745,-74.005,B02682,
2014-04-03 16:37:00,40.7591,-74.0358,B02598,
2014-04-22 08:51:00,40.7665,-73.9687,B02617,
2014-04-20 22:08:00,40.7434,-74.0075,B02512,
2014-04-24 19:15:00,40.7532,-73.9781,B02682,
2014-04-13 02:51:00,40.7295,-73.9879,B02682,
2014-04-04 20:11:00,40.7817,-73.9551,B02617,
2014-04-23 20:06:00,40.7523,-73.9839,B02598,
2014-04-04 23:02:00,40.7425,-74.0042,B02682,
2014-04-17 21:18:00,40.6693,-73.8787,B02682,
2014-04-12 16:06:00,40.7887,-73.9552,B02682,
2014-04-21 04:50:00,40.738,-73.9921,B02682,
2014-04-01 07:51:00,40.7333,-74.0053,B02617,
2014-04-05 19:11:00,40.7134,-73.9618,B02617,
2014-04-04 05:47:00,40.7074,-74.0072,B02682,
2014-04-12 15:43:00,40.7667,-73.9692,B02598,
2014-04-30 19:40:00,40.7528,-73.9733,B02682,
2014-04-03 16:53:00,40.7765,-73.962,B02682,
2014-04-28 09:15:00,40.692,-73.9648,B02682,
2014-04-10 16:30:00,40.7642,-73.9739,B02512,
2014-04-15 14:12:00,40.774,-73.9813,B02682,
2014-04-15 16:31:00,40.7414,-73.9999,B02598,
2014-04-07 11:23:00,40.7569,-73.9675,B02682,
2014-04-08 08:13:00,40.7349,-73.9889,B02682,
2014-04-15 16:45:00,40.7703,-73.9834,B02598,
2014-04-20 15:51:00,40.7682,-73.862,B02682,
2014-04-12 22:47:00,40.6645,-73.9551,B02682,
2014-04-03 05:49:00,40.7119,-73.9494,B02598,
2014-04-11 14:36:00,40.7748,-73.9911,B02682,
2014-04-26 14:55:00,40.7511,-73.9716,B02617,
2014-04-02 18:27:00,40.7523,-73.9733,B02682,
2014-04-10 08:32:00,40.7732,-73.9624,B02682,
2014-04-04 17:31:00,40.7457,-73.9943,B02598,
2014-04-08 07:04:00,40.6744,-74.0167,B02617,
2014-04-26 20:40:00,40.7399,-73.9827,B02682,
2014-04-23 15:14:00,40.7741,-73.8725,B02682,
2014-04-16 15:34:00,40.7788,-73.9581,B02764,
2014-04-04 14:31:00,40.7665,-73.9917,B02617,
2014-04-30 12:33:00,40.7554,-73.9868,B02598,
2014-04-13 21:42:00,40.646,-73.7765,B02682,
2014-04-07 14:52:00,40.6913,-73.9844,B02682,
2014-04-07 20:41:00,40.7291,-74.0025,B02598,
2014-04-03 13:15:00,40.7355,-73.9966,B02598,
2014-04-09 08:14:00,40.7367,-73.9787,B02512,
2014-04-14 15:49:00,40.7513,-73.9828,B02617,
2014-04-28 17:12:00,40.7116,-74.006,B02598,
2014-04-28 12:54:00,40.8667,-73.9229,B02617,
2014-04-03 22:55:00,40.738,-74.0094,B02598,
2014-04-10 18:58:00,40.7559,-73.9746,B02598,
2014-04-09 23:45:00,40.7543,-73.9883,B02598,
2014-04-12 12:46:00,40.7494,-73.9841,B02598,
2014-04-30 11:00:00,40.7516,-73.976,B02682,
2014-04-10 14:23:00,40.7434,-74.007,B02598,
2014-04-20 16:02:00,40.8332,-73.9797,B02682,
2014-04-10 18:48:00,40.6484,-73.783,B02682,
2014-04-30 15:35:00,40.7852,-73.9577,B02598,
2014-04-12 18:20:00,40.7376,-73.9898,B02512,
2014-04-30 16:03:00,40.7861,-73.953,B02512,
2014-04-06 08:14:00,40.6846,-73.9258,B02682,
2014-04-06 00:13:00,40.7275,-73.9851,B02682,
2014-04-11 21:08:00,40.8262,-73.9246,B02682,
2014-04-10 06:40:00,40.7215,-74.0106,B02598,
2014-04-03 12:41:00,40.7025,-73.9889,B02512,
2014-04-18 18:42:00,40.7218,-73.992,B02598,
2014-04-14 16:50:00,40.762,-73.9717,B02682,
2014-04-30 00:59:00,40.7668,-73.9865,B02682,
2014-04-10 21:09:00,40.7556,-73.9872,B02617,
2014-04-13 13:26:00,40.762,-73.9718,B02617,
2014-04-12 22:05:00,40.7366,-73.9907,B02682,
2014-04-27 16:43:00,40.7492,-73.9903,B02598,
2014-04-07 10:26:00,40.759,-73.9859,B02682,
2014-04-27 20:37:00,40.6976,-73.9359,B02682,
2014-04-18 22:23:00,40.7354,-73.9981,B02617,
2014-04-15 07:42:00,40.7693,-73.9815,B02598,
2014-04-25 14:22:00,40.7558,-73.9755,B02598,
2014-04-16 16:53:00,40.7636,-73.9752,B02682,
2014-04-03 00:38:00,40.7005,-73.9935,B02682,
2014-04-08 09:24:00,40.6696,-73.9802,B02682,
2014-04-29 17:23:00,40.7486,-74.0083,B02682,
2014-04-05 23:07:00,40.743,-74.0043,B02598,
2014-04-05 11:39:00,40.7578,-73.9789,B02598,
2014-04-03 20:02:00,40.7483,-73.9882,B02682,
2014-04-01 18:15:00,40.7257,-74.0035,B02682,
2014-04-12 18:56:00,40.7462,-73.9685,B02617,
2014-04-27 00:07:00,40.682,-73.9635,B02598,
2014-04-24 19:43:00,40.7598,-73.9998,B02682,
2014-04-28 21:35:00,40.7517,-73.9876,B02682,
2014-04-24 21:17:00,40.7245,-73.997,B02682,
2014-04-15 13:00:00,40.7211,-73.9877,B02598,
2014-04-11 23:51:00,40.7576,-73.9784,B02512,
2014-04-12 00:14:00,40.7237,-73.9994,B02682,
2014-04-30 15:51:00,40.7497,-73.9752,B02598,
2014-04-13 18:27:00,40.6857,-73.9743,B02682,
2014-04-30 21:17:00,40.7252,-73.997,B02682,
2014-04-11 13:58:00,40.7355,-74.0045,B02682,
2014-04-12 18:54:00,40.7561,-73.9748,B02617,
2014-04-21 17:41:00,40.7251,-73.9956,B02682,
2014-04-09 19:46:00,40.7446,-73.9948,B02598,
2014-04-16 17:40:00,40.7411,-73.9845,B02682,
2014-04-24 14:12:00,40.759,-73.9725,B02682,
2014-04-15 17:37:00,40.7517,-73.9824,B02682,
2014-04-02 11:14:00,40.7055,-74.0103,B02598,
2014-04-01 17:16:00,40.7598,-73.9745,B02598,
2014-04-11 09:11:00,40.7661,-73.9518,B02617,
2014-04-23 20:23:00,40.7388,-73.9883,B02598,
2014-04-21 09:10:00,40.7814,-73.9835,B02598,
2014-04-14 21:46:00,40.6742,-73.7299,B02682,
2014-04-29 23:09:00,40.6895,-73.9514,B02682,
2014-04-23 22:30:00,40.7194,-74.0068,B02682,
2014-04-06 20:24:00,40.7022,-73.9867,B02682,
2014-04-23 06:33:00,40.8009,-73.9612,B02682,
2014-04-04 18:42:00,40.7585,-73.9725,B02598,
2014-04-04 22:55:00,40.7265,-74.0024,B02598,
2014-04-03 18:27:00,40.7177,-74.0032,B02682,
2014-04-12 18:10:00,40.7516,-73.9804,B02682,
2014-04-26 03:27:00,40.7205,-74.001,B02617,
2014-04-26 15:31:00,40.7733,-73.9664,B02598,
2014-04-11 23:53:00,40.7143,-73.9975,B02598,
2014-04-10 20:01:00,40.7576,-73.9739,B02512,
2014-04-03 08:14:00,40.7596,-73.9816,B02682,
2014-04-25 18:06:00,40.7255,-74.0043,B02682,
2014-04-06 12:22:00,40.7648,-73.9684,B02682,
2014-04-10 15:47:00,40.7548,-73.9763,B02617,
2014-04-25 14:30:00,40.7259,-73.9928,B02598,
2014-04-04 05:48:00,40.7221,-73.9413,B02598,
2014-04-01 05:41:00,40.683,-73.9911,B02617,
2014-04-06 19:22:00,40.7706,-73.8654,B02512,
2014-04-11 17:31:00,40.7591,-73.9766,B02617,
2014-04-04 18:50:00,40.759,-73.9705,B02598,
2014-04-25 08:39:00,40.7591,-73.9608,B02682,
2014-04-24 19:33:00,40.7618,-73.9792,B02617,
2014-04-30 21:35:00,40.6709,-73.9815,B02682,
2014-04-03 22:17:00,40.7343,-74.0031,B02598,
2014-04-06 15:02:00,40.7581,-73.9683,B02682,
2014-04-04 10:43:00,40.7203,-73.9562,B02617,
2014-04-02 21:29:00,40.7641,-73.9732,B02617,
2014-04-03 17:20:00,40.7394,-73.9953,B02682,
2014-04-18 12:15:00,40.8065,-73.953,B02617,
2014-04-24 15:57:00,40.7709,-73.8659,B02598,
2014-04-07 17:25:00,40.7803,-73.9596,B02512,
2014-04-30 08:43:00,40.7412,-73.9928,B02598,
2014-04-15 20:29:00,40.7732,-73.8857,B02598,
2014-04-23 18:40:00,40.7469,-74.0079,B02598,
2014-04-06 17:49:00,40.6818,-73.9682,B02598,
2014-04-09 07:10:00,40.7372,-74.0038,B02617,
2014-04-04 22:28:00,40.6355,-73.9562,B02617,
2014-04-04 16:39:00,40.7636,-73.9722,B02617,
2014-04-09 10:44:00,40.7605,-73.9737,B02512,
2014-04-04 20:48:00,40.7393,-73.9932,B02617,
2014-04-17 16:15:00,40.6147,-74.0242,B02682,
2014-04-16 08:51:00,40.711,-73.9604,B02598,
2014-04-20 12:39:00,40.774,-73.8723,B02617,
2014-04-26 21:16:00,40.7851,-73.9557,B02598,
2014-04-04 07:48:00,40.7483,-73.9389,B02682,
2014-04-15 12:00:00,40.6807,-73.958,B02598,
2014-04-15 20:46:00,40.7911,-73.9746,B02682,
2014-04-18 03:46:00,40.7789,-73.9845,B02598,
2014-04-16 18:14:00,40.6746,-73.9736,B02598,
2014-04-17 19:18:00,40.7246,-73.9956,B02512,
2014-04-18 18:34:00,40.7244,-73.9977,B02682,
2014-04-08 08:35:00,40.7616,-74.0002,B02682,
2014-04-28 15:22:00,40.7622,-73.9745,B02598,
2014-04-22 13:06:00,40.7213,-73.9438,B02682,
2014-04-16 19:00:00,40.7639,-73.9761,B02598,
2014-04-29 22:30:00,40.7738,-73.8714,B02617,
2014-04-23 12:59:00,40.7581,-73.9891,B02617,
2014-04-21 14:47:00,40.7483,-73.9765,B02598,
2014-04-10 19:11:00,40.7559,-73.9751,B02598,
2014-04-01 07:39:00,40.7202,-73.9993,B02598,
2014-04-07 17:24:00,40.7646,-73.966,B02682,
2014-04-29 20:51:00,40.7439,-73.9879,B02682,
2014-04-01 04:52:00,40.7254,-73.9895,B02682,
2014-04-09 15:03:00,40.7581,-73.9736,B02682,
2014-04-05 23:42:00,40.6882,-73.9628,B02598,
2014-04-19 10:30:00,40.7601,-73.972,B02682,
2014-04-30 14:27:00,40.7492,-74.0038,B02512,
2014-04-07 13:56:00,40.7428,-73.9946,B02682,
2014-04-27 21:19:00,40.7434,-73.9842,B02617,
2014-04-08 07:05:00,40.7649,-73.9627,B02598,
2014-04-09 15:42:00,40.7417,-73.9933,B02598,
2014-04-03 22:22:00,40.7232,-74.008,B02617,
2014-04-16 13:34:00,40.7803,-73.9613,B02682,
2014-04-24 10:33:00,40.6857,-74.0014,B02682,
2014-04-03 11:39:00,40.7371,-73.9815,B02682,
2014-04-10 21:01:00,40.7466,-74.0036,B02682,
2014-04-08 08:37:00,40.7879,-73.9778,B02682,
2014-04-18 12:57:00,40.7457,-73.9936,B02598,
2014-04-11 15:08:00,40.7645,-73.9701,B02598,
2014-04-15 14:07:00,40.7343,-73.9898,B02598,
2014-04-29 00:10:00,40.761,-73.9867,B02682,
2014-04-11 12:18:00,40.7327,-73.9958,B02512,
2014-04-07 15:26:00,40.7259,-74.005,B02598,
2014-04-20 14:58:00,40.6898,-74.1785,B02682,
2014-04-12 18:34:00,40.7375,-74.0092,B02617,
2014-04-07 14:35:00,40.7315,-73.9992,B02682,
2014-04-28 15:37:00,40.7502,-73.995,B02682,
2014-04-22 07:15:00,40.7784,-73.9489,B02682,
2014-04-27 21:19:00,40.6486,-73.7834,B02598,
2014-04-30 11:14:00,40.7633,-73.9694,B02598,
2014-04-02 17:49:00,40.7544,-73.9774,B02682,
2014-04-11 19:32:00,40.7453,-74.0044,B02682,
2014-04-23 08:42:00,40.6761,-74.0125,B02598,
2014-04-09 21:34:00,40.7555,-73.9808,B02682,
2014-04-29 13:12:00,40.7611,-73.9768,B02512,
2014-04-26 20:20:00,40.7372,-73.9792,B02682,
2014-04-18 22:00:00,40.6932,-73.9723,B02682,
2014-04-05 07:20:00,40.7428,-73.9947,B02598,
2014-04-25 10:06:00,40.7399,-73.9878,B02682,
2014-04-03 15:16:00,40.6635,-73.9948,B02682,
2014-04-12 22:32:00,40.7444,-73.9843,B02598,
2014-04-13 15:47:00,40.7178,-73.9994,B02512,
2014-04-25 07:41:00,40.7723,-73.9527,B02598,
2014-04-04 23:31:00,40.7318,-74.0008,B02617,
2014-04-29 07:43:00,40.7185,-73.9989,B02682,
2014-04-08 18:03:00,40.6869,-73.9777,B02598,
2014-04-29 07:27:00,40.734,-73.9899,B02598,
2014-04-14 20:13:00,40.7463,-73.8993,B02682,
2014-04-17 18:11:00,40.6372,-74.0356,B02682,
2014-04-15 00:17:00,40.6186,-74.0922,B02598,
2014-04-19 15:42:00,40.7359,-73.9852,B02682,
2014-04-08 12:17:00,40.7687,-73.8628,B02617,
2014-04-18 00:40:00,40.73,-74.0047,B02598,
2014-04-17 21:17:00,40.7304,-73.9926,B02598,
2014-04-04 13:34:00,40.7543,-73.9848,B02682,
2014-04-04 16:14:00,40.7292,-73.9979,B02598,
2014-04-01 20:17:00,40.7588,-73.9776,B02512,
2014-04-12 23:54:00,40.7186,-73.9886,B02682,
2014-04-25 18:42:00,40.7538,-73.9745,B02617,
2014-04-04 06:37:00,40.7444,-73.9854,B02617,
2014-04-13 08:54:00,40.6828,-73.9667,B02682,
2014-04-21 08:33:00,40.6836,-74.0028,B02617,
2014-04-12 23:35:00,40.6967,-73.983,B02598,
2014-04-21 19:43:00,40.7304,-74.0025,B02512,
2014-04-26 19:02:00,40.7656,-73.963,B02512,
2014-04-06 12:22:00,40.6599,-73.9545,B02682,
2014-04-27 22:52:00,40.7202,-73.9845,B02682,
2014-04-22 06:59:00,40.766,-73.9797,B02617,
2014-04-23 15:08:00,40.7188,-74.0027,B02598,
2014-04-25 18:15:00,40.7393,-73.9827,B02682,
2014-04-24 22:44:00,40.7676,-73.9121,B02617,
2014-04-17 11:19:00,40.7401,-73.9865,B02617,
2014-04-03 07:53:00,40.7557,-73.9921,B02598,
2014-04-19 16:08:00,40.7554,-73.9948,B02682,
2014-04-27 19:48:00,40.7518,-73.9935,B02598,
2014-04-15 15:16:00,40.7311,-74.0081,B02682,
2014-04-08 13:54:00,40.7633,-73.9669,B02598,
2014-04-07 17:57:00,40.7739,-73.8726,B02617,
2014-04-03 21:29:00,40.7191,-74.0103,B02512,
2014-04-07 13:44:00,40.7863,-73.552,B02598,
2014-04-26 18:35:00,40.7714,-73.9636,B02512,
2014-04-27 19:34:00,40.727,-73.9767,B02598,
2014-04-15 18:42:00,40.7498,-73.9801,B02682,
2014-04-15 19:53:00,40.7457,-73.9916,B02682,
2014-04-10 11:25:00,40.7198,-73.9828,B02598,
2014-04-07 18:05:00,40.7641,-73.9611,B02682,
2014-04-15 12:09:00,40.7757,-73.9605,B02682,
2014-04-18 16:51:00,40.7446,-73.9989,B02598,
2014-04-22 20:32:00,40.7632,-73.9846,B02598,
2014-04-16 21:16:00,40.7542,-73.9903,B02598,
2014-04-25 23:32:00,40.7286,-74.0054,B02682,
2014-04-12 21:56:00,40.7265,-73.9946,B02682,
2014-04-17 09:04:00,40.6936,-73.9819,B02682,
2014-04-12 09:59:00,40.7492,-73.985,B02617,
2014-04-15 20:10:00,40.7302,-74.0029,B02682,
2014-04-15 19:49:00,40.7468,-73.9859,B02617,
2014-04-08 07:44:00,40.7644,-73.9833,B02682,
2014-04-15 20:19:00,40.719,-74.0087,B02598,
2014-04-22 17:38:00,40.7702,-73.9947,B02682,
2014-04-15 21:56:00,40.7425,-73.9868,B02598,
2014-04-14 07:25:00,40.7689,-73.9608,B02598,
2014-04-10 23:57:00,40.7333,-74.0048,B02512,
2014-04-03 20:35:00,40.7926,-73.9714,B02598,
2014-04-19 21:50:00,40.728,-74.0022,B02598,
2014-04-18 20:19:00,40.7249,-74.0028,B02598,
2014-04-30 17:16:00,40.7424,-73.9929,B02512,
2014-04-05 17:02:00,40.6812,-73.9887,B02682,
2014-04-30 06:12:00,40.7793,-73.9849,B02682,
2014-04-22 20:53:00,40.6165,-74.0279,B02617,
2014-04-30 17:17:00,40.7214,-74.0101,B02682,
2014-04-09 09:43:00,40.7551,-73.9837,B02617,
2014-04-15 16:49:00,40.7603,-73.9813,B02682,
2014-04-08 14:34:00,40.7212,-74.0051,B02617,
2014-04-02 17:08:00,40.7544,-73.9987,B02598,
2014-04-20 20:30:00,40.7474,-73.9928,B02598,
2014-04-21 16:39:00,40.7563,-73.9981,B02617,
2014-04-19 20:55:00,40.7531,-73.9777,B02598,
2014-04-30 17:19:00,40.7623,-73.9714,B02598,
2014-04-03 06:03:00,40.7707,-73.9209,B02598,
2014-04-10 21:03:00,40.7287,-73.9879,B02598,
2014-04-29 12:42:00,40.7274,-74.0055,B02598,
2014-04-26 20:34:00,40.7652,-73.9751,B02682,
2014-04-22 14:33:00,40.7314,-73.9752,B02682,
2014-04-07 05:38:00,40.7422,-73.9246,B02598,
2014-04-29 14:26:00,40.7233,-74.004,B02598,
2014-04-30 03:23:00,40.709,-74.0096,B02598,
2014-04-22 17:38:00,40.7636,-73.9826,B02512,
2014-04-23 10:02:00,40.7706,-73.9626,B02682,
2014-04-30 19:03:00,40.736,-73.9765,B02598,
2014-04-29 01:27:00,40.7614,-73.9793,B02598,
2014-04-01 18:53:00,40.7567,-73.9886,B02682,
2014-04-25 19:27:00,40.7329,-73.9978,B02682,
2014-04-23 06:25:00,40.7171,-73.9934,B02598,
2014-04-04 18:07:00,40.7446,-73.9891,B02617,
2014-04-29 16:23:00,40.7353,-73.9941,B02598,
2014-04-26 01:58:00,40.7462,-73.9455,B02598,
2014-04-04 21:38:00,40.7629,-73.9758,B02682,
2014-04-10 21:03:00,40.7438,-73.9888,B02617,
2014-04-11 18:33:00,40.7612,-73.9847,B02682,
2014-04-30 12:49:00,40.7436,-73.9939,B02682,
2014-04-22 12:29:00,40.7709,-73.8659,B02598,
2014-04-15 08:49:00,40.7416,-74.0028,B02682,
2014-04-03 21:49:00,40.7383,-74.0308,B02682,
2014-04-15 19:52:00,40.7166,-74.0163,B02598,
2014-04-29 15:51:00,40.7465,-73.9695,B02512,
2014-04-19 21:30:00,40.7566,-73.9903,B02682,
2014-04-10 16:24:00,40.7446,-73.9812,B02682,
2014-04-17 23:57:00,40.7645,-73.9147,B02682,
2014-04-08 10:36:00,40.6602,-73.8305,B02682,
2014-04-25 17:49:00,40.7591,-73.9826,B02598,
2014-04-13 15:16:00,40.7443,-73.9804,B02764,
2014-04-27 12:12:00,40.7036,-74.0119,B02682,
2014-04-28 11:15:00,40.7555,-73.9764,B02682,
2014-04-21 12:50:00,40.7613,-73.9746,B02598,
2014-04-11 13:12:00,40.7484,-73.9712,B02598,
2014-04-03 17:40:00,40.7231,-73.9949,B02682,
2014-04-14 10:06:00,40.7394,-73.994,B02617,
2014-04-08 06:59:00,40.6794,-73.9923,B02598,
2014-04-24 13:20:00,40.7649,-73.9804,B02598,
2014-04-17 14:33:00,40.7184,-74.0088,B02617,
2014-04-04 18:33:00,40.7418,-73.9763,B02512,
2014-04-20 00:28:00,40.7402,-74.0057,B02682,
2014-04-23 20:08:00,40.7374,-73.999,B02512,
2014-04-10 22:24:00,40.7467,-73.9973,B02617,
2014-04-12 22:02:00,40.7634,-73.9849,B02512,
2014-04-30 06:33:00,40.7451,-73.9769,B02682,
2014-04-16 19:51:00,40.7627,-73.8141,B02598,
2014-04-24 05:27:00,40.746,-73.9962,B02598,
2014-04-13 13:47:00,40.7233,-73.9974,B02617,
2014-04-22 12:43:00,40.7332,-74.0052,B02598,
2014-04-06 01:36:00,40.7118,-73.9236,B02617,
2014-04-02 17:02:00,40.804,-73.9502,B02598,
2014-04-23 16:57:00,40.7439,-73.9839,B02598,
2014-04-17 20:17:00,40.6996,-73.9521,B02598,
2014-04-19 13:23:00,40.7483,-74.0056,B02617,
2014-04-15 18:32:00,40.766,-73.9232,B02617,
2014-04-02 14:07:00,40.7227,-74.0035,B02598,
2014-04-24 12:08:00,40.7667,-73.9786,B02682,
2014-04-23 20:34:00,40.7474,-73.9849,B02682,
2014-04-26 14:52:00,40.735,-73.9931,B02617,
2014-04-21 06:26:00,40.7633,-73.9593,B02682,
2014-04-30 16:58:00,40.7289,-74.005,B02682,
2014-04-16 15:38:00,40.7573,-73.9823,B02598,
2014-04-16 17:22:00,40.7551,-73.9797,B02682,
2014-04-25 00:22:00,40.7411,-73.9814,B02617,
2014-04-12 23:33:00,40.7207,-74.0037,B02617,
2014-04-27 12:07:00,40.7309,-74.0011,B02617,
2014-04-30 15:54:00,40.733,-73.9885,B02682,
2014-04-08 19:02:00,40.7464,-74.0087,B02682,
2014-04-30 21:27:00,40.7599,-73.9215,B02512,
2014-04-21 06:23:00,40.7375,-73.9794,B02598,
2014-04-27 00:20:00,40.7424,-74.0048,B02598,
2014-04-01 07:25:00,40.7466,-74.0074,B02682,
2014-04-18 15:32:00,40.7546,-73.8539,B02598,
2014-04-24 13:35:00,40.7555,-73.9877,B02598,
2014-04-05 18:46:00,40.6889,-73.9549,B02682,
2014-04-02 09:08:00,40.7415,-73.9238,B02682,
2014-04-09 10:35:00,40.7311,-73.9913,B02617,
2014-04-22 19:53:00,41.0152,-73.8701,B02682,
2014-04-27 00:24:00,40.758,-73.9895,B02682,
2014-04-29 09:57:00,40.7398,-73.9463,B02764,
2014-04-23 09:26:00,40.6752,-73.9772,B02617,
2014-04-07 17:18:00,40.7563,-73.9833,B02682,
2014-04-28 13:04:00,40.7685,-73.8625,B02617,
2014-04-09 07:00:00,40.7138,-73.9574,B02682,
2014-04-11 22:20:00,40.7493,-73.9768,B02598,
2014-04-02 17:28:00,40.7656,-73.9699,B02682,
2014-04-29 13:45:00,40.7723,-73.9672,B02617,
2014-04-04 18:19:00,40.7327,-73.9775,B02598,
2014-04-12 16:47:00,40.7643,-73.9739,B02598,
2014-04-28 17:20:00,40.7277,-74.0071,B02682,
2014-04-08 21:13:00,40.6462,-73.7764,B02682,
2014-04-29 14:05:00,40.7083,-74.0113,B02598,
2014-04-26 13:47:00,40.645,-73.782,B02682,
2014-04-25 05:36:00,40.7307,-74.0102,B02598,
2014-04-16 09:39:00,40.761,-73.9997,B02682,
2014-04-18 13:27:00,40.7376,-74.0082,B02512,
2014-04-30 13:01:00,40.7646,-73.977,B02682,
2014-04-19 22:39:00,40.7716,-73.9561,B02598,
2014-04-25 22:24:00,40.7406,-74.0067,B02682,
2014-04-09 10:17:00,40.7272,-73.9806,B02682,
2014-04-01 19:48:00,40.7407,-73.9798,B02598,
2014-04-17 17:18:00,40.7428,-74.0077,B02598,
2014-04-26 19:28:00,40.7156,-74.0091,B02598,
2014-04-27 14:48:00,40.7299,-73.9906,B02682,
2014-04-15 06:26:00,40.7388,-74.0088,B02682,
2014-04-08 06:44:00,40.7401,-74.006,B02512,
2014-04-07 18:07:00,40.7242,-74.0022,B02598,
2014-04-24 17:08:00,40.7953,-73.976,B02617,
2014-04-30 06:04:00,40.7038,-73.915,B02682,
2014-04-04 14:04:00,40.766,-73.9656,B02617,
2014-04-28 12:39:00,40.7547,-73.9779,B02682,
2014-04-11 22:29:00,40.7379,-73.9888,B02682,
2014-04-17 10:56:00,40.7508,-73.9829,B02682,
2014-04-27 10:00:00,40.6529,-73.9431,B02682,
2014-04-14 12:39:00,40.7929,-73.9757,B02617,
2014-04-03 07:33:00,40.7743,-73.9529,B02682,
2014-04-17 17:56:00,40.7613,-73.9758,B02682,
2014-04-10 10:00:00,41.018,-73.7111,B02598,
2014-04-19 14:37:00,40.7416,-74.0048,B02617,
2014-04-26 07:35:00,40.7415,-73.9915,B02512,
2014-04-04 18:04:00,40.7664,-73.98,B02598,
2014-04-07 14:50:00,40.7681,-73.9639,B02764,
2014-04-07 11:21:00,40.7199,-73.9988,B02682,
2014-04-10 01:36:00,40.8842,-73.9059,B02682,
2014-04-10 20:36:00,40.771,-73.866,B02598,
2014-04-12 15:16:00,40.7138,-74.009,B02598,
2014-04-07 08:04:00,40.7755,-73.9502,B02617,
2014-04-02 19:23:00,40.7117,-73.9996,B02598,
2014-04-30 10:37:00,40.7597,-73.9724,B02598,
2014-04-08 15:30:00,40.724,-73.9902,B02598,
2014-04-14 15:13:00,40.7756,-73.9609,B02682,
2014-04-30 18:11:00,40.7634,-73.9752,B02598,
2014-04-13 09:42:00,40.7897,-73.9738,B02617,
2014-04-23 16:34:00,40.7635,-73.9792,B02598,
2014-04-13 04:02:00,40.7557,-73.984,B02682,
2014-04-30 13:58:00,40.697,-73.9932,B02617,
2014-04-04 01:51:00,40.7233,-73.9505,B02682,
2014-04-17 22:08:00,40.7618,-73.978,B02682,
2014-04-20 12:13:00,40.7338,-73.9982,B02682,
2014-04-10 05:28:00,40.758,-73.973,B02598,
2014-04-15 18:17:00,40.7626,-73.9743,B02617,
2014-04-25 06:14:00,40.7239,-73.9783,B02682,
2014-04-30 17:28:00,40.7623,-73.9743,B02598,
2014-04-17 00:11:00,40.6239,-73.9386,B02617,
2014-04-26 11:40:00,40.7375,-73.9954,B02512,
2014-04-10 13:53:00,40.7654,-73.9722,B02682,
2014-04-17 07:52:00,40.7553,-73.9814,B02617,
2014-04-16 18:58:00,40.7193,-73.9878,B02682,
2014-04-29 21:39:00,40.7232,-73.9975,B02617,
2014-04-30 21:36:00,40.7473,-73.9822,B02682,
2014-04-24 17:48:00,40.7546,-73.9767,B02682,
2014-04-26 22:46:00,40.7638,-73.9791,B02598,
2014-04-11 12:53:00,40.7707,-73.9824,B02682,
2014-04-12 22:27:00,40.7718,-73.9867,B02682,
2014-04-28 12:08:00,40.7759,-73.959,B02598,
2014-04-05 09:07:00,40.7486,-73.9903,B02682,
2014-04-18 14:04:00,40.6449,-73.7821,B02682,
2014-04-10 17:12:00,40.7544,-73.9714,B02617,
2014-04-15 22:06:00,40.7312,-73.9919,B02682,
2014-04-07 19:40:00,40.7456,-73.9837,B02682,
2014-04-22 20:41:00,40.7535,-73.978,B02617,
2014-04-04 07:26:00,40.7379,-73.9999,B02617,
2014-04-17 17:07:00,40.7364,-73.9372,B02682,
2014-04-03 20:34:00,40.7663,-73.9795,B02682,
2014-04-10 17:25:00,40.7072,-74.0121,B02682,
2014-04-02 20:45:00,40.8864,-73.8272,B02682,
2014-04-06 15:28:00,40.733,-73.9982,B02682,
2014-04-30 18:49:00,40.7431,-73.9845,B02617,
2014-04-24 16:08:00,40.7682,-73.8622,B02512,
2014-04-16 20:03:00,40.7223,-74.0097,B02682,
2014-04-14 08:01:00,40.6777,-73.9745,B02617,
2014-04-30 09:41:00,40.7266,-73.9504,B02682,
2014-04-27 13:16:00,40.7488,-73.938,B02682,
2014-04-17 20:34:00,40.7685,-73.8626,B02598,
2014-04-13 11:47:00,40.725,-73.9983,B02512,
2014-04-01 14:47:00,40.7638,-73.956,B02682,
2014-04-07 18:42:00,40.7517,-73.9845,B02617,
2014-04-12 10:13:00,40.7754,-73.946,B02682,
2014-04-26 21:09:00,40.7549,-74.0,B02598,
2014-04-01 05:20:00,40.6784,-73.995,B02682,
2014-04-10 15:51:00,40.7423,-73.9837,B02682,
2014-04-23 07:54:00,40.7174,-74.0161,B02598,
2014-04-17 12:31:00,40.806,-73.965,B02598,
2014-04-16 07:11:00,40.7057,-74.0102,B02598,
2014-04-05 10:16:00,40.7787,-73.9617,B02512,
2014-04-25 23:51:00,40.6916,-73.9596,B02617,
2014-04-23 04:47:00,40.6457,-73.7767,B02682,
2014-04-17 22:40:00,40.7298,-73.9989,B02682,
2014-04-29 16:10:00,40.7614,-73.9623,B02512,
2014-04-22 12:14:00,40.72,-74.0052,B02682,
2014-04-18 12:23:00,40.7345,-73.9922,B02598,
2014-04-30 14:42:00,40.7416,-73.9937,B02682,
2014-04-15 23:03:00,40.7269,-73.9911,B02682,
2014-04-26 16:52:00,40.7304,-73.9937,B02598,
2014-04-19 18:55:00,40.7642,-73.9738,B02682,
2014-04-11 08:08:00,40.7413,-74.0021,B02617,
2014-04-27 12:14:00,40.6812,-73.9158,B02617,
2014-04-25 16:26:00,40.724,-73.9917,B02598,
2014-04-22 12:35:00,40.6419,-73.7881,B02682,
2014-04-29 08:12:00,40.7343,-74.0024,B02598,
2014-04-17 10:25:00,40.7224,-73.9888,B02682,
2014-04-12 22:09:00,40.7255,-74.0041,B02598,
2014-04-15 07:09:00,40.7203,-73.9602,B02682,
2014-04-24 05:43:00,40.7562,-73.9933,B02598,
2014-04-10 11:58:00,40.7147,-74.01,B02598,
2014-04-10 13:36:00,40.7544,-73.9872,B02682,
2014-04-19 22:28:00,40.772,-73.9831,B02682,
2014-04-19 15:51:00,40.7321,-73.984,B02598,
2014-04-25 07:56:00,40.7582,-73.912,B02617,
2014-04-23 13:16:00,40.7654,-73.9539,B02598,
2014-04-20 19:00:00,40.7156,-74.0061,B02764,
2014-04-25 22:31:00,40.7183,-73.9432,B02598,
2014-04-04 05:35:00,40.716,-73.9421,B02682,
2014-04-25 19:52:00,40.7455,-73.9532,B02682,
2014-04-17 14:29:00,40.7218,-74.006,B02682,
2014-04-17 04:31:00,40.6883,-73.9905,B02617,
2014-04-04 17:25:00,40.7262,-73.9929,B02512,
2014-04-23 12:27:00,40.7498,-73.9795,B02598,
2014-04-01 16:14:00,40.734,-73.9892,B02682,
2014-04-28 18:38:00,40.7469,-73.9525,B02598,
2014-04-15 18:45:00,40.745,-73.994,B02598,
2014-04-03 07:14:00,40.7728,-73.9558,B02682,
2014-04-11 20:35:00,40.8212,-73.9448,B02682,
2014-04-29 16:27:00,40.731,-73.9921,B02598,
2014-04-25 07:50:00,40.823,-73.9472,B02598,
2014-04-29 15:29:00,40.783,-73.9568,B02617,
2014-04-11 13:34:00,40.7686,-73.9677,B02682,
2014-04-30 05:04:00,40.7792,-73.9808,B02682,
2014-04-15 17:13:00,40.7598,-73.9805,B02598,
2014-04-18 15:33:00,40.763,-73.9739,B02617,
2014-04-19 20:58:00,40.7152,-73.984,B02598,
2014-04-15 09:34:00,40.7136,-73.9405,B02598,
2014-04-16 12:55:00,40.7568,-73.9693,B02617,
2014-04-16 01:55:00,40.7557,-73.9838,B02598,
2014-04-08 18:00:00,40.7523,-74.0054,B02598,
2014-04-10 16:25:00,40.7407,-73.9915,B02682,
2014-04-30 13:40:00,40.7797,-73.9735,B02598,
2014-04-25 07:38:00,40.7244,-73.9787,B02682,
2014-04-22 17:00:00,40.7595,-73.9889,B02764,
2014-04-20 02:31:00,40.7206,-73.9843,B02682,
2014-04-13 00:44:00,40.7493,-73.994,B02617,
2014-04-26 02:38:00,40.7435,-73.9806,B02598,
2014-04-19 23:28:00,40.7309,-73.9892,B02682,
2014-04-20 03:12:00,40.7406,-74.0087,B02617,
2014-04-18 11:41:00,40.7571,-74.001,B02598,
2014-04-01 09:25:00,40.7619,-73.9703,B02598,
2014-04-27 16:53:00,40.6881,-74.1831,B02617,
2014-04-22 06:34:00,40.6449,-73.7821,B02617,
2014-04-30 10:29:00,40.7427,-74.007,B02598,
2014-04-29 08:30:00,40.7232,-74.0062,B02682,
2014-04-07 11:44:00,40.7511,-73.9942,B02682,
2014-04-25 18:44:00,40.771,-73.9494,B02682,
2014-04-16 16:45:00,40.7558,-73.978,B02617,
2014-04-09 18:30:00,40.7564,-73.9838,B02512,
2014-04-12 15:43:00,40.7793,-73.9448,B02682,
2014-04-09 06:08:00,40.7427,-73.9944,B02598,
2014-04-25 20:05:00,40.7218,-73.9895,B02598,
2014-04-08 21:36:00,40.7544,-74.0259,B02617,
2014-04-19 17:53:00,40.7211,-74.0012,B02682,
2014-04-13 22:40:00,40.7183,-73.9864,B02682,
2014-04-19 16:18:00,40.7117,-74.0104,B02598,
2014-04-13 13:11:00,40.692,-73.985,B02682,
2014-04-24 19:24:00,40.7207,-73.9952,B02617,
2014-04-17 23:50:00,40.8071,-73.9606,B02512,
2014-04-02 10:41:00,40.7065,-73.9431,B02617,
2014-04-17 21:45:00,40.7371,-74.0022,B02512,
2014-04-17 12:31:00,40.7099,-74.0164,B02617,
2014-04-26 12:00:00,40.7703,-73.9806,B02598,
2014-04-09 11:17:00,40.7585,-73.9689,B02598,
2014-04-02 23:02:00,40.7104,-74.0044,B02598,
2014-04-24 13:23:00,40.7718,-73.9652,B02598,
2014-04-02 19:17:00,40.7635,-73.9751,B02682,
2014-04-04 22:32:00,40.7303,-74.0069,B02682,
2014-04-12 00:36:00,40.7297,-74.0022,B02682,
2014-04-06 14:25:00,40.7558,-73.9728,B02617,
2014-04-30 20:49:00,40.7201,-73.9875,B02682,
2014-04-17 17:31:00,40.6884,-73.6318,B02512,
2014-04-24 17:10:00,40.7547,-73.9753,B02682,
2014-04-12 09:24:00,40.7502,-73.9948,B02617,
2014-04-07 22:10:00,40.7231,-73.9958,B02682,
2014-04-12 18:05:00,40.6449,-73.7823,B02682,
2014-04-09 08:08:00,40.7917,-73.9766,B02598,
2014-04-24 16:31:00,40.7142,-74.0033,B02598,
2014-04-08 18:23:00,40.7247,-73.9957,B02682,
2014-04-02 17:42:00,40.7857,-73.9692,B02682,
2014-04-29 07:04:00,40.777,-73.9818,B02598,
2014-04-12 22:53:00,40.7436,-73.9837,B02682,
2014-04-03 06:26:00,40.7393,-73.9936,B02598,
2014-04-04 05:50:00,40.7504,-73.9865,B02682,
2014-04-17 07:26:00,40.7551,-73.973,B02682,
2014-04-08 19:23:00,40.7368,-74.009,B02617,
2014-04-09 20:13:00,40.7803,-73.9555,B02617,
2014-04-02 11:14:00,40.7285,-73.9963,B02598,
2014-04-20 19:41:00,40.7685,-73.8861,B02598,
2014-04-30 14:16:00,40.7232,-73.9998,B02598,
2014-04-22 14:39:00,40.7709,-73.8658,B02598,
2014-04-16 12:18:00,40.7744,-73.9635,B02598,
2014-04-16 23:26:00,40.7589,-73.9839,B02617,
2014-04-07 07:05:00,40.7794,-73.9794,B02598,
2014-04-30 13:45:00,40.731,-73.992,B02598,
2014-04-27 16:03:00,40.7528,-73.9805,B02617,
2014-04-23 07:49:00,40.7564,-73.9779,B02617,
2014-04-02 18:22:00,40.7277,-74.0072,B02617,
2014-04-30 18:16:00,40.7597,-73.978,B02598,
2014-04-04 14:46:00,40.7052,-74.0164,B02617,
2014-04-07 13:59:00,40.7783,-73.9585,B02512,
2014-04-08 21:21:00,40.7472,-73.9933,B02512,
2014-04-21 12:35:00,40.735,-73.9943,B02617,
2014-04-17 15:31:00,40.7218,-73.9998,B02617,
2014-04-09 15:08:00,40.6462,-73.7905,B02598,
2014-04-08 16:53:00,40.7507,-73.9834,B02512,
2014-04-02 07:34:00,40.6887,-73.9914,B02682,
2014-04-23 16:17:00,40.7585,-73.9853,B02598,
2014-04-15 21:56:00,40.7568,-73.9849,B02682,
2014-04-05 19:03:00,40.6466,-73.7905,B02682,
2014-04-01 17:29:00,40.775,-73.9911,B02617,
2014-04-03 10:54:00,40.6834,-73.9553,B02682,
2014-04-15 18:34:00,40.7549,-73.9722,B02682,
2014-04-01 10:34:00,40.7451,-74.0061,B02598,
2014-04-28 06:08:00,40.7366,-73.9798,B02682,
2014-04-19 22:22:00,40.7413,-73.993,B02598,
2014-04-26 01:14:00,40.7226,-73.9896,B02598,
2014-04-29 19:47:00,40.7671,-73.9842,B02512,
2014-04-16 10:49:00,40.7233,-74.0062,B02598,
2014-04-03 14:30:00,40.7615,-73.9711,B02598,
2014-04-10 09:46:00,40.7386,-73.9921,B02682,
2014-04-09 20:10:00,40.7703,-73.865,B02682,
2014-04-14 06:48:00,40.7248,-73.9992,B02598,
2014-04-16 22:54:00,40.739,-74.0482,B02617,
2014-04-04 17:24:00,40.7646,-73.9777,B02617,
2014-04-30 19:42:00,40.7579,-73.9717,B02682,
2014-04-23 13:35:00,40.7274,-74.0055,B02617,
2014-04-26 15:20:00,40.7323,-73.9828,B02617,
2014-04-24 06:14:00,40.702,-73.9197,B02598,
2014-04-07 08:57:00,40.7834,-73.9781,B02598,
2014-04-29 09:20:00,40.7677,-73.9579,B02617,
2014-04-30 18:26:00,40.7079,-74.0097,B02617,
2014-04-20 08:45:00,40.7371,-73.9946,B02512,
2014-04-07 08:59:00,40.6634,-73.948,B02682,
2014-04-13 15:35:00,40.7508,-73.9705,B02617,
2014-04-15 23:28:00,40.6486,-73.783,B02682,
2014-04-16 14:38:00,40.6464,-73.7903,B02512,
2014-04-25 19:05:00,40.6468,-73.7896,B02598,
2014-04-23 15:04:00,40.6449,-73.7821,B02598,
2014-04-11 09:07:00,40.7787,-73.9476,B02598,
2014-04-03 07:00:00,40.7823,-73.9715,B02598,
2014-04-30 10:29:00,40.7355,-73.9909,B02598,
2014-04-08 18:23:00,40.7505,-73.9746,B02617,
2014-04-17 18:49:00,40.7058,-74.0094,B02682,
2014-04-12 16:58:00,40.7661,-73.9638,B02598,
2014-04-22 18:05:00,40.7525,-73.9727,B02598,
2014-04-30 12:10:00,40.7681,-73.9685,B02682,
2014-04-30 10:16:00,40.7557,-73.9771,B02512,
2014-04-24 11:47:00,40.7381,-73.9553,B02682,
2014-04-30 20:13:00,40.7165,-74.0132,B02598,
2014-04-19 15:31:00,40.7243,-73.9928,B02617,
2014-04-10 10:22:00,40.6463,-73.7768,B02512,
2014-04-15 08:49:00,40.7715,-73.9506,B02682,
2014-04-20 17:12:00,40.7561,-73.9911,B02682,
2014-04-16 19:07:00,40.7422,-74.0045,B02682,
2014-04-29 18:59:00,40.6736,-73.9797,B02682,
2014-04-13 10:38:00,40.761,-73.9673,B02598,
2014-04-28 11:55:00,40.7705,-73.9622,B02682,
2014-04-07 16:59:00,40.7655,-73.9764,B02598,
2014-04-24 09:54:00,40.7878,-73.9758,B02682,
2014-04-18 06:41:00,40.7223,-74.0081,B02682,
2014-04-15 18:02:00,40.7566,-73.9642,B02617,
2014-04-25 14:14:00,40.7632,-73.9688,B02682,
2014-04-20 15:29:00,40.6695,-73.98,B02682,
2014-04-03 16:21:00,40.7566,-73.9786,B02598,
2014-04-23 15:43:00,40.7826,-73.9492,B02598,
2014-04-24 20:11:00,40.7639,-73.9733,B02598,
2014-04-05 17:29:00,40.7692,-73.9811,B02682,
2014-04-28 18:34:00,40.7349,-73.9932,B02682,
2014-04-28 09:02:00,40.7246,-73.9819,B02682,
2014-04-04 22:17:00,40.7834,-73.9491,B02598,
2014-04-02 09:00:00,40.7906,-73.9747,B02682,
2014-04-04 22:20:00,40.7429,-74.0059,B02682,
2014-04-06 01:26:00,40.7184,-74.0021,B02682,
2014-04-25 23:17:00,40.7377,-73.9898,B02682,
2014-04-26 16:24:00,40.7703,-73.991,B02598,
2014-04-16 15:37:00,40.765,-73.9826,B02598,
2014-04-19 23:20:00,40.7347,-74.0093,B02598,
2014-04-30 19:21:00,40.7239,-74.0041,B02682,
2014-04-26 23:54:00,40.6941,-73.9336,B02682,
2014-04-14 15:06:00,40.7639,-73.9741,B02682,
2014-04-11 11:31:00,40.7169,-74.0123,B02682,
2014-04-29 14:31:00,40.7766,-73.979,B02598,
2014-04-01 17:19:00,40.7545,-73.9865,B02617,
2014-04-30 17:51:00,40.7627,-73.9841,B02512,
2014-04-06 00:57:00,40.7394,-74.0066,B02682,
2014-04-08 07:13:00,40.7428,-73.9946,B02682,
2014-04-25 13:51:00,40.7033,-73.994,B02598,
2014-04-16 12:47:00,40.7655,-73.9758,B02682,
2014-04-16 07:47:00,40.7303,-74.0077,B02598,
2014-04-08 18:16:00,40.739,-74.0008,B02617,
2014-04-22 16:59:00,40.7637,-73.9757,B02598,
2014-04-13 18:22:00,40.7667,-73.9215,B02598,
2014-04-10 17:50:00,40.7798,-73.9744,B02682,
2014-04-22 17:25:00,40.7233,-73.9901,B02598,
2014-04-06 07:45:00,40.7777,-73.9797,B02682,
2014-04-09 18:29:00,40.725,-73.9956,B02682,
2014-04-04 17:39:00,40.7757,-73.9586,B02598,
2014-04-14 17:45:00,40.7195,-74.0004,B02598,
2014-04-11 23:39:00,40.7587,-73.9931,B02598,
2014-04-23 08:26:00,40.7781,-73.9456,B02598,
2014-04-09 06:57:00,40.695,-74.1783,B02617,
2014-04-27 02:34:00,40.7233,-73.9929,B02682,
2014-04-18 11:05:00,40.7157,-74.0155,B02682,
2014-04-25 19:09:00,40.7303,-74.008,B02682,
2014-04-01 21:10:00,40.7514,-73.9877,B02598,
2014-04-15 19:53:00,40.7627,-73.9755,B02682,
2014-04-08 16:27:00,40.7624,-73.9737,B02617,
2014-04-28 05:39:00,40.7265,-73.9848,B02617,
2014-04-16 17:13:00,40.7504,-73.9786,B02682,
2014-04-18 17:55:00,40.7428,-73.9848,B02682,
2014-04-05 17:44:00,40.7244,-73.9932,B02598,
2014-04-12 22:59:00,40.7278,-73.9914,B02682,
2014-04-11 15:41:00,40.6449,-73.7824,B02682,
2014-04-25 08:17:00,40.7486,-73.9881,B02598,
2014-04-25 21:39:00,40.7442,-73.9918,B02598,
2014-04-03 08:46:00,40.7383,-73.9998,B02682,
2014-04-23 07:32:00,40.7747,-73.9613,B02682,
2014-04-11 23:55:00,40.7452,-74.0344,B02682,
2014-04-23 21:43:00,40.7218,-73.9945,B02598,
2014-04-17 10:44:00,40.7206,-73.9802,B02512,
2014-04-04 06:35:00,40.7273,-73.8775,B02682,
2014-04-11 03:27:00,40.7367,-73.9553,B02598,
2014-04-05 22:25:00,40.6825,-73.9764,B02598,
2014-04-26 00:31:00,40.8157,-74.2185,B02598,
2014-04-23 21:13:00,40.7314,-74.0023,B02682,
2014-04-02 13:55:00,40.7598,-73.9782,B02682,
2014-04-17 10:05:00,40.6936,-73.9889,B02598,
2014-04-02 08:54:00,40.7527,-73.9857,B02512,
2014-04-12 13:53:00,40.7841,-73.9469,B02682,
2014-04-26 14:35:00,40.705,-74.0053,B02682,
2014-04-17 21:06:00,40.7515,-73.9939,B02682,
2014-04-24 21:58:00,40.7691,-73.9814,B02512,
2014-04-26 21:45:00,40.7129,-73.9586,B02617,
2014-04-09 08:45:00,40.7328,-74.0076,B02598,
2014-04-25 14:44:00,40.7523,-73.9855,B02682,
2014-04-18 09:48:00,40.7791,-73.9775,B02598,
2014-04-30 18:11:00,40.6486,-73.7836,B02617,
2014-04-23 19:51:00,40.7298,-74.0042,B02598,
2014-04-01 03:08:00,40.8033,-74.2605,B02682,
2014-04-13 12:33:00,40.7255,-74.005,B02764,
2014-04-04 21:18:00,40.7392,-73.9871,B02617,
2014-04-29 20:37:00,40.7603,-73.9774,B02617,
2014-04-08 16:57:00,40.7249,-74.0077,B02598,
2014-04-14 07:47:00,40.7237,-73.8943,B02682,
2014-04-29 07:47:00,40.7608,-73.9963,B02682,
2014-04-01 18:16:00,40.7246,-73.9996,B02617,
2014-04-07 11:40:00,40.7399,-73.9858,B02682,
2014-04-04 07:35:00,40.7774,-73.9517,B02598,
2014-04-12 22:33:00,40.7762,-73.9107,B02512,
2014-04-29 17:48:00,40.7567,-73.9743,B02617,
2014-04-09 17:01:00,40.7413,-73.9845,B02617,
2014-04-05 10:17:00,40.7365,-73.9969,B02598,
2014-04-09 11:22:00,40.7743,-73.8725,B02617,
2014-04-29 13:35:00,40.6483,-73.7827,B02764,
2014-04-14 14:44:00,40.7196,-73.9972,B02598,
2014-04-15 06:04:00,40.6602,-73.9513,B02617,
2014-04-18 08:17:00,40.735,-73.9889,B02682,
2014-04-06 01:18:00,40.8664,-73.9278,B02617,
2014-04-13 16:50:00,40.7917,-73.9721,B02682,
2014-04-29 17:37:00,40.7603,-73.9799,B02682,
2014-04-12 00:38:00,40.7803,-73.9101,B02682,
2014-04-02 17:01:00,40.6419,-73.7886,B02682,
2014-04-08 19:21:00,40.7574,-73.9782,B02682,
2014-04-19 22:56:00,40.7332,-73.9598,B02598,
2014-04-01 13:35:00,40.7594,-74.0035,B02682,
2014-04-14 21:46:00,40.7272,-74.0055,B02617,
2014-04-14 10:00:00,40.7526,-73.9932,B02598,
2014-04-08 12:04:00,40.7606,-73.9713,B02598,
2014-04-14 10:32:00,40.7443,-74.0056,B02682,
2014-04-09 05:40:00,40.7097,-73.9487,B02682,
2014-04-24 20:56:00,40.7159,-74.0095,B02598,
2014-04-08 06:52:00,40.7522,-73.9686,B02682,
2014-04-10 12:34:00,40.7527,-73.983,B02617,
2014-04-01 10:48:00,40.7558,-73.9843,B02617,
2014-04-16 22:36:00,40.7596,-73.9701,B02598,
2014-04-13 19:33:00,40.6448,-73.7822,B02598,
2014-04-17 22:29:00,40.7342,-73.9898,B02617,
2014-04-17 17:02:00,40.7543,-73.9923,B02682,
2014-04-12 17:55:00,40.7101,-74.0075,B02617,
2014-04-10 19:37:00,40.8021,-73.9614,B02598,
2014-04-13 05:52:00,40.6463,-73.7765,B02598,
2014-04-23 17:01:00,40.7648,-73.9742,B02598,
2014-04-11 13:49:00,40.7239,-73.9971,B02682,
2014-04-06 00:24:00,40.7253,-73.9925,B02598,
2014-04-30 12:19:00,40.7466,-73.9956,B02682,
2014-04-10 18:22:00,40.7246,-73.9916,B02617,
2014-04-10 08:04:00,40.7609,-73.9579,B02617,
2014-04-16 14:15:00,40.7462,-73.981,B02617,
2014-04-26 02:19:00,40.7187,-73.9891,B02598,
2014-04-02 18:49:00,40.7099,-74.0092,B02617,
2014-04-13 20:14:00,40.7506,-73.9975,B02682,
2014-04-01 08:56:00,40.759,-73.9611,B02617,
2014-04-23 23:20:00,40.7096,-74.0107,B02682,
2014-04-21 06:17:00,40.7313,-74.0099,B02617,
2014-04-08 14:44:00,40.7225,-73.9992,B02682,
2014-04-09 20:42:00,40.7585,-73.9908,B02682,
2014-04-13 11:33:00,40.7472,-73.9005,B02617,
2014-04-16 14:03:00,40.742,-73.9313,B02598,
2014-04-24 22:53:00,40.7638,-73.9897,B02682,
2014-04-19 18:07:00,40.7141,-74.0095,B02598,
2014-04-10 22:01:00,40.6838,-73.9765,B02617,
2014-04-04 14:26:00,40.7351,-73.9888,B02617,
2014-04-27 05:23:00,40.7747,-73.9842,B02512,
2014-04-23 18:34:00,40.7401,-73.9746,B02598,
2014-04-07 23:44:00,40.6131,-73.9175,B02617,
2014-04-05 20:01:00,40.737,-74.0014,B02617,
2014-04-10 17:28:00,40.7558,-73.9746,B02682,
2014-04-01 22:09:00,40.7093,-74.011,B02682,
2014-04-11 15:16:00,40.7239,-73.9879,B02682,
2014-04-29 17:50:00,40.7466,-73.9901,B02598,
2014-04-25 09:57:00,40.7566,-73.9687,B02682,
2014-04-24 06:44:00,40.7633,-73.9808,B02682,
2014-04-26 17:18:00,40.788,-73.9758,B02682,
2014-04-30 07:06:00,40.7317,-73.9932,B02682,
2014-04-29 09:43:00,40.7605,-73.9703,B02682,
2014-04-17 20:05:00,40.7083,-74.0145,B02617,
2014-04-27 01:27:00,40.7239,-73.9879,B02617,
2014-04-12 15:50:00,40.6941,-73.9731,B02617,
2014-04-24 21:45:00,40.7548,-73.9841,B02617,
2014-04-30 10:09:00,40.7216,-73.9934,B02617,
2014-04-18 09:17:00,40.7716,-73.9484,B02682,
2014-04-06 11:32:00,40.7753,-73.9594,B02617,
2014-04-13 15:20:00,40.7592,-73.9853,B02682,
2014-04-07 06:13:00,40.7379,-73.9736,B02682,
2014-04-19 21:22:00,40.7361,-73.9923,B02598,
2014-04-05 18:06:00,40.7211,-73.9878,B02617,
2014-04-07 10:02:00,40.6445,-74.0139,B02682,
2014-04-30 19:58:00,40.7274,-73.9921,B02682,
2014-04-15 12:29:00,40.7507,-73.979,B02512,
2014-04-11 18:20:00,40.7562,-73.9717,B02682,
2014-04-06 19:36:00,40.7336,-74.0004,B02682,
2014-04-24 07:14:00,40.7476,-74.006,B02598,
2014-04-18 09:01:00,40.7657,-73.9631,B02598,
2014-04-03 13:58:00,40.784,-73.9486,B02598,
2014-04-01 22:42:00,40.7628,-73.972,B02682,
2014-04-26 13:15:00,40.7147,-73.9502,B02682,
2014-04-29 21:15:00,40.7343,-73.9938,B02598,
2014-04-08 18:11:00,40.7562,-73.9749,B02682,
2014-04-28 16:13:00,40.7589,-73.9684,B02682,
2014-04-30 23:04:00,40.7143,-74.0117,B02682,
2014-04-24 09:27:00,40.7599,-73.9804,B02598,
2014-04-18 19:22:00,40.7241,-73.9827,B02598,
2014-04-02 14:40:00,40.7609,-73.9665,B02682,
2014-04-13 13:09:00,40.7198,-74.0068,B02682,
2014-04-09 09:36:00,40.7869,-73.9772,B02598,
2014-04-13 15:37:00,40.7704,-73.9622,B02682,
2014-04-05 20:11:00,40.7245,-73.9926,B02617,
2014-04-30 15:49:00,40.7204,-74.001,B02512,
2014-04-29 23:46:00,40.7616,-73.9792,B02682,
2014-04-16 15:35:00,40.774,-73.8718,B02682,
2014-04-19 16:17:00,40.7251,-73.995,B02682,
2014-04-17 23:31:00,40.7645,-73.9706,B02617,
2014-04-30 14:29:00,40.7554,-73.9795,B02617,
2014-04-12 13:56:00,40.7548,-73.9975,B02617,
2014-04-10 05:47:00,40.6962,-73.9924,B02682,
2014-04-30 13:06:00,40.7684,-73.9847,B02598,
2014-04-25 13:39:00,40.6416,-73.7881,B02682,
2014-04-03 19:19:00,40.7211,-74.0051,B02598,
2014-04-01 14:52:00,40.7585,-73.9729,B02682,
2014-04-02 08:54:00,40.7704,-73.9579,B02617,
2014-04-26 23:18:00,40.7207,-74.0052,B02682,
2014-04-10 19:43:00,40.6951,-74.1789,B02682,
2014-04-04 20:48:00,40.7063,-74.0169,B02682,
2014-04-03 22:12:00,40.7568,-73.9926,B02512,
2014-04-15 19:49:00,40.7714,-73.9485,B02682,
2014-04-25 19:11:00,40.7637,-73.9762,B02617,
2014-04-08 08:06:00,40.7459,-73.9943,B02598,
2014-04-30 12:16:00,40.6914,-74.1772,B02682,
2014-04-26 16:33:00,40.7248,-73.9995,B02617,
2014-04-11 11:58:00,40.7091,-73.9685,B02682,
2014-04-27 00:09:00,40.7285,-74.005,B02598,
2014-04-03 21:37:00,40.7633,-73.9788,B02682,
2014-04-13 01:19:00,40.7524,-73.9858,B02598,
2014-04-17 13:45:00,40.7218,-73.9856,B02598,
2014-04-30 17:04:00,40.7401,-73.9906,B02512,
2014-04-12 00:39:00,40.7137,-74.0083,B02598,
2014-04-24 07:55:00,40.7385,-73.9994,B02598,
2014-04-11 13:01:00,40.7758,-73.9591,B02598,
2014-04-08 17:00:00,40.7604,-73.9645,B02682,
2014-04-03 13:11:00,40.7188,-74.0341,B02682,
2014-04-10 14:43:00,40.7566,-73.9748,B02617,
2014-04-27 06:41:00,40.6464,-73.7771,B02682,
2014-04-26 01:41:00,40.7693,-73.958,B02682,
2014-04-06 14:56:00,40.6459,-73.7768,B02682,
2014-04-18 19:51:00,40.7515,-73.971,B02512,
2014-04-01 06:44:00,40.7171,-73.9935,B02682,
2014-04-29 07:45:00,40.786,-73.9709,B02617,
2014-04-07 20:21:00,40.6862,-73.9268,B02598,
2014-04-04 00:16:00,40.7191,-73.9905,B02598,
2014-04-16 10:40:00,40.7489,-73.9728,B02682,
2014-04-19 16:51:00,40.7773,-73.9889,B02682,
2014-04-09 15:16:00,40.7224,-73.9993,B02617,
2014-04-02 21:19:00,40.7638,-73.9776,B02764,
2014-04-23 12:15:00,40.7612,-73.9795,B02598,
2014-04-08 19:23:00,40.772,-73.9633,B02598,
2014-04-02 06:47:00,40.7437,-73.9922,B02682,
2014-04-30 20:18:00,40.7228,-74.0047,B02682,
2014-04-28 17:52:00,40.705,-74.0115,B02682,
2014-04-24 07:31:00,40.7613,-73.9978,B02617,
2014-04-25 16:24:00,40.7865,-73.9797,B02617,
2014-04-07 08:20:00,40.774,-73.8726,B02682,
2014-04-17 17:53:00,40.7605,-73.9799,B02682,
2014-04-29 07:22:00,40.7822,-73.9579,B02598,
2014-04-05 12:43:00,40.7737,-73.9181,B02682,
2014-04-03 18:43:00,40.7614,-73.9681,B02682,
2014-04-21 11:33:00,40.7683,-73.9671,B02682,
2014-04-09 03:39:00,40.7571,-73.9895,B02764,
2014-04-28 19:10:00,40.7742,-73.8728,B02617,
2014-04-18 04:42:00,40.723,-73.9958,B02598,
2014-04-09 17:58:00,40.7646,-73.9718,B02598,
2014-04-26 03:38:00,40.7441,-74.0068,B02598,
2014-04-03 15:15:00,40.7265,-74.0036,B02682,
2014-04-15 16:37:00,40.7664,-73.9605,B02682,
2014-04-10 06:52:00,40.781,-73.9474,B02617,
2014-04-07 16:34:00,40.7625,-73.9751,B02682,
2014-04-06 23:09:00,40.6867,-73.9155,B02682,
2014-04-02 23:12:00,40.7198,-74.0058,B02682,
2014-04-01 01:54:00,40.7149,-74.015,B02598,
2014-04-12 16:23:00,40.7763,-73.9558,B02598,
2014-04-05 09:14:00,40.7418,-73.9563,B02598,
2014-04-22 07:32:00,40.7679,-73.9916,B02598,
2014-04-04 16:51:00,40.7573,-73.9738,B02682,
2014-04-17 17:54:00,40.7384,-73.9919,B02617,
2014-04-21 05:29:00,40.6831,-73.9501,B02598,
2014-04-13 18:15:00,40.7636,-73.9794,B02598,
2014-04-30 01:21:00,40.7223,-73.9932,B02682,
2014-04-12 23:30:00,40.6855,-73.9244,B02617,
2014-04-03 15:13:00,40.7615,-73.9682,B02598,
2014-04-27 01:55:00,40.7382,-74.0095,B02598,
2014-04-13 07:23:00,40.7189,-73.9871,B02682,
2014-04-09 08:46:00,40.7621,-73.9698,B02598,
2014-04-26 18:09:00,40.7786,-73.9564,B02617,
2014-04-10 15:47:00,40.7127,-74.0078,B02598,
2014-04-16 23:34:00,40.7689,-73.9853,B02617,
2014-04-22 08:07:00,40.7861,-73.9711,B02764,
2014-04-15 20:23:00,40.7374,-73.9912,B02512,
2014-04-20 18:23:00,40.739,-73.9898,B02682,
2014-04-18 20:20:00,40.7472,-73.9874,B02682,
2014-04-29 16:03:00,40.7588,-73.9779,B02617,
2014-04-15 20:52:00,40.7615,-73.9819,B02682,
2014-04-07 08:44:00,40.6444,-73.7834,B02617,
2014-04-18 21:16:00,40.7479,-73.9877,B02617,
2014-04-10 09:05:00,40.7563,-73.9725,B02617,
2014-04-24 17:07:00,40.7547,-73.974,B02764,
2014-04-16 17:12:00,40.72,-73.9991,B02682,
2014-04-08 13:06:00,40.7364,-73.987,B02682,
2014-04-11 22:34:00,40.6466,-73.7897,B02682,
2014-04-16 17:24:00,40.7419,-73.9892,B02682,
2014-04-09 16:33:00,40.735,-73.9932,B02598,
2014-04-27 19:26:00,40.716,-73.9608,B02598,
2014-04-28 16:03:00,40.6463,-73.7898,B02617,
2014-04-07 06:08:00,40.8232,-73.9424,B02512,
2014-04-01 10:00:00,40.8265,-73.8403,B02682,
2014-04-11 07:05:00,40.7416,-73.9963,B02512,
2014-04-30 17:01:00,40.7551,-73.9729,B02682,
2014-04-12 03:06:00,40.7394,-74.0065,B02682,
2014-04-22 10:58:00,40.7311,-73.9754,B02617,
2014-04-02 23:03:00,40.7326,-73.9992,B02598,
2014-04-29 05:03:00,40.6885,-73.9634,B02682,
2014-04-01 14:50:00,40.7832,-73.956,B02598,
2014-04-12 19:37:00,40.7755,-73.9522,B02682,
2014-04-13 14:40:00,40.7027,-74.0122,B02682,
2014-04-08 20:56:00,40.7525,-73.99,B02617,
2014-04-29 08:52:00,40.7254,-74.0092,B02682,
2014-04-01 05:58:00,40.7124,-73.9953,B02764,
2014-04-17 20:49:00,40.7564,-73.9788,B02512,
2014-04-01 13:57:00,40.7277,-73.9799,B02682,
2014-04-23 00:53:00,40.716,-73.8983,B02682,
2014-04-19 13:19:00,40.7558,-73.9865,B02682,
2014-04-25 11:47:00,40.7203,-73.9962,B02682,
2014-04-24 08:32:00,40.716,-74.0036,B02512,
2014-04-06 10:12:00,40.7787,-73.9452,B02598,
2014-04-26 21:39:00,40.759,-73.9816,B02598,
2014-04-03 16:26:00,40.7729,-73.8856,B02682,
2014-04-29 15:30:00,40.6485,-73.7827,B02598,
2014-04-23 07:27:00,40.7745,-73.9558,B02598,
2014-04-11 07:12:00,40.7423,-73.9972,B02598,
2014-04-03 15:40:00,40.7898,-73.9772,B02682,
2014-04-17 12:17:00,40.7279,-74.0052,B02617,
2014-04-23 18:58:00,40.7329,-73.9885,B02598,
2014-04-12 09:21:00,40.741,-74.0075,B02682,
2014-04-25 19:13:00,40.6941,-73.9681,B02682,
2014-04-16 13:33:00,40.7522,-73.9812,B02598,
2014-04-12 01:41:00,40.7285,-74.0465,B02682,
2014-04-07 05:09:00,40.7056,-74.0083,B02682,
2014-04-10 14:46:00,40.7231,-73.9904,B02598,
2014-04-04 09:55:00,40.7492,-73.9942,B02617,
2014-04-06 17:33:00,40.5767,-73.9537,B02617,
2014-04-09 09:03:00,40.7219,-73.9438,B02617,
2014-04-19 19:38:00,40.8029,-73.9565,B02617,
2014-04-26 20:48:00,40.7077,-74.0018,B02598,
2014-04-20 19:03:00,40.7518,-73.9936,B02764,
2014-04-10 23:54:00,40.7285,-74.0051,B02682,
2014-04-29 20:34:00,40.7241,-73.9808,B02682,
2014-04-03 19:15:00,40.7139,-74.0088,B02682,
2014-04-07 19:25:00,40.7507,-73.9742,B02682,
2014-04-11 20:18:00,40.7458,-73.9999,B02682,
2014-04-28 18:21:00,40.7482,-73.9744,B02617,
2014-04-01 20:45:00,40.6892,-73.969,B02682,
2014-04-26 18:59:00,40.7789,-73.956,B02682,
2014-04-28 03:42:00,40.6856,-73.9913,B02617,
2014-04-18 10:58:00,40.643,-73.7897,B02682,
2014-04-29 17:24:00,40.6459,-73.7767,B02617,
2014-04-30 07:32:00,40.788,-73.9698,B02598,
2014-04-15 21:07:00,40.7436,-74.0075,B02682,
2014-04-21 07:34:00,40.73,-74.0041,B02598,
2014-04-29 17:06:00,40.7247,-73.9934,B02682,
2014-04-21 17:08:00,40.7139,-74.015,B02617,
2014-04-05 14:32:00,40.7,-73.9866,B02764,
2014-04-08 13:43:00,40.778,-73.9626,B02598,
2014-04-12 17:35:00,40.7142,-73.9606,B02617,
2014-04-13 15:30:00,40.7996,-73.9597,B02682,
2014-04-30 16:54:00,40.7279,-74.0054,B02682,
2014-04-27 10:27:00,40.7695,-73.9692,B02598,
2014-04-26 07:46:00,40.7018,-73.8088,B02598,
2014-04-15 06:27:00,40.7175,-74.0053,B02682,
2014-04-12 17:43:00,40.7811,-73.9594,B02598,
2014-04-24 20:19:00,40.7478,-73.985,B02598,
2014-04-11 07:47:00,40.753,-73.9838,B02598,
2014-04-27 20:55:00,40.7348,-74.0062,B02682,
2014-04-23 10:00:00,40.7159,-74.0063,B02682,
2014-04-13 11:40:00,40.6879,-74.1827,B02617,
2014-04-19 00:33:00,40.7806,-73.961,B02682,
2014-04-13 13:29:00,40.714,-73.9997,B02617,
2014-04-13 15:47:00,40.7417,-73.9874,B02682,
2014-04-29 19:44:00,40.614,-74.0269,B02598,
2014-04-18 06:40:00,40.6602,-73.806,B02598,
2014-04-01 10:07:00,40.7731,-73.8856,B02682,
2014-04-21 20:24:00,40.7636,-73.9748,B02617,
2014-04-22 13:43:00,40.7682,-73.8621,B02598,
2014-04-14 14:49:00,40.7245,-73.9835,B02682,
2014-04-17 18:15:00,40.7305,-74.0068,B02682,
2014-04-04 21:28:00,40.7642,-73.9867,B02682,
2014-04-02 07:47:00,40.7547,-73.9879,B02598,
2014-04-21 14:46:00,40.7085,-74.0133,B02682,
2014-04-04 16:09:00,40.7751,-73.9793,B02598,
2014-04-28 21:40:00,40.7403,-74.0059,B02764,
2014-04-08 20:31:00,40.7731,-73.8855,B02617,
2014-04-29 11:00:00,40.786,-73.9528,B02682,
2014-04-10 08:50:00,40.7618,-73.9712,B02682,
2014-04-05 18:11:00,40.7249,-73.9782,B02682,
2014-04-09 07:01:00,40.783,-73.9761,B02598,
2014-04-19 23:50:00,40.7202,-73.9874,B02598,
2014-04-13 12:44:00,40.7595,-73.9952,B02682,
2014-04-11 09:04:00,40.7663,-73.9717,B02512,
2014-04-18 07:49:00,40.6971,-73.9833,B02682,
2014-04-16 15:50:00,40.7581,-73.9716,B02598,
2014-04-08 17:29:00,40.7628,-73.9822,B02598,
2014-04-17 12:05:00,40.6667,-73.9899,B02682,
2014-04-30 19:27:00,40.7626,-73.9784,B02682,
2014-04-12 21:50:00,40.7287,-74.0465,B02617,
2014-04-14 20:36:00,40.7328,-73.9959,B02617,
2014-04-01 01:23:00,40.7212,-74.0003,B02764,
2014-04-28 20:50:00,40.7442,-73.9876,B02764,
2014-04-03 13:09:00,40.723,-74.0081,B02598,
2014-04-17 22:11:00,40.7445,-73.9902,B02598,
2014-04-25 21:26:00,40.7412,-73.9963,B02682,
2014-04-04 16:41:00,40.7264,-74.0021,B02682,
2014-04-05 04:32:00,40.7691,-73.9861,B02617,
2014-04-15 16:26:00,40.7595,-73.9751,B02617,
2014-04-23 09:01:00,40.7054,-74.0077,B02598,
2014-04-11 00:53:00,40.716,-74.0358,B02617,
2014-04-05 22:47:00,40.7308,-74.0008,B02682,
2014-04-06 22:50:00,40.7478,-73.9871,B02682,
2014-04-09 16:07:00,40.7041,-74.0116,B02682,
2014-04-15 07:22:00,40.7122,-73.9639,B02617,
2014-04-28 19:08:00,40.7429,-74.0079,B02617,
2014-04-12 17:54:00,40.7208,-73.9624,B02598,
2014-04-02 04:40:00,40.7523,-73.9766,B02598,
2014-04-04 10:48:00,40.7621,-73.9834,B02598,
2014-04-30 17:49:00,40.7216,-73.9979,B02598,
2014-04-16 23:34:00,40.7591,-73.9945,B02598,
2014-04-18 10:02:00,40.7221,-74.003,B02617,
2014-04-26 00:35:00,40.7169,-73.9898,B02598,
2014-04-13 12:41:00,40.7343,-74.01,B02682,
2014-04-22 07:06:00,40.7332,-73.9967,B02682,
2014-04-03 21:02:00,40.7647,-73.9784,B02682,
2014-04-20 00:54:00,40.7315,-73.9564,B02682,
2014-04-23 19:19:00,40.728,-73.9951,B02598,
2014-04-29 15:58:00,40.7247,-74.0101,B02598,
2014-04-25 17:19:00,40.7494,-73.9838,B02617,
2014-04-24 00:42:00,40.7664,-73.9531,B02617,
2014-04-30 14:48:00,40.7286,-73.9816,B02598,
2014-04-29 19:31:00,40.7547,-73.9917,B02598,
2014-04-11 19:15:00,40.7241,-74.0061,B02764,
2014-04-14 14:46:00,40.7585,-73.9752,B02598,
2014-04-26 13:21:00,40.6874,-73.9547,B02598,
2014-04-26 22:11:00,40.7194,-74.0805,B02617,
2014-04-12 00:45:00,40.7435,-73.9798,B02512,
2014-04-11 14:19:00,40.669,-73.7822,B02617,
2014-04-18 19:26:00,40.7957,-73.9743,B02598,
2014-04-03 08:16:00,40.7791,-73.9868,B02682,
2014-04-03 22:31:00,40.7321,-73.9983,B02598,
2014-04-15 22:10:00,40.7106,-73.9574,B02682,
2014-04-07 04:53:00,40.7271,-73.9527,B02682,
2014-04-18 17:03:00,40.7169,-74.0123,B02598,
2014-04-12 23:19:00,40.7374,-73.9885,B02764,
2014-04-03 10:16:00,40.7446,-73.9567,B02617,
2014-04-10 20:42:00,40.7368,-73.993,B02598,
2014-04-20 11:41:00,40.6829,-73.9533,B02617,
2014-04-28 12:45:00,40.6647,-73.9868,B02682,
2014-04-10 21:25:00,40.7296,-73.9869,B02682,
2014-04-27 23:28:00,40.645,-73.7818,B02682,
2014-04-14 15:59:00,40.7759,-73.9632,B02598,
2014-04-23 09:14:00,40.774,-73.8716,B02598,
2014-04-22 19:03:00,40.7363,-73.9966,B02682,
2014-04-24 11:07:00,40.7731,-73.9664,B02682,
2014-04-13 02:05:00,40.8455,-73.9424,B02598,
2014-04-26 19:54:00,40.7382,-74.0009,B02598,
2014-04-04 16:22:00,40.7446,-73.9909,B02682,
2014-04-04 15:44:00,40.7419,-73.9935,B02682,
2014-04-06 01:25:00,40.7215,-73.9885,B02598,
2014-04-27 00:45:00,40.7212,-73.9832,B02598,
2014-04-16 15:38:00,40.753,-73.9741,B02617,
2014-04-28 19:46:00,40.7643,-73.9774,B02764,
2014-04-25 17:06:00,40.7604,-73.9722,B02598,
2014-04-16 17:19:00,40.7543,-73.969,B02598,
2014-04-14 18:20:00,40.7458,-73.9887,B02617,
2014-04-09 13:34:00,40.7557,-73.986,B02682,
2014-04-22 21:47:00,40.6485,-73.7832,B02764,
2014-04-09 19:58:00,40.7562,-73.9852,B02682,
2014-04-30 14:45:00,40.7273,-74.0071,B02598,
2014-04-06 12:17:00,40.7439,-74.0063,B02512,
2014-04-09 09:13:00,40.7577,-73.9754,B02617,
2014-04-25 21:32:00,40.7608,-73.9883,B02682,
2014-04-11 12:39:00,40.7982,-73.9599,B02617,
2014-04-13 12:19:00,40.7069,-74.0071,B02598,
2014-04-24 19:10:00,40.7606,-73.9734,B02598,
2014-04-17 14:29:00,40.7738,-73.9637,B02617,
2014-04-30 20:54:00,40.7557,-73.9727,B02682,
2014-04-23 08:05:00,40.69,-73.9732,B02682,
2014-04-15 19:28:00,40.726,-74.0057,B02682,
2014-04-30 22:08:00,40.7193,-73.9616,B02598,
2014-04-16 08:44:00,40.7171,-73.9934,B02682,
2014-04-17 04:05:00,40.7274,-73.9921,B02682,
2014-04-12 12:31:00,40.7586,-73.9616,B02682,
2014-04-10 16:41:00,40.7576,-73.9691,B02598,
2014-04-26 19:34:00,40.7304,-73.9937,B02617,
2014-04-30 19:53:00,40.7553,-73.9711,B02598,
2014-04-07 13:10:00,40.852,-73.9371,B02682,
2014-04-21 01:33:00,40.696,-73.9682,B02682,
2014-04-01 15:44:00,40.74,-73.9983,B02682,
2014-04-03 21:55:00,40.7564,-73.983,B02598,
2014-04-26 17:57:00,40.7043,-74.0092,B02598,
2014-04-04 20:16:00,40.7907,-73.9691,B02617,
2014-04-04 15:25:00,40.7583,-73.982,B02617,
2014-04-28 10:57:00,40.9065,-73.8976,B02598,
2014-04-02 11:51:00,40.7604,-73.9738,B02598,
2014-04-16 12:22:00,40.7517,-73.9692,B02598,
2014-04-04 17:06:00,40.7071,-74.0122,B02682,
2014-04-04 17:57:00,40.7545,-73.9638,B02512,
2014-04-16 21:33:00,40.7432,-74.0084,B02682,
2014-04-09 12:52:00,40.7134,-73.9639,B02764,
2014-04-01 08:08:00,40.758,-73.9707,B02512,
2014-04-27 23:02:00,40.7293,-73.9957,B02617,
2014-04-28 15:22:00,40.7879,-73.9795,B02598,
2014-04-09 07:17:00,40.7317,-73.9933,B02617,
2014-04-27 17:18:00,40.7158,-74.0029,B02682,
2014-04-16 08:06:00,40.7831,-73.9756,B02682,
2014-04-18 22:11:00,40.7392,-73.9936,B02598,
2014-04-17 20:36:00,40.7048,-74.0097,B02598,
2014-04-11 17:07:00,40.7503,-74.0044,B02617,
2014-04-30 19:14:00,40.7384,-73.9821,B02598,
2014-04-19 18:25:00,40.7657,-73.9719,B02682,
2014-04-30 16:38:00,40.7638,-73.9713,B02598,
2014-04-03 16:18:00,40.7104,-74.0097,B02617,
2014-04-06 15:02:00,40.6465,-73.79,B02682,
2014-04-25 05:20:00,40.6988,-73.937,B02512,
2014-04-08 22:19:00,40.6449,-73.782,B02682,
2014-04-17 15:12:00,40.7646,-73.9759,B02598,
2014-04-25 20:43:00,40.6867,-73.9591,B02598,
2014-04-24 19:57:00,40.7449,-73.9888,B02598,
2014-04-10 16:52:00,40.7451,-73.9951,B02598,
2014-04-04 13:19:00,40.7472,-73.9896,B02598,
2014-04-19 15:56:00,40.7202,-73.9962,B02682,
2014-04-01 15:33:00,40.7529,-73.9678,B02598,
2014-04-25 21:10:00,40.6485,-73.7826,B02682,
2014-04-21 17:13:00,40.774,-73.8724,B02682,
2014-04-25 09:14:00,40.7558,-73.9834,B02682,
2014-04-08 19:50:00,40.7682,-73.8622,B02682,
2014-04-19 11:07:00,40.7069,-73.9511,B02598,
2014-04-12 00:04:00,40.7339,-74.0006,B02617,
2014-04-23 19:33:00,40.7369,-73.9867,B02617,
2014-04-19 18:40:00,40.7484,-74.0058,B02682,
2014-04-18 22:39:00,40.7507,-73.9845,B02617,
2014-04-17 07:44:00,40.7458,-73.9879,B02682,
2014-04-11 14:57:00,40.7366,-73.877,B02598,
2014-04-29 16:59:00,40.7768,-73.9833,B02617,
2014-04-20 01:59:00,40.72,-73.9881,B02682,
2014-04-27 17:58:00,40.7359,-74.0289,B02617,
2014-04-24 18:46:00,40.7163,-74.0111,B02682,
2014-04-15 08:05:00,40.7633,-73.8229,B02512,
2014-04-11 23:23:00,40.6835,-73.9561,B02512,
2014-04-12 10:47:00,40.7533,-73.9705,B02617,
2014-04-23 14:46:00,40.7319,-73.9524,B02617,
2014-04-02 18:12:00,40.7092,-74.0162,B02682,
2014-04-28 20:26:00,40.774,-73.8732,B02598,
2014-04-12 15:34:00,40.7288,-74.0027,B02512,
2014-04-03 20:32:00,40.6956,-73.9714,B02682,
2014-04-16 17:34:00,40.7753,-73.9634,B02617,
2014-04-04 18:59:00,40.7296,-73.9882,B02617,
2014-04-25 19:09:00,40.7199,-74.0052,B02682,
2014-04-24 13:59:00,40.7335,-73.9932,B02682,
2014-04-05 22:20:00,40.7246,-74.0022,B02598,
2014-04-22 13:43:00,40.7432,-73.9819,B02617,
2014-04-11 17:28:00,40.7431,-73.9912,B02512,
2014-04-02 18:44:00,40.7408,-73.9758,B02682,
2014-04-26 16:38:00,40.7053,-74.0091,B02598,
2014-04-08 12:37:00,40.7155,-74.0159,B02598,
2014-04-17 20:31:00,40.7332,-74.0031,B02512,
2014-04-18 21:25:00,40.7431,-73.9892,B02598,
2014-04-28 21:46:00,40.756,-73.9868,B02682,
2014-04-10 21:12:00,40.6921,-73.9514,B02682,
2014-04-02 15:29:00,40.7752,-73.9599,B02682,
2014-04-15 14:52:00,40.7372,-73.9904,B02598,
2014-04-22 22:41:00,40.7258,-73.9837,B02598,
2014-04-16 11:56:00,40.8079,-73.9396,B02682,
2014-04-16 16:08:00,40.7594,-73.9745,B02682,
2014-04-18 15:08:00,40.7156,-74.0152,B02617,
2014-04-17 19:21:00,40.7552,-73.9929,B02682,
2014-04-08 17:40:00,40.8102,-73.9613,B02598,
2014-04-19 14:32:00,40.8043,-73.9583,B02617,
2014-04-05 20:32:00,40.6484,-73.7834,B02682,
2014-04-25 20:32:00,40.7381,-74.0093,B02598,
2014-04-04 18:29:00,40.7721,-73.9672,B02617,
2014-04-07 12:08:00,40.7267,-74.0001,B02598,
2014-04-02 19:06:00,40.6752,-73.957,B02598,
2014-04-30 21:24:00,40.7427,-73.991,B02764,
2014-04-12 21:54:00,40.7577,-73.993,B02682,
2014-04-28 14:40:00,40.6437,-73.7857,B02598,
2014-04-26 20:14:00,40.5944,-73.9769,B02598,
2014-04-13 12:19:00,40.7638,-73.9897,B02682,
2014-04-05 21:04:00,40.7275,-73.9935,B02617,
2014-04-17 10:35:00,40.7206,-73.9624,B02682,
2014-04-10 18:01:00,40.7221,-73.9873,B02598,
2014-04-26 21:57:00,40.7692,-73.8867,B02682,
2014-04-03 20:30:00,40.7333,-73.9915,B02617,
2014-04-09 19:31:00,40.7674,-73.9688,B02617,
2014-04-27 09:13:00,40.7404,-73.9944,B02598,
2014-04-08 16:07:00,40.7912,-73.9772,B02617,
2014-04-16 20:45:00,40.7406,-74.0057,B02617,
2014-04-08 06:48:00,40.6755,-73.9993,B02598,
2014-04-16 06:46:00,40.6449,-73.7819,B02598,
2014-04-23 11:40:00,40.7151,-74.0161,B02512,
2014-04-16 20:39:00,40.6449,-73.782,B02617,
2014-04-27 13:01:00,40.7617,-73.9749,B02682,
2014-04-25 12:15:00,40.7276,-74.0049,B02598,
2014-04-26 20:18:00,40.7468,-73.9961,B02598,
2014-04-25 07:44:00,40.7355,-73.9937,B02682,
2014-04-07 18:38:00,40.7568,-73.9827,B02598,
2014-04-10 17:11:00,40.7457,-73.9915,B02617,
2014-04-14 07:49:00,40.7733,-73.945,B02598,
2014-04-05 07:16:00,40.6201,-74.0403,B02617,
2014-04-25 21:45:00,40.765,-73.982,B02598,
2014-04-13 05:08:00,40.7843,-73.977,B02598,
2014-04-28 01:17:00,40.7498,-73.9953,B02598,
2014-04-04 14:06:00,40.7616,-73.9787,B02598,
2014-04-29 18:50:00,40.7448,-73.9798,B02598,
2014-04-30 14:15:00,40.7488,-73.9925,B02682,
2014-04-14 05:07:00,40.787,-73.9735,B02682,
2014-04-23 07:19:00,40.7591,-73.9941,B02682,
2014-04-07 17:09:00,40.7582,-73.99,B02682,
2014-04-06 15:24:00,40.7382,-73.9855,B02512,
2014-04-27 22:21:00,40.73,-73.9989,B02682,
2014-04-19 11:37:00,40.7772,-73.9592,B02598,
2014-04-05 15:31:00,40.7605,-73.9858,B02682,
2014-04-14 15:28:00,40.8659,-73.8828,B02682,
2014-04-09 17:29:00,40.7292,-74.0025,B02682,
2014-04-26 16:48:00,40.738,-73.9831,B02682,
2014-04-05 22:18:00,40.7291,-73.9886,B02617,
2014-04-29 16:16:00,40.7529,-73.993,B02598,
2014-04-24 19:00:00,40.7246,-73.9917,B02617,
2014-04-11 13:54:00,40.7852,-73.9514,B02682,
2014-04-07 18:52:00,40.7687,-73.9602,B02682,
2014-04-02 17:54:00,40.7268,-74.0074,B02682,
2014-04-05 13:06:00,40.7526,-73.9704,B02617,
2014-04-23 18:54:00,40.7463,-73.9932,B02512,
2014-04-07 18:32:00,40.7614,-73.9665,B02617,
2014-04-08 04:03:00,40.7093,-74.0152,B02682,
2014-04-23 09:34:00,40.7581,-73.9646,B02598,
2014-04-22 21:43:00,40.6899,-73.9781,B02682,
2014-04-05 16:09:00,40.7479,-73.9949,B02598,
2014-04-05 17:49:00,40.7164,-74.047,B02598,
2014-04-01 15:01:00,40.6781,-73.9856,B02682,
2014-04-24 14:30:00,40.7881,-74.0434,B02682,
2014-04-12 22:55:00,40.7247,-73.9987,B02682,
2014-04-07 15:37:00,40.7312,-74.0,B02598,
2014-04-08 19:35:00,40.7387,-73.9853,B02598,
2014-04-30 22:41:00,40.7499,-73.9901,B02598,
2014-04-29 21:23:00,40.7562,-73.9725,B02682,
2014-04-08 11:21:00,40.7569,-73.9671,B02598,
2014-04-02 06:59:00,40.7268,-74.002,B02617,
2014-04-26 22:40:00,40.7423,-74.0037,B02512,
2014-04-24 16:19:00,40.7556,-73.9836,B02682,
2014-04-11 01:21:00,40.7212,-73.9832,B02598,
2014-04-26 23:47:00,40.7305,-74.1716,B02598,
2014-04-05 17:15:00,40.6443,-73.7836,B02682,
2014-04-17 09:16:00,40.7885,-73.9532,B02512,
2014-04-08 06:08:00,40.7291,-73.985,B02598,
2014-04-11 08:01:00,40.7036,-73.9896,B02617,
2014-04-03 19:59:00,40.7732,-73.8855,B02617,
2014-04-02 08:10:00,40.7564,-73.9727,B02682,
2014-04-19 21:38:00,40.7496,-73.9925,B02682,
2014-04-27 00:25:00,40.7253,-73.9926,B02682,
2014-04-29 16:44:00,40.7609,-73.9797,B02617,
2014-04-02 07:50:00,40.7069,-74.0079,B02512,
2014-04-25 22:45:00,40.7334,-73.9972,B02598,
2014-04-20 11:35:00,40.7173,-74.0123,B02512,
2014-04-09 13:29:00,40.7369,-73.9905,B02617,
2014-04-29 20:06:00,40.7624,-73.9783,B02617,
2014-04-22 20:27:00,40.6891,-73.9363,B02598,
2014-04-07 16:07:00,40.7906,-73.968,B02598,
2014-04-03 17:46:00,40.7259,-74.0039,B02598,
2014-04-16 22:12:00,40.7326,-74.0034,B02617,
2014-04-04 15:28:00,40.7782,-73.9766,B02682,
2014-04-21 09:52:00,40.7332,-74.0057,B02682,
2014-04-23 22:16:00,40.7684,-73.8623,B02598,
2014-04-08 07:13:00,40.7323,-74.0078,B02598,
2014-04-05 22:20:00,40.7764,-73.9771,B02598,
2014-04-15 17:31:00,40.7439,-73.9896,B02598,
2014-04-20 17:12:00,40.7521,-73.9859,B02617,
2014-04-16 12:25:00,40.7411,-74.0076,B02617,
2014-04-20 15:54:00,40.7519,-73.9751,B02682,
2014-04-02 18:23:00,40.7437,-73.9907,B02682,
2014-04-29 16:25:00,40.7615,-73.97,B02682,
2014-04-07 18:01:00,40.6815,-73.977,B02617,
2014-04-03 18:57:00,40.7559,-73.9908,B02617,
2014-04-10 19:22:00,40.8175,-73.942,B02682,
2014-04-13 15:48:00,40.6467,-73.7783,B02598,
2014-04-29 08:27:00,40.7438,-74.0063,B02512,
2014-04-21 16:39:00,40.7551,-73.9787,B02598,
2014-04-16 18:28:00,40.7175,-74.007,B02682,
2014-04-10 15:33:00,40.7432,-73.9744,B02682,
2014-04-03 17:29:00,40.7734,-73.96,B02617,
2014-04-03 19:45:00,40.7592,-73.9786,B02512,
2014-04-16 14:30:00,40.7358,-74.0059,B02598,
2014-04-02 15:27:00,40.726,-73.9919,B02617,
2014-04-04 17:20:00,40.7237,-74.0103,B02512,
2014-04-18 20:46:00,40.6714,-73.9469,B02598,
2014-04-29 16:22:00,40.7555,-73.9767,B02598,
2014-04-07 01:34:00,40.7072,-73.954,B02617,
2014-04-17 08:06:00,40.7841,-73.9765,B02617,
2014-04-03 23:58:00,40.7426,-73.9854,B02617,
2014-04-15 15:28:00,40.7714,-73.9563,B02598,
2014-04-10 17:45:00,40.7501,-73.9913,B02682,
2014-04-27 00:20:00,40.7399,-74.0061,B02512,
2014-04-03 04:58:00,40.7514,-74.0033,B02617,
2014-04-30 22:11:00,40.7208,-74.005,B02617,
2014-04-14 06:58:00,40.7839,-73.9503,B02682,
2014-04-23 07:49:00,40.7576,-73.9634,B02598,
2014-04-10 19:07:00,40.7683,-73.8624,B02598,
2014-04-29 21:43:00,40.7408,-73.9872,B02682,
2014-04-03 15:31:00,40.7482,-73.9395,B02598,
2014-04-19 06:09:00,40.7638,-73.9642,B02617,
2014-04-24 19:20:00,40.7251,-74.0015,B02682,
2014-04-30 21:54:00,40.7445,-73.9917,B02682,
2014-04-28 16:39:00,40.6525,-73.9402,B02682,
2014-04-18 22:49:00,40.6891,-73.9551,B02682,
2014-04-09 16:54:00,40.8011,-73.9678,B02598,
2014-04-30 18:37:00,40.7656,-73.9783,B02598,
2014-04-30 22:10:00,40.7682,-73.8619,B02682,
2014-04-11 15:35:00,40.6805,-73.9974,B02598,
2014-04-02 17:02:00,40.7562,-73.9748,B02598,
2014-04-30 12:39:00,40.8017,-73.9433,B02598,
2014-04-21 13:09:00,40.7683,-73.9845,B02512,
2014-04-04 01:46:00,40.7406,-74.0057,B02682,
2014-04-02 19:10:00,40.7403,-73.9978,B02598,
2014-04-29 21:16:00,40.7341,-73.9926,B02598,
2014-04-02 15:42:00,40.7435,-73.9891,B02682,
2014-04-30 17:24:00,40.7614,-73.9878,B02598,
2014-04-17 19:29:00,40.7601,-73.9869,B02682,
2014-04-22 15:57:00,40.7409,-73.9918,B02598,
2014-04-29 21:52:00,40.7401,-73.9742,B02598,
2014-04-18 15:52:00,40.7568,-73.9879,B02682,
2014-04-21 01:45:00,40.6483,-73.7851,B02598,
2014-04-14 21:59:00,40.7938,-73.9341,B02617,
2014-04-30 19:38:00,40.7377,-73.9916,B02682,
2014-04-07 22:02:00,40.7155,-74.0148,B02617,
2014-04-28 07:24:00,40.6957,-73.9824,B02682,
2014-04-04 21:13:00,40.7173,-74.0095,B02617,
2014-04-30 22:01:00,40.7258,-73.9924,B02598,
2014-04-07 20:53:00,40.7514,-73.9936,B02598,
2014-04-29 17:40:00,40.7325,-74.0095,B02598,
2014-04-08 14:18:00,40.7647,-73.974,B02682,
2014-04-30 22:57:00,40.7204,-73.9871,B02598,
2014-04-07 13:56:00,40.7617,-73.9803,B02617,
2014-04-30 23:01:00,40.762,-73.986,B02682,
2014-04-21 19:22:00,40.7346,-74.0071,B02682,
2014-04-21 09:01:00,40.7252,-73.9834,B02682,
2014-04-05 05:16:00,40.7963,-73.9496,B02682,
2014-04-30 14:56:00,40.7216,-73.9912,B02682,
2014-04-30 17:09:00,40.7549,-74.0,B02598,
2014-04-25 19:22:00,40.7802,-73.9589,B02682,
2014-04-23 17:56:00,40.7525,-73.9793,B02598,
2014-04-29 07:55:00,40.7755,-73.9783,B02682,
2014-04-30 19:29:00,40.7543,-73.9806,B02598,
2014-04-15 11:24:00,40.7658,-73.9545,B02598,
2014-04-23 16:29:00,40.7664,-73.9882,B02617,
2014-04-09 15:46:00,40.7723,-73.9466,B02682,
2014-04-29 07:21:00,40.7651,-73.972,B02512,
2014-04-18 16:38:00,40.7314,-73.9885,B02598,
2014-04-30 10:28:00,40.7295,-73.981,B02598,
2014-04-04 14:02:00,40.7395,-73.9922,B02682,
2014-04-17 07:27:00,40.7092,-74.013,B02682,
2014-04-23 14:26:00,40.7651,-73.9789,B02617,
2014-04-19 17:24:00,40.677,-73.9626,B02598,
2014-04-09 15:17:00,40.7158,-74.0049,B02512,
2014-04-06 01:35:00,40.7553,-73.9683,B02617,
2014-04-17 12:45:00,40.7259,-73.9981,B02598,
2014-04-05 23:56:00,40.7277,-73.9855,B02617,
2014-04-03 05:55:00,40.7737,-73.9798,B02598,
2014-04-17 07:27:00,40.7754,-73.9459,B02682,
2014-04-25 17:25:00,40.7675,-73.8815,B02598,
2014-04-22 23:22:00,40.7055,-74.0126,B02682,
2014-04-02 16:41:00,40.7396,-74.0026,B02598,
2014-04-28 22:03:00,40.7608,-73.9786,B02598,
2014-04-04 17:58:00,40.7595,-73.9723,B02682,
2014-04-13 14:27:00,40.6883,-73.9383,B02682,
2014-04-29 11:38:00,40.7408,-74.0076,B02598,
2014-04-12 19:15:00,40.7385,-73.9854,B02617,
2014-04-23 16:13:00,40.7084,-73.9614,B02598,
2014-04-13 13:50:00,40.7208,-73.9552,B02512,
2014-04-15 21:50:00,40.7481,-73.9712,B02617,
2014-04-18 17:53:00,40.7286,-73.9845,B02682,
2014-04-29 17:05:00,40.686,-73.9866,B02617,
2014-04-03 16:36:00,40.7566,-73.9863,B02598,
2014-04-09 02:05:00,40.7045,-74.0119,B02682,
2014-04-17 07:19:00,40.7732,-73.9901,B02682,
2014-04-11 18:52:00,40.7541,-73.9874,B02764,
2014-04-24 22:14:00,40.7162,-74.0087,B02682,
2014-04-30 13:28:00,40.7622,-73.975,B02617,
2014-04-30 19:54:00,40.762,-73.9777,B02617,
2014-04-30 08:24:00,40.7599,-73.9763,B02617,
2014-04-29 18:21:00,40.7403,-73.9888,B02598,
2014-04-01 07:28:00,40.7685,-73.958,B02682,
2014-04-01 09:13:00,40.6897,-73.9923,B02598,
2014-04-03 07:13:00,40.7427,-73.9944,B02682,
2014-04-28 13:25:00,40.7604,-73.9738,B02617,
2014-04-16 09:07:00,40.6692,-73.9829,B02512,
2014-04-05 17:41:00,40.714,-73.9871,B02682,
2014-04-07 16:26:00,40.7513,-73.9796,B02682,
2014-04-22 15:36:00,40.7417,-74.0047,B02682,
2014-04-12 09:00:00,40.7626,-73.9789,B02598,
2014-04-04 06:58:00,40.7697,-73.9486,B02682,
2014-04-04 22:41:00,40.7483,-73.98,B02598,
2014-04-10 19:03:00,40.7177,-74.0058,B02617,
2014-04-27 08:50:00,40.7213,-74.0092,B02682,
2014-04-30 22:58:00,40.7419,-73.9866,B02764,
2014-04-09 13:09:00,40.7053,-74.0133,B02598,
2014-04-28 06:09:00,40.762,-73.9266,B02682,
2014-04-30 05:28:00,40.7177,-73.9635,B02598,
2014-04-30 18:57:00,40.706,-74.018,B02617,
2014-04-30 18:46:00,40.7405,-73.9861,B02682,
2014-04-19 01:46:00,40.7211,-73.9975,B02682,
2014-04-29 16:20:00,40.7593,-73.9845,B02598,
2014-04-20 23:39:00,40.6484,-73.783,B02598,
2014-04-29 21:13:00,40.7693,-73.9922,B02617,
2014-04-20 16:18:00,40.7253,-74.0076,B02598,
2014-04-30 06:18:00,40.6687,-73.9748,B02682,
2014-04-02 06:53:00,40.7782,-73.9525,B02682,
2014-04-17 07:13:00,40.7346,-73.9756,B02682,
2014-04-22 16:29:00,40.7672,-73.9688,B02682,
2014-04-24 17:36:00,40.7414,-73.9833,B02682,
2014-04-10 19:26:00,40.7682,-73.9681,B02682,
2014-04-30 23:18:00,40.7743,-73.8733,B02617,
2014-04-12 00:53:00,40.7233,-73.9465,B02617,
2014-04-09 07:51:00,40.7309,-73.9758,B02682,
2014-04-04 20:13:00,40.6885,-73.9852,B02598,
2014-04-03 20:00:00,40.7599,-73.9798,B02598,
2014-04-02 19:08:00,40.7787,-73.9604,B02617,
2014-04-19 00:02:00,40.7033,-73.932,B02682,
2014-04-01 16:46:00,40.7107,-73.9852,B02682,
2014-04-08 09:25:00,40.6881,-73.967,B02598,
2014-04-04 14:49:00,40.715,-74.0056,B02598,
2014-04-30 08:11:00,40.7803,-73.9554,B02682,
2014-04-27 17:04:00,40.7777,-73.9488,B02598,
2014-04-01 22:36:00,40.7223,-73.9917,B02682,
2014-04-12 16:46:00,40.7652,-73.9723,B02682,
2014-04-15 17:37:00,40.7518,-73.9763,B02682,
2014-04-24 23:48:00,40.742,-74.0038,B02598,
2014-04-23 19:37:00,40.734,-74.0046,B02598,
2014-04-15 21:09:00,40.7536,-73.9808,B02598,
2014-04-15 17:57:00,40.7746,-73.9639,B02617,
2014-04-17 17:48:00,40.7207,-74.0052,B02598,
2014-04-11 23:45:00,40.7248,-73.9956,B02598,
2014-04-19 13:18:00,40.7761,-73.9616,B02617,
2014-04-20 10:58:00,40.7698,-73.9586,B02512,
2014-04-06 00:48:00,40.7289,-74.0006,B02617,
2014-04-05 22:12:00,40.75,-73.9834,B02598,
2014-04-28 05:17:00,40.7281,-73.9939,B02598,
2014-04-10 18:27:00,40.7645,-73.9727,B02682,
2014-04-02 07:09:00,40.7228,-74.0019,B02682,
2014-04-14 14:23:00,40.7684,-73.9574,B02512,
2014-04-30 19:55:00,40.7647,-73.9706,B02598,
2014-04-09 14:13:00,40.7447,-73.9873,B02682,
2014-04-21 20:02:00,40.7518,-73.9758,B02682,
2014-04-06 05:14:00,40.7219,-73.9584,B02682,
2014-04-04 23:37:00,40.6735,-73.9917,B02617,
2014-04-24 18:45:00,40.7708,-73.8657,B02682,
2014-04-09 21:56:00,40.8023,-73.9452,B02598,
2014-04-03 06:54:00,40.7224,-73.9824,B02598,
2014-04-12 21:43:00,40.7289,-73.9875,B02598,
2014-04-09 17:37:00,40.7582,-73.9854,B02512,
2014-04-25 13:50:00,40.7632,-73.9693,B02682,
2014-04-08 17:42:00,40.726,-74.0041,B02682,
2014-04-14 11:43:00,40.7687,-73.9603,B02598,
2014-04-29 21:22:00,40.7447,-73.9797,B02598,
2014-04-12 17:59:00,40.7362,-73.9982,B02617,
2014-04-25 14:18:00,40.7868,-73.9682,B02598,
2014-04-06 00:48:00,40.7201,-73.9554,B02682,
2014-04-08 17:23:00,40.7541,-73.9824,B02598,
2014-04-24 09:23:00,40.7609,-73.9867,B02682,
2014-04-23 16:42:00,40.8108,-73.9579,B02617,
2014-04-28 09:37:00,40.7246,-73.9799,B02598,
2014-04-27 14:53:00,40.7407,-74.0068,B02682,
2014-04-28 08:13:00,40.7362,-73.9821,B02617,
2014-04-17 22:44:00,40.7615,-73.9995,B02682,
2014-04-29 03:14:00,40.7708,-73.9478,B02598,
2014-04-23 07:36:00,40.7863,-73.9485,B02598,
2014-04-25 23:04:00,40.7586,-73.9813,B02598,
2014-04-14 04:58:00,40.7777,-73.9534,B02682,
2014-04-04 18:27:00,40.7629,-73.9698,B02617,
2014-04-28 11:47:00,40.725,-73.9924,B02682,
2014-04-21 03:29:00,40.718,-74.0048,B02682,
2014-04-14 11:45:00,40.7317,-74.0044,B02617,
2014-04-07 18:30:00,40.7633,-73.9673,B02682,
2014-04-04 07:51:00,40.7689,-73.9608,B02598,
2014-04-22 21:59:00,40.721,-74.01,B02598,
2014-04-20 07:20:00,40.766,-73.952,B02682,
2014-04-29 06:13:00,40.7715,-73.9507,B02682,
2014-04-01 14:25:00,40.7534,-73.9902,B02617,
2014-04-24 08:00:00,40.7158,-74.0161,B02682,
2014-04-02 10:23:00,40.7989,-73.9414,B02512,
2014-04-12 00:10:00,40.7416,-73.9937,B02617,
2014-04-06 18:59:00,40.6568,-74.007,B02682,
2014-04-18 00:04:00,40.7581,-73.973,B02617,
2014-04-02 19:35:00,40.718,-73.9897,B02598,
2014-04-18 15:01:00,40.7499,-73.9839,B02682,
2014-04-05 17:23:00,40.7426,-74.039,B02512,
2014-04-29 07:59:00,40.7319,-73.9839,B02682,
2014-04-17 18:10:00,40.7463,-73.9886,B02598,
2014-04-10 17:54:00,40.7169,-74.0023,B02764,
2014-04-02 08:39:00,40.7829,-73.9737,B02682,
2014-04-22 20:03:00,40.6752,-73.9796,B02617,
2014-04-10 11:07:00,40.7633,-73.9806,B02512,
2014-04-27 12:54:00,40.7492,-74.0031,B02682,
2014-04-08 13:18:00,40.7494,-73.9918,B02512,
2014-04-23 11:50:00,40.7741,-73.9825,B02682,
2014-04-15 19:37:00,40.7405,-74.0057,B02682,
2014-04-11 06:58:00,40.7296,-73.9863,B02617,
2014-04-30 06:16:00,40.7351,-74.0062,B02598,
2014-04-15 15:16:00,40.7624,-73.9723,B02682,
2014-04-12 10:24:00,40.7995,-73.9717,B02598,
2014-04-02 17:46:00,40.7133,-74.0108,B02617,
2014-04-30 19:16:00,40.7638,-73.976,B02598,
2014-04-21 08:55:00,40.6721,-73.9773,B02682,
2014-04-28 12:47:00,40.8105,-73.9601,B02617,
2014-04-23 20:17:00,40.7275,-74.0005,B02617,
2014-04-15 15:08:00,40.7395,-73.9943,B02617,
2014-04-24 16:33:00,40.7458,-73.9844,B02598,
2014-04-07 12:16:00,40.6932,-73.9906,B02617,
2014-04-28 21:14:00,40.702,-73.9926,B02682,
2014-04-25 17:58:00,40.7629,-73.9785,B02598,
2014-04-29 09:27:00,40.7338,-73.8149,B02682,
2014-04-15 12:43:00,40.645,-73.7818,B02617,
2014-04-23 15:20:00,40.7173,-74.0091,B02682,
2014-04-05 20:33:00,40.7433,-73.986,B02598,
2014-04-01 23:48:00,40.7597,-74.0278,B02682,
2014-04-06 10:06:00,40.7744,-73.9456,B02682,
2014-04-12 18:14:00,40.7151,-74.0078,B02598,
2014-04-22 15:22:00,40.7785,-73.9542,B02598,
2014-04-26 13:03:00,40.7227,-74.0003,B02617,
2014-04-13 14:42:00,40.7392,-74.0011,B02598,
2014-04-29 17:13:00,40.6443,-73.7836,B02598,
2014-04-05 14:02:00,40.716,-74.0119,B02764,
2014-04-01 07:04:00,40.712,-73.9681,B02682,
2014-04-13 00:38:00,40.7705,-73.9482,B02598,
2014-04-29 16:14:00,40.74,-74.0073,B02598,
2014-04-01 08:17:00,40.7704,-73.9581,B02682,
2014-04-23 19:47:00,40.7515,-73.9938,B02682,
2014-04-14 07:02:00,40.7711,-73.9897,B02682,
2014-04-23 08:06:00,40.7341,-73.9813,B02682,
2014-04-19 22:22:00,40.734,-74.0082,B02512,
2014-04-03 21:40:00,40.7052,-74.0079,B02617,
2014-04-29 18:00:00,40.7149,-74.0113,B02512,
2014-04-11 16:05:00,40.7557,-73.9861,B02682,
2014-04-08 19:59:00,40.7562,-73.9717,B02512,
2014-04-26 11:01:00,40.7707,-73.9485,B02764,
2014-04-27 04:21:00,40.7503,-73.9403,B02617,
2014-04-04 10:07:00,40.8841,-73.8925,B02598,
2014-04-01 16:57:00,40.7428,-73.9846,B02682,
2014-04-05 20:32:00,40.7173,-74.0095,B02617,
2014-04-10 09:59:00,40.7297,-74.0044,B02682,
2014-04-27 19:24:00,40.7635,-73.9749,B02598,
2014-04-05 01:10:00,40.7192,-74.0052,B02682,
2014-04-08 15:05:00,40.7843,-73.9551,B02617,
2014-04-18 01:52:00,40.761,-73.9791,B02598,
2014-04-29 17:57:00,40.6879,-74.1814,B02682,
2014-04-24 23:09:00,40.7269,-73.9997,B02598,
2014-04-09 08:42:00,40.6919,-74.0005,B02617,
2014-04-26 21:15:00,40.722,-73.9578,B02682,
2014-04-27 10:52:00,40.7561,-73.9824,B02598,
2014-04-26 16:45:00,40.7746,-73.9819,B02682,
2014-04-04 06:51:00,40.7786,-73.9775,B02682,
2014-04-05 23:58:00,40.7447,-73.9953,B02682,
2014-04-24 09:58:00,40.7536,-73.9867,B02682,
2014-04-15 16:24:00,40.7487,-73.9864,B02598,
2014-04-15 19:59:00,40.7585,-73.9691,B02617,
2014-04-12 17:12:00,40.7227,-73.9773,B02682,
2014-04-03 14:03:00,40.7269,-74.0072,B02682,
2014-04-04 23:10:00,40.7224,-74.0026,B02682,
2014-04-24 13:50:00,40.7372,-73.9969,B02598,
2014-04-30 18:15:00,40.756,-73.9966,B02682,
2014-04-02 11:38:00,40.6834,-73.9555,B02617,
2014-04-29 16:00:00,40.8812,-73.8786,B02682,
2014-04-01 18:51:00,40.7377,-73.9911,B02682,
2014-04-19 17:13:00,40.7186,-74.0089,B02682,
2014-04-19 19:01:00,41.0053,-73.7495,B02617,
2014-04-09 15:21:00,40.7568,-73.9976,B02682,
2014-04-03 16:16:00,40.7078,-73.947,B02617,
2014-04-20 09:50:00,40.7316,-73.9991,B02764,
2014-04-05 22:10:00,40.6819,-73.9758,B02598,
2014-04-15 17:41:00,40.761,-73.9987,B02682,
2014-04-23 00:19:00,40.764,-73.994,B02682,
2014-04-09 20:42:00,40.7543,-73.9772,B02682,
2014-04-22 04:05:00,40.7399,-74.0059,B02617,
2014-04-08 07:04:00,40.7214,-74.0053,B02598,
2014-04-28 07:34:00,40.7938,-73.9323,B02682,
2014-04-19 18:31:00,40.7617,-73.9746,B02598,
2014-04-18 17:53:00,40.723,-73.9976,B02598,
2014-04-28 17:40:00,40.7002,-73.9127,B02617,
2014-04-13 13:47:00,40.7372,-74.0004,B02617,
2014-04-10 19:09:00,40.7502,-73.9947,B02682,
2014-04-23 12:48:00,40.7669,-73.9818,B02617,
2014-04-24 18:57:00,40.7199,-73.9962,B02598,
2014-04-25 21:46:00,40.7225,-74.2242,B02617,
2014-04-06 12:14:00,40.7624,-73.9861,B02512,
2014-04-02 07:23:00,40.7233,-73.9913,B02682,
2014-04-17 21:13:00,40.6926,-73.9862,B02764,
2014-04-27 14:31:00,40.7733,-73.9544,B02598,
2014-04-24 07:28:00,40.7561,-73.9726,B02598,
2014-04-29 16:39:00,40.7517,-74.0038,B02617,
2014-04-25 15:50:00,40.7653,-73.982,B02617,
2014-04-01 18:18:00,40.7631,-73.979,B02682,
2014-04-14 14:09:00,40.7868,-73.9683,B02682,
2014-04-30 12:54:00,40.7492,-73.9752,B02682,
2014-04-01 15:44:00,40.7545,-73.9653,B02764,
2014-04-03 10:37:00,40.7239,-74.0036,B02598,
2014-04-18 13:48:00,40.7511,-74.0054,B02682,
2014-04-30 23:21:00,40.7736,-73.871,B02598,
2014-04-16 22:28:00,40.7334,-73.9972,B02617,
2014-04-05 15:32:00,40.7173,-73.9954,B02598,
2014-04-21 10:15:00,40.7628,-73.9913,B02682,
2014-04-15 15:48:00,40.7622,-73.9661,B02598,
2014-04-08 06:26:00,40.776,-73.9442,B02682,
2014-04-29 18:00:00,40.7572,-73.9782,B02598,
2014-04-17 09:01:00,40.7682,-73.8621,B02682,
2014-04-24 17:21:00,40.7213,-74.0099,B02598,
2014-04-10 10:18:00,40.793,-73.9659,B02617,
2014-04-25 12:47:00,40.7962,-73.9725,B02512,
2014-04-11 13:54:00,40.7406,-74.0019,B02617,
2014-04-05 11:34:00,40.6901,-73.93,B02617,
2014-04-28 09:30:00,40.7545,-74.119,B02682,
2014-04-23 22:06:00,40.7724,-73.9608,B02598,
2014-04-17 12:53:00,40.7325,-73.9968,B02512,
2014-04-02 09:22:00,40.7336,-73.9565,B02682,
2014-04-15 21:26:00,40.7173,-74.0146,B02682,
2014-04-28 11:03:00,40.7306,-73.983,B02617,
2014-04-25 19:38:00,40.6614,-73.992,B02682,
2014-04-09 14:19:00,40.7578,-73.9706,B02617,
2014-04-22 07:14:00,40.7805,-73.9727,B02682,
2014-04-29 13:01:00,40.724,-73.9911,B02617,
2014-04-21 15:17:00,40.7225,-73.9975,B02682,
2014-04-01 22:07:00,40.7061,-74.009,B02682,
2014-04-27 13:11:00,40.7618,-74.0011,B02682,
2014-04-03 00:34:00,40.764,-73.9541,B02682,
2014-04-25 06:44:00,40.8167,-73.9473,B02598,
2014-04-12 16:03:00,40.7014,-73.9446,B02598,
2014-04-29 15:00:00,40.7584,-73.9751,B02617,
2014-04-29 22:55:00,40.7019,-74.0112,B02617,
2014-04-18 14:29:00,40.7143,-74.015,B02598,
2014-04-10 19:36:00,40.7335,-74.0029,B02682,
2014-04-19 00:49:00,40.7406,-74.0056,B02682,
2014-04-13 00:34:00,40.7329,-74.0039,B02512,
2014-04-23 12:23:00,40.7384,-73.9821,B02682,
2014-04-28 16:23:00,40.7538,-73.9885,B02682,
2014-04-22 14:32:00,40.7643,-73.9731,B02682,
2014-04-24 20:10:00,40.7208,-73.9437,B02598,
2014-04-12 17:44:00,40.7655,-73.9588,B02598,
2014-04-06 11:55:00,40.7438,-73.9879,B02598,
2014-04-30 15:16:00,40.7537,-73.9723,B02598,
2014-04-25 16:54:00,40.6915,-73.9964,B02617,
2014-04-11 19:34:00,40.7599,-73.9669,B02764,
2014-04-15 20:19:00,40.7541,-73.9725,B02682,
2014-04-05 19:20:00,40.7759,-73.9764,B02598,
2014-04-17 23:08:00,40.7751,-73.9907,B02598,
2014-04-02 06:23:00,40.76,-73.9687,B02598,
2014-04-10 22:14:00,40.726,-73.9948,B02682,
2014-04-29 14:52:00,40.7427,-74.0078,B02617,
2014-04-16 21:15:00,40.8575,-73.9323,B02764,
2014-04-26 19:17:00,40.7235,-73.9984,B02682,
2014-04-04 14:58:00,40.7401,-73.9902,B02682,
2014-04-11 18:44:00,40.7529,-73.9894,B02598,
2014-04-17 15:06:00,40.7505,-73.9768,B02617,
2014-04-18 06:35:00,40.6457,-73.7767,B02598,
2014-04-17 07:41:00,40.7236,-74.0108,B02682,
2014-04-07 13:04:00,40.7636,-73.9736,B02617,
2014-04-30 07:46:00,40.7368,-74.0045,B02512,
2014-04-17 18:06:00,40.745,-73.9849,B02682,
2014-04-12 23:13:00,40.6841,-73.9771,B02598,
2014-04-07 17:45:00,40.7398,-73.9904,B02512,
2014-04-12 16:59:00,40.7613,-73.9778,B02598,
2014-04-24 16:55:00,40.7199,-74.0001,B02598,
2014-04-30 19:25:00,40.713,-73.9522,B02512,
2014-04-08 16:03:00,40.741,-74.0056,B02598,
2014-04-07 17:26:00,40.7276,-74.0073,B02682,
2014-04-19 16:08:00,40.7752,-73.9821,B02598,
2014-04-30 08:50:00,40.6892,-73.9189,B02682,
2014-04-22 21:12:00,40.7575,-73.986,B02682,
2014-04-24 07:51:00,40.7595,-73.9866,B02598,
2014-04-28 14:42:00,40.8993,-73.7968,B02598,
2014-04-04 18:35:00,40.7452,-73.998,B02598,
2014-04-03 17:11:00,40.7452,-73.9922,B02682,
2014-04-13 18:30:00,40.7093,-74.0104,B02617,
2014-04-15 15:36:00,40.7058,-74.0041,B02617,
2014-04-30 15:59:00,40.7717,-73.9888,B02598,
2014-04-26 02:19:00,40.7187,-73.9923,B02682,
2014-04-11 05:13:00,40.7671,-73.984,B02764,
2014-04-24 15:13:00,40.7504,-74.0059,B02598,
2014-04-30 10:13:00,40.7504,-74.0027,B02617,
2014-04-09 18:16:00,40.7588,-73.9774,B02682,
2014-04-18 00:43:00,40.7331,-74.0041,B02682,
2014-04-18 09:45:00,40.7963,-73.9736,B02682,
2014-04-15 21:13:00,40.7268,-74.0028,B02682,
2014-04-02 22:37:00,40.6948,-73.9594,B02682,
2014-04-26 01:12:00,40.7421,-73.9924,B02682,
2014-04-05 15:55:00,40.7746,-73.9543,B02598,
2014-04-08 18:07:00,40.7277,-74.0053,B02512,
2014-04-30 18:43:00,40.7596,-73.9912,B02598,
2014-04-22 09:43:00,40.7739,-73.8723,B02682,
2014-04-27 16:28:00,40.6903,-73.9815,B02617,
2014-04-15 05:15:00,40.748,-74.0002,B02617,
2014-04-26 20:13:00,40.7201,-74.0085,B02617,
2014-04-25 11:18:00,40.7608,-73.9761,B02617,
2014-04-25 06:59:00,40.6713,-73.9779,B02682,
2014-04-06 13:06:00,40.7207,-74.0018,B02682,
2014-04-01 07:13:00,40.7752,-73.9904,B02617,
2014-04-29 06:37:00,40.7683,-73.8616,B02682,
2014-04-06 19:03:00,40.7471,-73.9935,B02617,
2014-04-22 17:13:00,40.7701,-73.9649,B02682,
2014-04-13 00:00:00,40.7648,-73.9917,B02598,
2014-04-08 15:02:00,40.7462,-74.0081,B02682,
2014-04-09 14:54:00,40.7092,-73.9614,B02682,
2014-04-29 11:45:00,40.6913,-73.9843,B02598,
2014-04-30 18:59:00,40.7315,-74.0031,B02682,
2014-04-03 18:13:00,40.7609,-73.999,B02598,
2014-04-22 20:37:00,40.7541,-73.9867,B02682,
2014-04-10 16:16:00,40.8149,-74.3588,B02617,
2014-04-15 19:29:00,40.7423,-73.934,B02682,
2014-04-03 14:45:00,40.7761,-73.9613,B02512,
2014-04-16 19:55:00,40.7511,-73.9742,B02598,
2014-04-15 05:09:00,40.7776,-73.977,B02598,
2014-04-23 17:21:00,40.7609,-73.9965,B02598,
2014-04-29 09:02:00,40.6665,-73.982,B02682,
2014-04-26 01:14:00,40.7273,-73.9921,B02682,
2014-04-30 08:11:00,40.7747,-73.9823,B02598,
2014-04-23 14:00:00,40.7478,-73.9851,B02682,
2014-04-08 06:23:00,40.7801,-73.9807,B02682,
2014-04-13 18:31:00,40.7252,-73.9891,B02598,
2014-04-02 12:17:00,40.7614,-73.97,B02682,
2014-04-23 14:50:00,40.7568,-73.9854,B02682,
2014-04-08 14:29:00,40.7848,-73.9538,B02617,
2014-04-06 13:56:00,40.6622,-74.0948,B02682,
2014-04-05 11:35:00,40.7151,-73.9607,B02682,
2014-04-26 12:27:00,40.7248,-73.9972,B02682,
2014-04-05 10:12:00,40.7645,-73.9808,B02598,
2014-04-02 19:50:00,40.7353,-73.988,B02682,
2014-04-13 04:10:00,40.7623,-73.842,B02617,
2014-04-16 05:10:00,40.7579,-73.9893,B02598,
2014-04-30 18:57:00,40.7403,-73.9907,B02598,
2014-04-11 14:32:00,40.7213,-73.9977,B02764,
2014-04-04 14:19:00,40.7691,-73.9959,B02682,
2014-04-30 05:52:00,40.7281,-73.8618,B02682,
2014-04-04 18:51:00,40.7473,-73.9721,B02682,
2014-04-02 13:35:00,40.6417,-73.7887,B02682,
2014-04-02 14:00:00,40.7704,-73.9605,B02682,
2014-04-02 11:00:00,40.7536,-73.979,B02682,
2014-04-22 18:34:00,40.7398,-74.006,B02682,
2014-04-26 20:13:00,40.7697,-73.956,B02682,
2014-04-16 00:13:00,40.7274,-73.9921,B02512,
2014-04-24 18:49:00,40.7513,-73.9941,B02682,
2014-04-12 10:49:00,40.7705,-73.9543,B02598,
2014-04-05 01:28:00,40.84,-73.9408,B02682,
2014-04-15 22:27:00,40.7532,-73.987,B02598,
2014-04-18 16:44:00,40.7305,-73.976,B02682,
2014-04-30 21:36:00,40.7441,-73.9875,B02617,
2014-04-23 20:40:00,40.7735,-73.9663,B02682,
2014-04-23 10:03:00,40.6949,-73.9871,B02617,
2014-04-21 08:16:00,40.76,-73.9844,B02682,
2014-04-15 03:58:00,40.7446,-73.9222,B02598,
2014-04-09 17:02:00,40.739,-74.001,B02598,
2014-04-03 07:03:00,40.7124,-73.9659,B02682,
2014-04-24 16:25:00,40.7692,-73.9822,B02682,
2014-04-02 16:03:00,40.7637,-73.9753,B02682,
2014-04-26 02:24:00,40.7058,-74.0042,B02598,
2014-04-01 20:47:00,40.7308,-74.001,B02512,
2014-04-02 17:36:00,40.7945,-73.9399,B02617,
2014-04-25 05:57:00,40.7386,-73.9977,B02512,
2014-04-26 12:55:00,40.6932,-73.9887,B02598,
2014-04-02 16:42:00,40.721,-73.9582,B02598,
2014-04-11 18:57:00,40.6715,-73.9711,B02598,
2014-04-28 06:59:00,40.645,-73.782,B02682,
2014-04-24 05:10:00,40.741,-74.0076,B02682,
2014-04-26 23:13:00,40.7293,-73.9922,B02598,
2014-04-30 15:35:00,40.7513,-73.9893,B02598,
2014-04-25 18:27:00,40.7674,-73.9846,B02598,
2014-04-17 12:31:00,40.7825,-73.9469,B02682,
2014-04-27 02:18:00,40.7806,-73.9804,B02617,
2014-04-21 15:19:00,40.7761,-73.9571,B02598,
2014-04-04 19:14:00,40.7488,-73.9903,B02598,
2014-04-19 15:24:00,40.6449,-73.7823,B02682,
2014-04-07 12:42:00,40.7633,-73.9665,B02598,
2014-04-29 20:36:00,40.7499,-73.9835,B02682,
2014-04-12 17:01:00,40.7256,-74.0049,B02682,
2014-04-30 22:13:00,40.7658,-73.9818,B02682,
2014-04-22 01:33:00,40.7312,-74.0012,B02598,
2014-04-25 23:31:00,40.7449,-73.9888,B02598,
2014-04-01 16:54:00,40.7103,-73.9844,B02682,
2014-04-01 17:26:00,40.7024,-73.9895,B02682,
2014-04-20 16:47:00,40.7791,-73.9825,B02598,
2014-04-12 15:58:00,40.7334,-73.9996,B02598,
2014-04-02 19:09:00,40.7269,-74.0074,B02682,
2014-04-28 08:54:00,40.7767,-73.9857,B02682,
2014-04-21 19:20:00,40.7607,-73.9612,B02598,
2014-04-23 14:41:00,40.7585,-73.9675,B02598,
2014-04-04 18:15:00,40.7841,-73.9543,B02682,
2014-04-17 12:05:00,40.8436,-73.8455,B02598,
2014-04-18 13:21:00,40.7552,-73.9704,B02598,
2014-04-26 23:52:00,40.7279,-74.0,B02617,
2014-04-19 15:38:00,40.7224,-73.9549,B02598,
2014-04-14 04:55:00,40.7725,-73.953,B02682,
2014-04-04 05:18:00,40.7862,-73.9519,B02598,
2014-04-26 04:54:00,40.6752,-73.9753,B02682,
2014-04-09 08:34:00,40.7514,-74.0031,B02617,
2014-04-28 08:25:00,40.7421,-73.9808,B02682,
2014-04-30 19:28:00,40.7556,-73.9709,B02682,
2014-04-21 18:31:00,40.7314,-73.9888,B02682,
2014-04-10 13:32:00,40.7601,-73.9719,B02512,
2014-04-15 22:00:00,40.7321,-73.9958,B02682,
2014-04-02 22:51:00,40.7312,-74.0029,B02617,
2014-04-23 20:32:00,40.8125,-73.9484,B02617,
2014-04-24 18:58:00,40.7461,-73.9821,B02598,
2014-04-01 08:37:00,40.7293,-73.9797,B02598,
2014-04-11 04:28:00,40.7125,-73.9518,B02598,
2014-04-02 14:10:00,40.7646,-73.9718,B02617,
2014-04-12 17:28:00,40.7365,-73.9988,B02598,
2014-04-27 15:56:00,40.774,-73.8719,B02682,
2014-04-28 11:52:00,40.764,-73.9732,B02764,
2014-04-03 17:04:00,40.7755,-73.9647,B02682,
2014-04-26 08:51:00,40.7129,-73.9955,B02682,
2014-04-29 09:11:00,40.7764,-73.9564,B02598,
2014-04-13 13:16:00,40.7198,-73.9785,B02617,
2014-04-28 17:02:00,40.7218,-74.0043,B02682,
2014-04-08 16:51:00,40.7199,-74.0003,B02598,
2014-04-25 20:18:00,40.7699,-73.9587,B02682,
2014-04-29 20:43:00,40.6997,-73.9794,B02598,
2014-04-18 07:48:00,40.7323,-73.9951,B02598,
2014-04-30 17:38:00,40.7246,-73.9973,B02682,
2014-04-15 12:52:00,40.7676,-73.9515,B02682,
2014-04-27 00:14:00,40.7417,-73.9832,B02598,
2014-04-17 23:52:00,40.7452,-74.0343,B02512,
2014-04-29 15:34:00,40.7501,-73.972,B02598,
2014-04-15 16:43:00,40.7311,-74.0086,B02682,
2014-04-30 23:12:00,40.7317,-74.0064,B02682,
2014-04-30 11:29:00,40.7065,-74.0168,B02617,
2014-04-20 01:40:00,40.7144,-73.9656,B02682,
2014-04-19 18:40:00,40.8013,-73.948,B02598,
2014-04-19 18:36:00,40.7631,-73.9698,B02598,
2014-04-27 13:40:00,40.7785,-73.9563,B02682,
2014-04-17 09:50:00,40.7564,-73.9838,B02598,
2014-04-27 13:45:00,40.7654,-73.9613,B02598,
2014-04-15 15:34:00,40.7191,-73.9831,B02617,
2014-04-26 20:59:00,40.7214,-73.9976,B02598,
2014-04-06 19:27:00,40.6415,-73.7881,B02682,
2014-04-15 09:29:00,40.776,-73.9814,B02598,
2014-04-17 17:49:00,40.7586,-73.9687,B02617,
2014-04-30 05:03:00,40.717,-74.0026,B02682,
2014-04-22 16:12:00,40.7263,-73.9935,B02598,
2014-04-15 06:02:00,40.7219,-73.9874,B02617,
2014-04-01 08:09:00,40.6966,-73.9971,B02617,
2014-04-04 12:35:00,40.7298,-74.0042,B02682,
2014-04-04 11:53:00,40.7518,-73.993,B02598,
2014-04-21 09:06:00,40.7455,-74.003,B02598,
2014-04-22 07:12:00,40.7882,-73.9746,B02598,
2014-04-16 18:19:00,40.7702,-73.9616,B02682,
2014-04-30 20:09:00,40.774,-73.8723,B02598,
2014-04-29 18:05:00,40.7402,-73.9886,B02764,
2014-04-07 17:26:00,40.7371,-73.9929,B02617,
2014-04-18 23:17:00,40.7283,-73.9847,B02617,
2014-04-02 04:29:00,40.6924,-73.9912,B02598,
2014-04-05 17:57:00,40.7409,-73.9802,B02617,
2014-04-06 18:43:00,40.6912,-73.995,B02598,
2014-04-30 03:57:00,40.7201,-73.9841,B02598,
2014-04-26 03:41:00,40.7442,-74.0067,B02617,
2014-04-25 11:47:00,40.8086,-73.9663,B02682,
2014-04-17 13:56:00,40.7406,-73.9945,B02682,
2014-04-22 23:38:00,40.7181,-73.9846,B02682,
2014-04-03 16:24:00,40.7673,-73.9548,B02598,
2014-04-04 12:32:00,40.7699,-73.9843,B02598,
2014-04-02 16:47:00,40.6812,-73.9743,B02598,
2014-04-15 19:01:00,40.7522,-74.0051,B02598,
2014-04-08 13:44:00,40.7172,-73.9889,B02682,
2014-04-13 00:33:00,40.7176,-73.9905,B02682,
2014-04-30 18:06:00,40.7631,-73.9747,B02512,
2014-04-30 20:05:00,40.7647,-73.977,B02617,
2014-04-30 18:07:00,40.7534,-73.9793,B02682,
2014-04-10 19:04:00,40.7549,-73.9779,B02598,
2014-04-30 16:09:00,40.7212,-73.9936,B02598,
2014-04-11 16:38:00,40.7633,-73.9722,B02682,
2014-04-25 23:33:00,40.7271,-73.9916,B02682,
2014-04-18 22:36:00,40.7595,-73.9855,B02682,
2014-04-25 04:59:00,40.7395,-74.004,B02682,
2014-04-30 15:49:00,40.732,-73.9965,B02682,
2014-04-12 13:13:00,40.7103,-74.0126,B02617,
2014-04-07 05:18:00,40.7787,-73.9477,B02512,
2014-04-15 12:02:00,40.7652,-73.9675,B02598,
2014-04-24 16:09:00,40.7495,-73.9918,B02598,
2014-04-10 08:49:00,40.7446,-73.9802,B02682,
2014-04-01 06:41:00,40.738,-73.985,B02617,
2014-04-04 22:49:00,40.7403,-74.0053,B02598,
2014-04-28 07:50:00,40.7518,-73.9822,B02598,
2014-04-28 22:21:00,40.7627,-73.9784,B02598,
2014-04-07 06:38:00,40.7325,-73.9969,B02682,
2014-04-27 20:41:00,40.7092,-73.9685,B02598,
2014-04-15 08:14:00,40.7325,-73.9894,B02598,
2014-04-03 17:22:00,40.7264,-74.0056,B02617,
2014-04-14 17:39:00,40.7824,-73.9805,B02682,
2014-04-29 14:56:00,40.7329,-73.9901,B02617,
2014-04-07 22:05:00,40.724,-73.982,B02598,
2014-04-26 11:01:00,40.7452,-73.9848,B02598,
2014-04-21 22:10:00,40.7409,-73.9975,B02598,
2014-04-04 07:44:00,40.7328,-73.9913,B02598,
2014-04-25 21:56:00,40.7567,-73.9983,B02682,
2014-04-27 22:14:00,40.7313,-73.9941,B02617,
2014-04-17 17:17:00,40.7759,-73.9442,B02598,
2014-04-11 09:15:00,40.6831,-73.9811,B02598,
2014-04-06 15:34:00,40.7607,-73.9607,B02512,
2014-04-22 23:16:00,40.7407,-74.0044,B02682,
2014-04-24 16:23:00,40.7538,-73.996,B02598,
2014-04-15 19:42:00,40.7149,-73.998,B02512,
2014-04-02 15:31:00,40.7512,-74.0066,B02682,
2014-04-05 20:34:00,40.742,-74.004,B02617,
2014-04-24 14:37:00,40.7564,-73.9704,B02682,
2014-04-15 10:48:00,40.7721,-73.9589,B02682,
2014-04-15 17:37:00,40.7543,-73.9878,B02598,
2014-04-12 22:58:00,40.7381,-73.9909,B02682,
2014-04-17 12:08:00,40.7578,-73.9852,B02682,
2014-04-08 18:30:00,40.7171,-73.9945,B02617,
2014-04-30 18:39:00,40.7151,-74.0099,B02598,
2014-04-27 14:57:00,40.7465,-73.99,B02512,
2014-04-08 14:21:00,40.7618,-73.9685,B02682,
2014-04-30 01:47:00,40.745,-73.9842,B02598,
2014-04-15 18:09:00,40.7254,-73.9959,B02512,
2014-04-22 20:38:00,40.7809,-73.9545,B02682,
2014-04-15 05:49:00,40.9038,-73.813,B02598,
2014-04-26 16:45:00,40.7124,-74.0086,B02598,
2014-04-22 05:08:00,40.7675,-73.9807,B02617,
2014-04-29 06:48:00,40.7441,-73.9721,B02617,
2014-04-14 05:51:00,40.7348,-74.0038,B02617,
2014-04-29 21:02:00,40.7074,-74.0078,B02598,
2014-04-11 08:48:00,40.7643,-73.9958,B02682,
2014-04-18 06:45:00,40.7168,-74.0145,B02512,
2014-04-11 08:58:00,40.7375,-73.9932,B02598,
2014-04-04 22:49:00,40.7246,-73.9986,B02764,
2014-04-27 16:36:00,40.5755,-74.0033,B02617,
2014-04-26 04:52:00,40.7128,-74.0096,B02598,
2014-04-04 08:55:00,40.6893,-73.9681,B02682,
2014-04-30 16:58:00,40.81,-73.8036,B02598,
2014-04-28 17:39:00,40.7458,-73.9937,B02598,
2014-04-03 22:44:00,40.7466,-73.988,B02598,
2014-04-27 23:06:00,40.7096,-74.0129,B02682,
2014-04-22 18:51:00,40.7534,-73.9889,B02598,
2014-04-03 15:19:00,40.7642,-73.9809,B02617,
2014-04-14 14:10:00,40.7743,-73.9453,B02617,
2014-04-20 03:09:00,40.7404,-74.0063,B02682,
2014-04-30 20:37:00,40.7561,-73.985,B02682,
2014-04-05 13:10:00,40.7618,-74.0008,B02682,
2014-04-20 15:05:00,40.7663,-73.987,B02598,
2014-04-16 10:50:00,40.7651,-73.955,B02617,
2014-04-14 15:04:00,40.7563,-73.9852,B02682,
2014-04-04 10:28:00,40.7566,-73.9981,B02682,
2014-04-08 16:40:00,40.7447,-73.981,B02598,
2014-04-04 23:50:00,40.7202,-73.997,B02617,
2014-04-14 10:41:00,40.7217,-73.9976,B02598,
2014-04-17 20:00:00,40.7526,-73.9886,B02617,
2014-04-07 13:22:00,40.7477,-73.9828,B02598,
2014-04-18 18:12:00,40.7126,-74.0094,B02598,
2014-04-26 03:10:00,40.7478,-73.9767,B02598,
2014-04-05 15:40:00,40.7023,-74.0128,B02617,
2014-04-17 11:53:00,40.7433,-73.9845,B02682,
2014-04-19 14:28:00,40.7324,-74.0017,B02682,
2014-04-25 13:22:00,40.7266,-73.994,B02598,
2014-04-30 10:05:00,40.7582,-73.9817,B02598,
2014-04-22 11:00:00,40.7368,-74.0046,B02598,
2014-04-30 08:33:00,40.7454,-73.9719,B02764,
2014-04-16 16:07:00,40.7376,-74.0088,B02682,
2014-04-30 08:19:00,40.7613,-73.9978,B02682,
2014-04-28 17:33:00,40.7604,-73.9992,B02598,
2014-04-19 22:29:00,40.6728,-73.99,B02617,
2014-04-24 19:44:00,40.6949,-74.1781,B02682,
2014-04-30 16:51:00,40.7275,-73.9951,B02598,
2014-04-23 08:19:00,40.71,-74.0123,B02682,
2014-04-08 08:22:00,40.7876,-73.9689,B02512,
2014-04-26 23:51:00,40.7231,-73.989,B02617,
2014-04-04 07:20:00,40.7275,-73.9795,B02682,
2014-04-11 19:26:00,40.774,-73.8716,B02682,
2014-04-18 17:03:00,40.7674,-73.953,B02598,
2014-04-09 20:42:00,40.6465,-73.7773,B02682,
2014-04-30 13:12:00,40.7159,-74.0153,B02682,
2014-04-23 21:24:00,40.7268,-73.9428,B02682,
2014-04-14 10:15:00,40.7511,-73.9695,B02598,
2014-04-06 11:46:00,40.757,-73.9889,B02682,
2014-04-02 09:44:00,40.7556,-73.9818,B02598,
2014-04-08 18:31:00,40.725,-73.9948,B02598,
2014-04-04 00:03:00,40.7273,-74.0017,B02617,
2014-04-16 14:35:00,40.7441,-73.9881,B02598,
2014-04-04 07:40:00,40.7336,-73.9921,B02682,
2014-04-07 11:03:00,40.7211,-73.9564,B02682,
2014-04-30 07:28:00,40.7323,-74.0077,B02682,
2014-04-10 12:50:00,40.7196,-74.0103,B02682,
2014-04-11 07:14:00,40.7676,-73.9654,B02598,
2014-04-24 20:53:00,40.736,-74.0295,B02598,
2014-04-23 20:14:00,40.7041,-74.012,B02617,
2014-04-16 08:33:00,40.7272,-74.0061,B02598,
2014-04-12 18:48:00,40.7348,-74.0095,B02682,
2014-04-10 11:16:00,40.7031,-73.986,B02598,
2014-04-01 12:31:00,40.7702,-73.9637,B02598,
2014-04-09 21:41:00,40.7654,-73.9758,B02598,
2014-04-30 16:16:00,40.7576,-73.9769,B02598,
2014-04-17 09:25:00,40.7095,-74.0105,B02598,
2014-04-10 17:22:00,40.771,-73.866,B02598,
2014-04-19 16:50:00,40.7386,-73.9856,B02617,
2014-04-10 08:10:00,40.6699,-73.9832,B02682,
2014-04-05 10:05:00,40.7671,-73.9168,B02598,
2014-04-16 07:53:00,40.7226,-73.9768,B02682,
2014-04-17 15:40:00,40.7583,-73.9729,B02617,
2014-04-05 18:29:00,40.6711,-73.9592,B02617,
2014-04-22 14:18:00,40.7072,-74.0045,B02682,
2014-04-18 14:38:00,40.7429,-73.9925,B02682,
2014-04-11 22:10:00,40.7503,-73.9811,B02617,
2014-04-07 19:33:00,40.6763,-73.8616,B02598,
2014-04-28 09:13:00,40.7448,-73.9889,B02598,
2014-04-23 15:49:00,40.6655,-73.9523,B02764,
2014-04-15 21:15:00,40.7381,-73.988,B02682,
2014-04-29 20:14:00,40.7434,-74.0073,B02682,
2014-04-23 09:16:00,40.7053,-74.0172,B02764,
2014-04-10 17:03:00,40.6421,-73.7889,B02598,
2014-04-23 16:45:00,40.7509,-73.9714,B02598,
2014-04-17 20:58:00,40.7548,-73.9799,B02598,
2014-04-02 16:42:00,40.7639,-73.9763,B02682,
2014-04-05 16:06:00,40.6999,-74.069,B02512,
2014-04-25 02:45:00,40.7445,-74.0067,B02617,
2014-04-12 18:22:00,40.7754,-73.9597,B02682,
2014-04-17 08:41:00,40.7347,-73.9843,B02598,
2014-04-29 20:36:00,40.7642,-73.9824,B02598,
2014-04-30 13:25:00,40.742,-74.0077,B02682,
2014-04-03 10:09:00,40.7445,-73.9832,B02682,
2014-04-04 17:42:00,40.7413,-73.9931,B02682,
2014-04-25 21:24:00,40.7213,-73.9956,B02682,
2014-04-25 09:34:00,40.7868,-73.9565,B02682,
2014-04-11 21:56:00,40.6758,-73.9718,B02682,
2014-04-22 08:00:00,40.7504,-73.9946,B02598,
2014-04-05 21:40:00,40.7584,-73.9862,B02682,
2014-04-17 10:00:00,40.734,-73.9774,B02682,
2014-04-10 08:30:00,40.7163,-73.9488,B02598,
2014-04-16 06:33:00,40.7351,-74.0064,B02682,
2014-04-04 22:49:00,40.737,-73.9905,B02617,
2014-04-03 15:12:00,40.6448,-73.7825,B02682,
2014-04-15 20:07:00,40.7375,-73.9895,B02682,
2014-04-10 09:48:00,40.7214,-73.9996,B02598,
2014-04-30 10:26:00,40.742,-74.0002,B02598,
2014-04-24 22:22:00,40.7387,-74.0056,B02682,
2014-04-24 12:54:00,40.7746,-73.9603,B02682,
2014-04-03 09:47:00,40.7636,-73.9725,B02617,
2014-04-02 19:53:00,40.7803,-73.9844,B02598,
2014-04-25 21:49:00,40.727,-74.0041,B02682,
2014-04-21 23:46:00,40.7467,-74.0019,B02512,
2014-04-08 06:36:00,40.7245,-73.9916,B02617,
2014-04-11 18:46:00,40.7111,-74.0056,B02617,
2014-04-25 21:31:00,40.7411,-74.0055,B02682,
2014-04-22 17:24:00,40.7273,-74.0055,B02682,
2014-04-03 16:08:00,40.8275,-73.9442,B02682,
2014-04-19 11:38:00,40.9583,-73.7645,B02682,
2014-04-07 16:12:00,40.7588,-73.9739,B02617,
2014-04-30 04:21:00,40.6853,-73.9803,B02682,
2014-04-04 21:20:00,40.7289,-74.0025,B02617,
2014-04-21 17:52:00,40.7463,-73.9931,B02617,
2014-04-10 18:33:00,40.6948,-73.9643,B02617,
2014-04-11 10:31:00,40.7203,-73.9921,B02598,
2014-04-26 01:45:00,40.7285,-74.0048,B02598,
2014-04-26 08:12:00,40.7171,-74.0142,B02682,
2014-04-11 22:34:00,40.7685,-73.982,B02598,
2014-04-23 15:44:00,40.7513,-73.9804,B02598,
2014-04-24 06:26:00,40.7901,-73.9769,B02598,
2014-04-30 19:19:00,40.7609,-73.978,B02512,
2014-04-23 18:21:00,40.7777,-73.9593,B02682,
2014-04-11 20:22:00,40.7639,-73.967,B02617,
2014-04-09 20:53:00,40.757,-73.982,B02617,
2014-04-24 14:09:00,40.7646,-73.9707,B02682,
2014-04-18 22:52:00,40.7463,-73.9944,B02617,
2014-04-29 16:20:00,40.7717,-73.9655,B02682,
2014-04-20 11:53:00,40.8092,-73.9519,B02682,
2014-04-09 19:51:00,40.7282,-74.0053,B02617,
2014-04-05 22:09:00,40.6702,-73.9724,B02682,
2014-04-19 22:11:00,40.7592,-73.9946,B02598,
2014-04-14 15:06:00,40.7395,-73.9877,B02598,
2014-04-07 04:24:00,40.7111,-74.0057,B02617,
2014-04-09 16:20:00,40.7198,-73.9782,B02682,
2014-04-29 20:05:00,40.7305,-74.0,B02598,
2014-04-13 03:09:00,40.739,-73.9877,B02682,
2014-04-17 22:18:00,40.7152,-74.0104,B02682,
2014-04-20 11:47:00,40.6649,-73.9612,B02617,
2014-04-12 23:34:00,40.7075,-73.9294,B02598,
2014-04-20 16:42:00,40.763,-73.9658,B02512,
2014-04-28 06:29:00,40.6483,-73.7828,B02682,
2014-04-03 23:18:00,40.7267,-73.9924,B02617,
2014-04-03 18:09:00,40.7433,-73.9836,B02617,
2014-04-27 09:53:00,40.7532,-73.9778,B02682,
2014-04-10 11:07:00,40.7569,-73.9675,B02682,
2014-04-06 09:43:00,40.7453,-73.9713,B02598,
2014-04-23 12:37:00,40.7222,-74.0039,B02598,
2014-04-15 20:25:00,40.7555,-73.9762,B02512,
2014-04-06 14:47:00,40.724,-74.0033,B02682,
2014-04-07 18:01:00,40.753,-73.9837,B02617,
2014-04-02 19:22:00,40.7402,-73.9923,B02682,
2014-04-25 20:12:00,40.7286,-73.9859,B02682,
2014-04-17 16:33:00,40.7629,-73.9793,B02682,
2014-04-30 09:43:00,40.7572,-73.999,B02512,
2014-04-25 18:40:00,40.7484,-73.9891,B02682,
2014-04-08 22:32:00,40.7404,-74.0061,B02598,
2014-04-10 21:05:00,40.6981,-73.9928,B02682,
2014-04-14 08:39:00,40.718,-74.003,B02682,
2014-04-24 18:14:00,40.7475,-74.0022,B02764,
2014-04-11 14:56:00,40.7466,-73.9775,B02598,
2014-04-26 22:03:00,40.7435,-74.0073,B02682,
2014-04-10 15:21:00,40.7325,-73.9901,B02682,
2014-04-11 19:13:00,40.7364,-73.9774,B02682,
2014-04-01 15:30:00,40.7824,-73.9585,B02682,
2014-04-21 05:55:00,40.7278,-74.0015,B02682,
2014-04-30 16:56:00,40.7592,-73.9787,B02617,
2014-04-30 23:36:00,40.6951,-74.1783,B02682,
2014-04-26 00:13:00,40.8038,-73.95,B02617,
2014-04-29 22:38:00,40.7375,-73.9842,B02598,
2014-04-22 16:21:00,40.7643,-73.9737,B02598,
2014-04-25 16:05:00,40.7674,-73.9861,B02682,
2014-04-16 05:01:00,40.7412,-74.0529,B02682,
2014-04-05 19:44:00,40.757,-73.974,B02682,
2014-04-13 22:23:00,40.645,-73.782,B02617,
2014-04-01 16:08:00,40.6735,-73.9514,B02682,
2014-04-26 16:43:00,40.7639,-73.9755,B02682,
2014-04-24 00:49:00,40.7635,-73.9891,B02598,
2014-04-06 10:04:00,40.735,-73.6619,B02598,
2014-04-29 07:14:00,40.7332,-73.9891,B02598,
2014-04-04 22:23:00,40.7254,-74.0038,B02682,
2014-04-02 12:08:00,40.7515,-73.9941,B02598,
2014-04-26 05:16:00,40.7168,-73.9621,B02598,
2014-04-17 14:21:00,40.7526,-73.9778,B02617,
2014-04-07 22:28:00,40.7446,-73.9772,B02617,
2014-04-16 18:51:00,40.7219,-74.0041,B02682,
2014-04-13 13:45:00,40.7378,-74.0046,B02598,
2014-04-17 07:24:00,40.7328,-73.9883,B02598,
2014-04-26 15:39:00,40.7454,-73.9825,B02598,
2014-04-09 06:40:00,40.7761,-73.9555,B02682,
2014-04-14 07:31:00,40.7498,-74.1642,B02682,
2014-04-19 19:28:00,40.7487,-73.9899,B02598,
2014-04-17 19:58:00,40.7367,-73.9969,B02682,
2014-04-04 19:10:00,40.727,-73.9802,B02682,
2014-04-14 09:55:00,40.7513,-74.0029,B02682,
2014-04-15 18:10:00,40.6886,-73.9871,B02617,
2014-04-10 13:45:00,40.7102,-74.01,B02598,
2014-04-26 17:10:00,40.7451,-74.0075,B02598,
2014-04-07 19:37:00,40.756,-73.9727,B02682,
2014-04-06 00:14:00,40.7506,-74.0033,B02512,
2014-04-13 16:08:00,40.7156,-74.0165,B02617,
2014-04-03 22:03:00,40.7603,-73.9814,B02764,
2014-04-04 06:23:00,40.7477,-74.004,B02617,
2014-04-29 21:41:00,40.7573,-73.9829,B02598,
2014-04-04 15:14:00,40.7439,-73.9855,B02682,
2014-04-10 20:09:00,40.7394,-73.9903,B02598,
2014-04-15 15:12:00,40.7505,-73.9743,B02598,
2014-04-15 21:21:00,40.728,-73.9992,B02682,
2014-04-09 19:26:00,40.7533,-73.981,B02682,
2014-04-19 18:08:00,40.6757,-74.0149,B02598,
2014-04-01 15:52:00,40.7495,-73.9754,B02598,
2014-04-01 23:40:00,40.8336,-73.9388,B02682,
2014-04-24 11:04:00,40.6838,-73.9196,B02598,
2014-04-16 17:16:00,40.7566,-73.9905,B02598,
2014-04-30 19:35:00,40.7592,-73.9943,B02598,
2014-04-10 19:43:00,40.775,-73.9886,B02598,
2014-04-06 22:08:00,40.7141,-73.9548,B02682,
2014-04-07 09:41:00,40.8023,-73.9432,B02598,
2014-04-22 18:29:00,40.7191,-74.0041,B02617,
2014-04-12 17:34:00,40.7218,-73.9973,B02598,
2014-04-07 15:25:00,40.7696,-73.9809,B02682,
2014-04-22 14:01:00,40.7689,-73.9646,B02512,
2014-04-07 08:28:00,40.7722,-73.9499,B02682,
2014-04-30 13:00:00,40.7426,-73.9843,B02598,
2014-04-23 09:42:00,40.718,-74.0422,B02617,
2014-04-16 14:56:00,40.7159,-73.9964,B02598,
2014-04-26 17:43:00,40.7384,-74.0055,B02682,
2014-04-06 19:53:00,40.7043,-73.9444,B02682,
2014-04-17 14:29:00,40.7309,-73.9913,B02682,
2014-04-26 19:34:00,40.7575,-73.9777,B02682,
2014-04-03 18:32:00,40.7456,-73.9836,B02682,
2014-04-08 20:34:00,40.7441,-74.0031,B02598,
2014-04-16 15:57:00,40.7336,-74.002,B02682,
2014-04-24 23:14:00,40.7272,-74.1522,B02682,
2014-04-29 18:37:00,40.7641,-73.9789,B02512,
2014-04-15 15:19:00,40.7612,-73.9756,B02617,
2014-04-30 20:22:00,40.7312,-74.0083,B02598,
2014-04-25 22:20:00,40.7312,-73.9994,B02598,
2014-04-23 16:59:00,40.7483,-73.9863,B02598,
2014-04-25 23:00:00,40.7476,-73.9891,B02617,
2014-04-30 15:33:00,40.7397,-73.9907,B02598,
2014-04-15 23:07:00,40.774,-73.8716,B02617,
2014-04-01 16:50:00,40.6466,-73.7895,B02682,
2014-04-04 14:53:00,40.7397,-73.9951,B02598,
2014-04-01 11:40:00,40.786,-73.9706,B02617,
2014-04-26 15:05:00,40.7654,-73.9738,B02617,
2014-04-16 11:16:00,40.783,-73.958,B02598,
2014-04-24 16:16:00,40.7679,-73.9956,B02764,
2014-04-04 08:59:00,40.7484,-73.9927,B02598,
2014-04-16 13:41:00,40.7555,-73.9947,B02764,
2014-04-29 21:04:00,40.6724,-73.972,B02617,
2014-04-08 21:14:00,40.7371,-74.0082,B02682,
2014-04-06 04:56:00,40.6674,-73.9827,B02617,
2014-04-23 18:35:00,40.6769,-73.9503,B02764,
2014-04-30 19:03:00,40.7493,-73.9825,B02682,
2014-04-29 20:58:00,40.7476,-74.0081,B02682,
2014-04-09 06:37:00,40.7262,-73.9933,B02598,
2014-04-09 10:57:00,40.783,-73.9509,B02617,
2014-04-30 08:22:00,40.7599,-73.9817,B02598,
2014-04-10 07:43:00,40.7229,-73.9931,B02512,
2014-04-16 13:34:00,40.7758,-73.9623,B02598,
2014-04-21 19:09:00,40.692,-73.9882,B02617,
2014-04-10 13:12:00,40.7538,-73.9876,B02682,
2014-04-03 16:03:00,40.747,-73.983,B02682,
2014-04-23 20:58:00,40.7325,-73.9992,B02598,
2014-04-04 19:17:00,40.7209,-73.9568,B02682,
2014-04-08 15:45:00,40.7607,-73.9803,B02682,
2014-04-17 11:07:00,40.76,-73.9957,B02617,
2014-04-02 07:52:00,40.7789,-73.9823,B02617,
2014-04-22 08:51:00,40.7579,-73.9671,B02598,
2014-04-26 18:23:00,40.7706,-73.9547,B02682,
2014-04-09 07:36:00,40.7685,-73.9696,B02617,
2014-04-14 15:27:00,40.7148,-74.0162,B02682,
2014-04-07 16:46:00,40.727,-73.9915,B02512,
2014-04-07 19:07:00,40.7167,-73.9893,B02617,
2014-04-20 02:28:00,40.6522,-74.2837,B02682,
2014-04-29 16:04:00,40.7389,-74.0052,B02598,
2014-04-03 16:10:00,40.7571,-73.978,B02764,
2014-04-04 18:56:00,40.7475,-73.9852,B02682,
2014-04-08 17:20:00,40.7628,-73.9718,B02682,
2014-04-18 14:28:00,40.7447,-73.9969,B02617,
2014-04-30 13:25:00,40.7778,-73.9889,B02617,
2014-04-07 16:37:00,40.7477,-73.9825,B02598,
2014-04-04 11:19:00,40.7479,-73.9882,B02512,
2014-04-03 15:21:00,40.7258,-74.0057,B02617,
2014-04-24 10:13:00,40.7497,-73.9716,B02617,
2014-04-05 20:46:00,40.7239,-73.9924,B02617,
2014-04-23 18:50:00,40.692,-74.1812,B02598,
2014-04-14 13:38:00,40.7214,-73.9955,B02682,
2014-04-10 11:17:00,40.7899,-73.9762,B02682,
2014-04-30 12:13:00,40.7684,-73.8623,B02598,
2014-04-03 03:01:00,40.7555,-73.9765,B02512,
2014-04-16 15:25:00,40.7176,-74.009,B02598,
2014-04-09 14:02:00,40.7559,-73.9859,B02598,
2014-04-12 18:53:00,40.7776,-73.9591,B02682,
2014-04-29 06:43:00,40.7675,-73.9867,B02598,
2014-04-29 06:39:00,40.7675,-73.9245,B02598,
2014-04-01 19:44:00,40.7691,-73.9831,B02682,
2014-04-28 21:21:00,40.7449,-73.9888,B02682,
2014-04-03 05:40:00,40.7376,-74.0092,B02598,
2014-04-04 16:03:00,40.7239,-74.0034,B02682,
2014-04-12 23:12:00,40.6293,-74.0038,B02682,
2014-04-14 11:11:00,40.7592,-73.9792,B02682,
2014-04-12 19:14:00,40.763,-73.9663,B02617,
2014-04-24 20:44:00,40.7137,-74.0089,B02598,
2014-04-05 07:54:00,40.7219,-73.9874,B02682,
2014-04-08 07:24:00,40.7029,-73.9266,B02617,
2014-04-26 20:38:00,40.7211,-73.9792,B02682,
2014-04-17 22:02:00,40.751,-74.0042,B02682,
2014-04-24 16:19:00,40.7369,-73.9781,B02682,
2014-04-28 20:12:00,40.7254,-73.9315,B02682,
2014-04-09 17:26:00,40.7638,-73.9925,B02682,
2014-04-16 06:46:00,40.6925,-73.9863,B02598,
2014-04-23 13:51:00,40.672,-74.0105,B02598,
2014-04-25 10:38:00,40.7563,-73.9979,B02598,
2014-04-04 19:06:00,40.7338,-73.9923,B02598,
2014-04-07 14:24:00,40.7287,-74.0078,B02617,
2014-04-13 00:12:00,40.6687,-73.9852,B02512,
2014-04-26 06:50:00,40.7101,-74.0121,B02617,
2014-04-29 15:06:00,40.7626,-73.9792,B02598,
2014-04-30 08:24:00,40.7056,-73.9376,B02682,
2014-04-23 19:41:00,40.7636,-73.9777,B02682,
2014-04-24 14:13:00,40.7218,-73.992,B02682,
2014-04-04 15:53:00,40.7242,-74.0002,B02598,
2014-04-04 12:01:00,40.7542,-73.9846,B02682,
2014-04-24 23:22:00,40.7841,-73.9739,B02598,
2014-04-03 13:51:00,40.7309,-74.0104,B02598,
2014-04-04 19:32:00,40.7518,-73.9761,B02682,
2014-04-27 16:50:00,40.7496,-73.9794,B02598,
2014-04-02 17:24:00,40.7196,-73.9977,B02617,
2014-04-04 01:50:00,40.7112,-73.9659,B02598,
2014-04-28 16:11:00,40.7721,-73.9599,B02682,
2014-04-22 08:02:00,40.7608,-73.9755,B02598,
2014-04-22 15:08:00,40.7665,-73.9673,B02682,
2014-04-30 11:01:00,40.7449,-73.9871,B02512,
2014-04-12 15:47:00,40.6958,-73.9952,B02598,
2014-04-27 05:30:00,40.6917,-73.9844,B02617,
2014-04-19 14:22:00,40.7451,-73.9891,B02598,
2014-04-08 21:12:00,40.6706,-73.9578,B02617,
2014-04-06 02:15:00,40.712,-73.9629,B02764,
2014-04-22 00:17:00,40.7405,-73.9861,B02682,
2014-04-12 22:03:00,40.7678,-73.9821,B02598,
2014-04-11 14:05:00,40.7512,-74.0067,B02682,
2014-04-29 00:08:00,40.7643,-73.9809,B02598,
2014-04-02 09:29:00,40.7306,-74.0098,B02617,
2014-04-26 16:03:00,40.7316,-73.9903,B02598,
2014-04-17 10:36:00,40.7499,-74.0055,B02598,
2014-04-20 15:19:00,40.745,-73.9757,B02682,
2014-04-06 15:50:00,40.7209,-73.9957,B02598,
2014-04-10 19:19:00,40.7293,-73.9917,B02682,
2014-04-11 07:51:00,40.7348,-73.9987,B02682,
2014-04-02 22:20:00,40.7654,-73.9764,B02682,
2014-04-03 23:05:00,40.7644,-73.9718,B02682,
2014-04-25 06:10:00,40.7246,-73.989,B02764,
2014-04-16 15:09:00,40.776,-73.9615,B02682,
2014-04-17 22:54:00,40.6772,-73.9863,B02682,
2014-04-21 11:08:00,40.7657,-73.9846,B02598,
2014-04-11 07:34:00,40.7327,-73.9576,B02617,
2014-04-15 17:16:00,40.7532,-73.9775,B02682,
2014-04-03 20:21:00,40.705,-74.012,B02598,
2014-04-06 04:56:00,40.6719,-73.9592,B02682,
2014-04-01 06:43:00,40.7261,-73.9471,B02617,
2014-04-15 08:56:00,40.7437,-73.9927,B02598,
2014-04-05 21:31:00,40.7498,-73.9493,B02617,
2014-04-03 19:08:00,40.7686,-73.9819,B02682,
2014-04-28 14:37:00,40.691,-73.9946,B02764,
2014-04-14 16:17:00,40.784,-73.9783,B02682,
2014-04-09 15:11:00,40.7449,-73.983,B02682,
2014-04-16 20:12:00,40.7613,-73.987,B02682,
2014-04-15 22:20:00,40.7679,-73.9914,B02617,
2014-04-30 19:16:00,40.7424,-74.0066,B02682,
2014-04-02 07:32:00,40.7453,-73.9715,B02617,
2014-04-22 17:10:00,40.751,-74.0043,B02598,
2014-04-12 14:25:00,40.7711,-73.8666,B02512,
2014-04-30 22:05:00,40.7568,-73.9864,B02598,
2014-04-16 20:53:00,40.7583,-73.9769,B02598,
2014-04-23 22:21:00,40.6485,-73.7837,B02598,
2014-04-25 22:11:00,40.7785,-73.9458,B02617,
2014-04-04 22:58:00,40.75,-73.9823,B02598,
2014-04-15 23:38:00,40.8023,-73.9569,B02682,
2014-04-02 15:14:00,40.7214,-74.0012,B02682,
2014-04-26 01:25:00,40.7305,-74.0043,B02682,
2014-04-14 22:16:00,40.7224,-74.0097,B02617,
2014-04-29 09:54:00,40.7664,-73.9684,B02617,
2014-04-09 12:45:00,40.7385,-74.0065,B02598,
2014-04-03 13:30:00,40.7552,-73.9754,B02598,
2014-04-17 20:36:00,40.7424,-73.9929,B02598,
2014-04-25 15:08:00,40.7519,-73.9826,B02617,
2014-04-16 17:24:00,40.7537,-73.9816,B02682,
2014-04-18 18:56:00,40.7151,-74.0094,B02764,
2014-04-29 16:01:00,40.7654,-73.9548,B02512,
2014-04-07 09:06:00,40.7685,-73.8624,B02598,
2014-04-19 05:47:00,40.6895,-73.9543,B02682,
2014-04-14 22:30:00,40.7531,-73.98,B02682,
2014-04-05 18:58:00,40.7323,-73.9963,B02598,
2014-04-30 11:02:00,40.6882,-73.9476,B02598,
2014-04-30 19:09:00,40.7815,-73.9795,B02682,
2014-04-01 16:09:00,40.7104,-73.9846,B02682,
2014-04-05 23:04:00,40.7478,-74.0044,B02598,
2014-04-17 18:22:00,40.7601,-73.9672,B02682,
2014-04-21 21:29:00,40.7596,-73.972,B02598,
2014-04-30 11:39:00,40.7179,-74.0021,B02617,
2014-04-04 01:08:00,40.7145,-74.0103,B02598,
2014-04-19 18:13:00,40.672,-74.0108,B02682,
2014-04-03 07:36:00,40.7265,-74.0057,B02682,
2014-04-10 23:09:00,40.6829,-73.9738,B02682,
2014-04-04 17:09:00,40.7593,-73.9767,B02512,
2014-04-30 21:54:00,40.7284,-74.0032,B02598,
2014-04-17 12:25:00,40.7243,-73.9959,B02617,
2014-04-27 15:35:00,40.7279,-73.991,B02617,
2014-04-21 12:51:00,40.7344,-74.0023,B02617,
2014-04-30 22:59:00,40.724,-73.998,B02598,
2014-04-11 23:20:00,40.7204,-73.9844,B02598,
2014-04-12 21:34:00,40.7648,-73.9168,B02617,
2014-04-22 14:38:00,40.723,-73.9988,B02682,
2014-04-19 13:48:00,40.6974,-73.9958,B02682,
2014-04-13 02:23:00,40.7201,-73.9883,B02617,
2014-04-08 11:44:00,40.7551,-73.9733,B02682,
2014-04-06 14:48:00,40.7412,-73.9785,B02617,
2014-04-15 15:46:00,40.7522,-73.9717,B02682,
2014-04-15 18:32:00,40.7322,-74.0077,B02598,
2014-04-14 16:03:00,40.7848,-73.9791,B02598,
2014-04-06 10:02:00,40.7866,-73.9726,B02682,
2014-04-30 08:36:00,40.7458,-73.9939,B02512,
2014-04-20 12:20:00,40.7106,-74.0059,B02617,
2014-04-03 09:01:00,40.775,-73.9878,B02617,
2014-04-22 15:13:00,40.7684,-73.8625,B02598,
2014-04-16 08:12:00,40.7491,-73.9765,B02682,
2014-04-25 16:43:00,40.7916,-73.9782,B02617,
2014-04-05 13:52:00,40.6899,-73.9647,B02682,
2014-04-15 19:44:00,40.7308,-73.9923,B02682,
2014-04-29 17:52:00,40.7327,-74.0088,B02512,
2014-04-30 22:11:00,40.7477,-73.9936,B02598,
2014-04-30 16:48:00,40.7532,-73.9872,B02682,
2014-04-08 20:14:00,40.7509,-73.9863,B02617,
2014-04-20 22:43:00,40.7742,-73.8726,B02682,
2014-04-12 10:21:00,40.6363,-73.9654,B02598,
2014-04-06 01:47:00,40.752,-73.9774,B02617,
2014-04-17 23:20:00,40.7371,-74.0014,B02682,
2014-04-01 06:01:00,40.7185,-73.8352,B02617,
2014-04-30 18:39:00,40.7466,-74.0075,B02682,
2014-04-13 01:42:00,40.7166,-73.9612,B02598,
2014-04-04 19:59:00,40.7732,-73.8856,B02598,
2014-04-10 14:52:00,40.7492,-74.0031,B02682,
2014-04-26 16:47:00,40.7263,-74.002,B02617,
2014-04-09 23:06:00,40.74,-74.006,B02682,
2014-04-06 09:08:00,40.74,-74.0028,B02682,
2014-04-03 14:39:00,40.7601,-73.9848,B02682,
2014-04-05 16:11:00,40.7605,-73.9749,B02512,
2014-04-30 12:52:00,40.7533,-73.9774,B02682,
2014-04-23 16:11:00,40.7594,-73.9697,B02512,
2014-04-24 21:25:00,40.7633,-73.9789,B02617,
2014-04-02 19:25:00,40.6921,-73.9842,B02682,
2014-04-16 08:15:00,40.7142,-73.9881,B02682,
2014-04-02 12:44:00,40.725,-73.9971,B02598,
2014-04-17 10:29:00,40.6974,-73.9158,B02598,
2014-04-17 14:19:00,40.8862,-73.9058,B02682,
2014-04-29 21:12:00,40.7582,-73.986,B02512,
2014-04-28 09:49:00,40.7225,-74.0013,B02598,
2014-04-20 11:03:00,40.77,-73.9569,B02617,
2014-04-30 15:49:00,40.7987,-73.9707,B02598,
2014-04-25 21:15:00,40.7099,-74.0071,B02682,
2014-04-23 12:35:00,40.7437,-73.988,B02598,
2014-04-05 13:34:00,40.6912,-73.9973,B02598,
2014-04-22 07:27:00,40.7718,-73.9595,B02598,
2014-04-02 17:24:00,40.7456,-73.9946,B02512,
2014-04-30 22:37:00,40.769,-73.9339,B02512,
2014-04-08 16:24:00,40.7524,-73.9675,B02598,
2014-04-18 21:27:00,40.7634,-73.9828,B02598,
2014-04-23 11:34:00,40.7405,-73.9922,B02617,
2014-04-16 17:54:00,40.7286,-73.991,B02617,
2014-04-08 21:40:00,40.7345,-73.9919,B02617,
2014-04-16 19:53:00,40.7446,-73.9756,B02512,
2014-04-17 17:41:00,40.7248,-74.0025,B02682,
2014-04-19 16:36:00,40.7644,-73.9752,B02682,
2014-04-25 17:47:00,40.7609,-73.9751,B02682,
2014-04-24 18:05:00,40.7685,-73.8626,B02682,
2014-04-29 07:05:00,40.747,-73.9966,B02682,
2014-04-29 23:39:00,40.7685,-73.8625,B02682,
2014-04-26 11:59:00,40.756,-73.9727,B02682,
2014-04-12 17:15:00,40.7307,-73.9923,B02682,
2014-04-27 14:25:00,40.6751,-73.975,B02682,
2014-04-29 15:42:00,40.6666,-73.9977,B02598,
2014-04-15 17:35:00,40.7613,-73.9831,B02682,
2014-04-29 17:29:00,40.7337,-73.9929,B02682,
2014-04-12 19:58:00,40.7308,-73.993,B02682,
2014-04-30 12:07:00,40.7889,-73.9537,B02682,
2014-04-04 01:36:00,40.7468,-73.9857,B02682,
2014-04-12 15:02:00,40.7219,-74.002,B02682,
2014-04-30 20:38:00,40.714,-73.9975,B02682,
2014-04-29 16:50:00,40.7465,-74.0075,B02512,
2014-04-03 17:11:00,40.7491,-73.9844,B02617,
2014-04-03 16:32:00,40.7204,-73.9633,B02512,
2014-04-27 14:02:00,40.72,-73.9612,B02598,
2014-04-10 20:57:00,40.7495,-73.9925,B02512,
2014-04-25 17:37:00,40.7127,-74.0077,B02598,
2014-04-25 02:43:00,40.7406,-74.0084,B02617,
2014-04-22 22:13:00,40.7647,-73.976,B02598,
2014-04-25 22:13:00,40.7211,-73.9957,B02617,
2014-04-24 18:10:00,40.7637,-73.976,B02598,
2014-04-30 20:40:00,40.7633,-73.9794,B02598,
2014-04-15 16:37:00,40.7413,-73.9984,B02682,
2014-04-29 13:46:00,40.7728,-73.9618,B02598,
2014-04-18 15:49:00,40.7177,-73.9895,B02598,
2014-04-28 17:01:00,40.7071,-74.009,B02682,
2014-04-29 21:10:00,40.7496,-73.9833,B02598,
2014-04-08 21:16:00,40.7549,-73.9812,B02617,
2014-04-05 22:51:00,40.7364,-74.0013,B02682,
2014-04-15 09:15:00,40.7588,-73.9935,B02617,
2014-04-01 00:38:00,40.739,-74.0396,B02682,
2014-04-15 07:59:00,40.6906,-74.1781,B02598,
2014-04-27 22:41:00,40.7795,-73.9536,B02764,
2014-04-26 10:49:00,40.7424,-74.0011,B02598,
2014-04-04 13:29:00,40.6744,-73.9752,B02682,
2014-04-10 20:22:00,40.7027,-74.013,B02617,
2014-04-01 17:55:00,40.7479,-73.9736,B02682,
2014-04-19 00:02:00,40.7061,-74.0081,B02682,
2014-04-18 22:48:00,40.7344,-74.0025,B02682,
2014-04-25 23:56:00,40.7192,-73.9614,B02682,
2014-04-08 21:18:00,40.7316,-73.9825,B02617,
2014-04-17 20:28:00,40.7223,-74.0098,B02617,
2014-04-19 04:17:00,40.6824,-73.9667,B02617,
2014-04-02 12:05:00,40.7555,-73.9758,B02598,
2014-04-24 10:15:00,40.7542,-73.9995,B02682,
2014-04-21 14:49:00,40.7692,-73.9829,B02682,
2014-04-09 20:04:00,40.7659,-73.9677,B02617,
2014-04-23 16:31:00,40.7537,-73.9891,B02682,
2014-04-09 07:47:00,40.7349,-74.006,B02682,
2014-04-06 02:00:00,40.7596,-73.9894,B02598,
2014-04-02 19:26:00,40.7446,-73.9813,B02617,
2014-04-30 21:57:00,40.7504,-73.9947,B02682,
2014-04-15 07:58:00,40.746,-73.9789,B02617,
2014-04-20 07:40:00,40.7407,-74.0046,B02682,
2014-04-10 04:47:00,40.7168,-74.0123,B02682,
2014-04-30 18:10:00,40.7484,-74.0059,B02598,
2014-04-12 15:33:00,40.7685,-73.8625,B02617,
2014-04-15 20:04:00,40.7613,-73.968,B02598,
2014-04-15 20:20:00,40.7129,-73.9676,B02682,
2014-04-06 12:36:00,40.7643,-73.9987,B02598,
2014-04-22 16:02:00,40.7661,-73.955,B02617,
2014-04-22 08:52:00,40.7286,-73.9842,B02617,
2014-04-27 15:57:00,40.7947,-73.9641,B02682,
2014-04-02 04:28:00,40.7775,-73.9771,B02598,
2014-04-02 11:14:00,40.7732,-73.9622,B02598,
2014-04-30 20:32:00,40.7172,-73.9598,B02598,
2014-04-30 16:23:00,40.7452,-73.9866,B02682,
2014-04-15 16:02:00,40.7826,-73.973,B02598,
2014-04-23 03:28:00,40.6759,-73.9532,B02617,
2014-04-09 08:11:00,40.7386,-73.9977,B02682,
2014-04-13 15:31:00,40.7112,-73.9483,B02682,
2014-04-18 16:33:00,40.7774,-73.9785,B02617,
2014-04-12 19:58:00,40.718,-73.9921,B02617,
2014-04-02 07:37:00,40.7766,-73.9466,B02598,
2014-04-26 18:59:00,40.7131,-74.0094,B02682,
2014-04-19 19:06:00,40.7473,-73.9899,B02598,
2014-04-25 18:32:00,40.7365,-73.9797,B02682,
2014-04-20 14:54:00,40.7224,-73.9971,B02598,
2014-04-18 13:45:00,40.7269,-74.003,B02682,
2014-04-01 13:17:00,40.7285,-73.959,B02682,
2014-04-10 09:19:00,40.7024,-73.9914,B02682,
2014-04-08 19:53:00,40.7228,-73.9983,B02598,
2014-04-30 06:51:00,40.7298,-73.9785,B02682,
2014-04-03 08:19:00,40.7888,-73.9777,B02617,
2014-04-25 07:40:00,40.7881,-73.9759,B02617,
2014-04-09 07:09:00,40.7441,-73.9919,B02682,
2014-04-22 22:32:00,40.7084,-74.0148,B02598,
2014-04-07 12:22:00,40.7658,-73.976,B02682,
2014-04-25 18:08:00,40.7546,-73.9779,B02764,
2014-04-15 21:20:00,40.7579,-73.9866,B02512,
2014-04-22 16:08:00,40.7163,-74.0077,B02682,
2014-04-03 07:43:00,40.7326,-74.0089,B02682,
2014-04-24 17:36:00,40.7214,-74.0052,B02598,
2014-04-18 22:00:00,40.7652,-73.9877,B02617,
2014-04-04 17:25:00,40.7521,-73.9933,B02682,
2014-04-11 18:52:00,40.7513,-73.9941,B02598,
2014-04-23 07:32:00,40.7889,-73.98,B02682,
2014-04-02 19:05:00,40.7347,-73.9926,B02682,
2014-04-15 16:42:00,40.7556,-73.9761,B02598,
2014-04-08 15:05:00,40.7257,-73.9965,B02512,
2014-04-15 08:49:00,40.7582,-73.9841,B02598,
2014-04-11 17:40:00,40.7656,-73.9782,B02598,
2014-04-30 10:44:00,40.7335,-73.9761,B02598,
2014-04-28 19:38:00,40.7542,-73.9804,B02598,
2014-04-16 13:51:00,40.7579,-73.9869,B02598,
2014-04-26 08:46:00,40.7633,-73.9784,B02617,
2014-04-29 20:38:00,40.7385,-73.9899,B02682,
2014-04-09 17:18:00,40.7506,-73.9809,B02682,
2014-04-25 11:49:00,40.7246,-74.0091,B02682,
2014-04-19 21:02:00,40.8058,-73.9543,B02598,
2014-04-07 17:37:00,40.7563,-73.998,B02598,
2014-04-25 18:11:00,40.6771,-73.9758,B02682,
2014-04-02 14:44:00,40.7894,-73.9751,B02682,
2014-04-10 08:05:00,40.7626,-73.9908,B02598,
2014-04-29 07:06:00,40.7444,-73.9886,B02512,
2014-04-08 21:11:00,40.7195,-74.0084,B02682,
2014-04-01 16:08:00,40.7394,-74.006,B02682,
2014-04-17 15:39:00,40.7662,-73.9549,B02617,
2014-04-04 10:25:00,40.7555,-73.9824,B02598,
2014-04-17 23:26:00,40.7232,-73.9891,B02617,
2014-04-21 15:59:00,40.645,-73.7821,B02682,
2014-04-17 19:22:00,40.7621,-73.9645,B02598,
2014-04-10 12:47:00,40.7208,-74.0042,B02617,
2014-04-21 21:50:00,40.7168,-74.0092,B02617,
2014-04-03 13:24:00,40.7368,-73.9847,B02682,
2014-04-05 17:38:00,40.7649,-73.9743,B02682,
2014-04-06 00:38:00,40.7653,-73.9877,B02764,
2014-04-22 15:57:00,40.7488,-73.9959,B02598,
2014-04-26 20:24:00,40.765,-73.9619,B02617,
2014-04-16 15:25:00,40.7258,-74.009,B02617,
2014-04-01 19:30:00,40.7505,-73.9854,B02598,
2014-04-09 04:44:00,40.7587,-73.9611,B02617,
2014-04-25 22:49:00,40.7415,-73.9989,B02598,
2014-04-02 16:16:00,40.754,-73.9885,B02617,
2014-04-12 17:08:00,40.7149,-74.016,B02617,
2014-04-24 20:06:00,40.7393,-74.0064,B02598,
2014-04-17 16:35:00,40.7439,-73.9913,B02512,
2014-04-11 07:48:00,40.7595,-73.9697,B02682,
2014-04-29 13:01:00,40.7648,-73.9735,B02682,
2014-04-15 13:54:00,40.7757,-73.9602,B02682,
2014-04-20 12:57:00,40.769,-73.9597,B02598,
2014-04-02 13:26:00,40.7339,-73.9772,B02682,
2014-04-09 18:05:00,40.7018,-73.9516,B02598,
2014-04-09 17:14:00,40.7518,-73.9886,B02598,
2014-04-29 15:53:00,40.7456,-73.9877,B02598,
2014-04-26 19:02:00,40.7487,-73.9772,B02617,
2014-04-18 21:52:00,40.7385,-74.0393,B02512,
2014-04-08 19:48:00,40.7532,-73.989,B02682,
2014-04-25 17:01:00,40.7662,-73.9693,B02617,
2014-04-06 10:04:00,40.6909,-73.9595,B02598,
2014-04-01 09:25:00,40.7788,-73.951,B02512,
2014-04-05 21:50:00,40.7396,-73.9828,B02512,
2014-04-27 14:04:00,40.6772,-73.9574,B02682,
2014-04-17 08:28:00,40.7387,-73.9979,B02682,
2014-04-07 09:04:00,40.7931,-73.9674,B02598,
2014-04-29 10:49:00,40.7758,-73.9844,B02598,
2014-04-22 16:08:00,40.725,-73.9969,B02598,
2014-04-07 18:07:00,40.7617,-73.9726,B02617,
2014-04-20 11:34:00,40.7321,-74.0018,B02617,
2014-04-27 05:34:00,40.7607,-73.99,B02598,
2014-04-25 22:48:00,40.7355,-73.9748,B02598,
2014-04-18 16:52:00,40.7246,-73.9975,B02682,
2014-04-07 07:23:00,40.734,-73.9811,B02682,
2014-04-22 19:50:00,40.7564,-73.9782,B02682,
2014-04-20 10:15:00,40.7697,-73.9808,B02617,
2014-04-11 13:53:00,40.7217,-73.9998,B02598,
2014-04-17 20:07:00,40.7612,-73.9775,B02598,
2014-04-07 16:19:00,40.7457,-73.9847,B02682,
2014-04-12 21:34:00,40.7624,-73.9744,B02598,
2014-04-21 09:41:00,40.7312,-73.9939,B02682,
2014-04-16 13:04:00,40.7178,-73.9624,B02617,
2014-04-26 05:47:00,40.7543,-73.9733,B02682,
2014-04-25 17:57:00,40.755,-73.6304,B02598,
2014-04-21 23:02:00,40.7282,-74.0,B02617,
2014-04-06 21:16:00,40.7407,-74.0052,B02598,
2014-04-16 16:42:00,40.753,-73.9857,B02598,
2014-04-19 22:31:00,40.7697,-73.9508,B02598,
2014-04-27 10:24:00,40.7553,-73.9734,B02598,
2014-04-04 17:00:00,40.7286,-74.0001,B02682,
2014-04-23 15:28:00,40.7641,-73.9669,B02512,
2014-04-17 08:15:00,40.7326,-73.9815,B02682,
2014-04-14 10:42:00,40.7708,-73.9551,B02682,
2014-04-16 07:48:00,40.7505,-73.9787,B02598,
2014-04-16 18:29:00,40.7452,-73.9924,B02598,
2014-04-26 11:57:00,40.7881,-73.9756,B02682,
2014-04-24 13:04:00,40.7639,-73.9941,B02682,
2014-04-14 12:54:00,40.7868,-73.9684,B02682,
2014-04-24 01:25:00,40.7673,-73.9898,B02512,
2014-04-30 14:24:00,40.6726,-73.9252,B02617,
2014-04-19 22:32:00,40.7446,-73.981,B02682,
2014-04-02 13:33:00,40.7743,-73.9636,B02682,
2014-04-24 10:52:00,40.7169,-74.0064,B02598,
2014-04-09 21:33:00,40.746,-73.5747,B02617,
2014-04-13 18:07:00,40.7786,-73.9536,B02682,
2014-04-17 23:22:00,40.7279,-73.9947,B02598,
2014-04-03 13:29:00,40.7727,-73.9647,B02617,
2014-04-30 18:24:00,40.7549,-73.9735,B02682,
2014-04-12 13:05:00,40.7448,-73.9495,B02598,
2014-04-15 15:00:00,40.7624,-73.9883,B02682,
2014-04-26 20:43:00,40.6651,-73.6202,B02598,
2014-04-14 14:29:00,40.6449,-73.7821,B02617,
2014-04-04 10:56:00,40.7214,-74.0018,B02512,
2014-04-14 13:02:00,40.6933,-73.9887,B02682,
2014-04-04 12:52:00,40.7578,-73.9756,B02598,
2014-04-25 22:32:00,40.7195,-74.0086,B02617,
2014-04-25 23:37:00,40.7204,-74.0058,B02682,
2014-04-15 18:23:00,40.6438,-73.7897,B02598,
2014-04-30 09:38:00,40.6945,-73.9836,B02598,
2014-04-24 07:22:00,40.6878,-74.1818,B02682,
2014-04-22 17:01:00,40.7554,-73.9795,B02598,
2014-04-07 18:43:00,40.7111,-74.0055,B02617,
2014-04-17 21:59:00,40.7193,-74.0087,B02598,
2014-04-30 18:25:00,40.733,-73.9796,B02617,
2014-04-05 17:34:00,40.72,-73.9881,B02617,
2014-04-25 18:52:00,40.7475,-74.0366,B02682,
2014-04-23 21:03:00,40.7289,-74.0053,B02682,
2014-04-05 22:31:00,40.7198,-74.0113,B02617,
2014-04-04 22:43:00,40.7379,-73.9922,B02598,
2014-04-19 18:21:00,40.7541,-73.9979,B02512,
2014-04-05 04:39:00,40.6464,-73.7904,B02682,
2014-04-19 18:55:00,40.7072,-74.0166,B02598,
2014-04-17 17:30:00,40.7824,-73.9506,B02682,
2014-04-15 14:06:00,40.7611,-73.9799,B02682,
2014-04-11 14:10:00,40.7647,-73.9702,B02598,
2014-04-16 00:32:00,40.7529,-73.9711,B02598,
2014-04-14 17:27:00,40.7708,-73.9633,B02598,
2014-04-22 08:34:00,40.7026,-74.0122,B02598,
2014-04-04 21:19:00,40.7611,-74.0187,B02682,
2014-04-03 13:16:00,40.7406,-74.0055,B02617,
2014-04-30 06:53:00,40.7687,-73.9613,B02682,
2014-04-10 18:08:00,40.7226,-73.997,B02682,
2014-04-25 08:02:00,40.7627,-73.9654,B02682,
2014-04-08 07:59:00,40.6809,-73.9751,B02617,
2014-04-26 22:52:00,40.7458,-73.9019,B02682,
2014-04-08 15:16:00,40.783,-73.9551,B02598,
2014-04-26 01:35:00,40.7499,-74.0025,B02598,
2014-04-25 05:06:00,40.7431,-73.9922,B02682,
2014-04-12 21:22:00,40.7316,-73.9967,B02682,
2014-04-23 17:56:00,40.7613,-73.9668,B02617,
2014-04-11 23:06:00,40.7546,-73.9718,B02512,
2014-04-18 23:54:00,40.7188,-73.9637,B02617,
2014-04-26 19:19:00,40.7202,-73.9919,B02682,
2014-04-19 23:09:00,40.7257,-73.9972,B02682,
2014-04-18 22:01:00,40.8214,-73.9384,B02617,
2014-04-12 12:27:00,40.7503,-73.9739,B02598,
2014-04-17 18:21:00,40.7077,-74.007,B02617,
2014-04-29 09:25:00,40.74,-74.0023,B02682,
2014-04-12 18:44:00,40.7517,-74.0078,B02598,
2014-04-29 20:42:00,40.7254,-73.9575,B02598,
2014-04-11 11:05:00,40.7518,-73.9821,B02617,
2014-04-06 16:42:00,40.7347,-74.003,B02682,
2014-04-19 00:33:00,40.7603,-73.9656,B02598,
2014-04-11 19:24:00,40.7548,-73.9801,B02682,
2014-04-28 18:40:00,40.7634,-73.9754,B02682,
2014-04-29 06:58:00,40.7275,-74.0057,B02598,
2014-04-13 16:57:00,40.7396,-73.989,B02598,
2014-04-24 07:13:00,40.7386,-73.9978,B02617,
2014-04-12 17:27:00,40.7072,-74.0046,B02598,
2014-04-03 00:08:00,40.7056,-74.0053,B02682,
2014-04-06 01:28:00,40.744,-74.0069,B02682,
2014-04-04 18:34:00,40.7468,-73.99,B02598,
2014-04-09 06:54:00,40.745,-73.9988,B02598,
2014-04-11 17:02:00,40.7503,-73.9868,B02682,
2014-04-28 18:52:00,40.7383,-73.9835,B02682,
2014-04-10 07:22:00,40.7156,-74.005,B02682,
2014-04-18 16:13:00,40.7395,-73.9911,B02617,
2014-04-06 14:37:00,40.6449,-73.7823,B02617,
2014-04-05 22:08:00,40.7616,-73.9766,B02598,
2014-04-11 07:12:00,40.7934,-73.9733,B02512,
2014-04-07 06:05:00,40.6704,-73.8917,B02682,
2014-04-24 19:19:00,40.7626,-73.9769,B02598,
2014-04-30 22:19:00,40.7275,-73.9934,B02682,
2014-04-20 20:31:00,40.7595,-73.962,B02598,
2014-04-10 18:19:00,40.7895,-73.9797,B02598,
2014-04-23 21:14:00,40.7079,-74.0084,B02617,
2014-04-17 08:46:00,40.7275,-73.983,B02617,
2014-04-16 09:23:00,40.7709,-73.8659,B02512,
2014-04-07 16:46:00,40.6466,-73.7892,B02598,
2014-04-14 08:44:00,40.7328,-73.984,B02598,
2014-04-16 20:31:00,40.7187,-74.0067,B02682,
2014-04-03 12:34:00,40.7384,-73.9894,B02764,
2014-04-29 12:08:00,40.7211,-73.9555,B02682,
2014-04-12 08:41:00,40.7386,-73.9977,B02598,
2014-04-04 06:46:00,40.7221,-73.9889,B02682,
2014-04-28 16:20:00,40.7538,-73.996,B02682,
2014-04-16 20:58:00,40.7149,-73.9901,B02682,
2014-04-23 16:49:00,40.7518,-73.9737,B02598,
2014-04-17 09:53:00,40.7694,-73.965,B02617,
2014-04-06 09:18:00,40.748,-74.032,B02682,
2014-04-29 17:26:00,40.671,-73.9865,B02682,
2014-04-21 14:33:00,40.7152,-74.0093,B02617,
2014-04-22 11:09:00,40.7724,-73.9669,B02682,
2014-04-16 16:32:00,40.7214,-74.0085,B02617,
2014-04-10 11:49:00,40.7633,-73.972,B02617,
2014-04-11 18:27:00,40.6458,-73.7767,B02682,
2014-04-29 15:32:00,40.664,-73.9416,B02598,
2014-04-30 12:15:00,40.7524,-73.9817,B02617,
2014-04-02 09:56:00,40.7478,-74.0045,B02512,
2014-04-15 17:47:00,40.7461,-73.9942,B02682,
2014-04-02 19:08:00,40.7452,-73.986,B02764,
2014-04-04 20:28:00,40.6958,-73.9956,B02617,
2014-04-11 09:10:00,40.7249,-74.0078,B02598,
2014-04-26 15:10:00,40.5917,-73.9948,B02598,
2014-04-24 18:26:00,40.7691,-73.8865,B02682,
2014-04-04 20:29:00,40.7272,-74.0062,B02598,
2014-04-23 21:32:00,40.7194,-74.0103,B02598,
2014-04-02 14:57:00,40.7641,-73.9767,B02682,
2014-04-09 15:40:00,40.6129,-74.0248,B02682,
2014-04-01 19:13:00,40.7252,-74.0077,B02682,
2014-04-17 10:57:00,40.7639,-73.9294,B02682,
2014-04-08 12:35:00,40.7504,-73.9721,B02682,
2014-04-04 17:56:00,40.7664,-73.9783,B02617,
2014-04-12 17:56:00,40.7096,-73.965,B02617,
2014-04-19 06:12:00,40.7189,-74.0109,B02598,
2014-04-02 14:36:00,40.7508,-73.9871,B02598,
2014-04-30 22:38:00,40.7402,-74.0059,B02682,
2014-04-30 22:00:00,40.7594,-73.9871,B02598,
2014-04-24 12:27:00,40.6483,-73.7827,B02598,
2014-04-26 12:23:00,40.7445,-73.9729,B02598,
2014-04-22 09:54:00,40.7589,-73.9725,B02598,
2014-04-03 11:23:00,40.7098,-74.002,B02682,
2014-04-10 22:07:00,40.7792,-73.9621,B02682,
2014-04-06 00:34:00,40.7397,-74.0065,B02682,
2014-04-10 18:07:00,40.7201,-74.0026,B02682,
2014-04-05 15:57:00,40.7436,-73.9838,B02598,
2014-04-24 15:02:00,40.7854,-73.9776,B02682,
2014-04-07 06:34:00,40.7635,-73.9595,B02682,
2014-04-15 17:27:00,40.7476,-74.0041,B02598,
2014-04-19 21:49:00,40.7359,-74.0007,B02598,
2014-04-17 06:16:00,40.7935,-73.9668,B02682,
2014-04-06 01:35:00,40.7376,-73.9811,B02682,
2014-04-25 19:02:00,40.7529,-73.9952,B02598,
2014-04-14 08:42:00,40.764,-73.9736,B02598,
2014-04-26 17:44:00,40.7729,-73.9583,B02598,
2014-04-13 00:26:00,40.7394,-74.0275,B02682,
2014-04-22 05:43:00,40.6858,-73.9943,B02682,
2014-04-26 01:41:00,40.714,-73.9899,B02682,
2014-04-14 03:43:00,40.7704,-73.9597,B02682,
2014-04-09 14:53:00,40.764,-73.9558,B02682,
2014-04-11 06:06:00,40.705,-74.0163,B02617,
2014-04-01 18:27:00,40.752,-73.9891,B02598,
2014-04-24 23:18:00,40.7268,-73.9857,B02598,
2014-04-24 07:29:00,40.7725,-73.9532,B02512,
2014-04-09 15:36:00,40.7622,-73.9787,B02682,
2014-04-26 11:05:00,40.7459,-73.9881,B02682,
2014-04-24 08:05:00,40.7322,-73.9925,B02682,
2014-04-23 21:33:00,40.7554,-73.9714,B02682,
2014-04-06 15:54:00,40.753,-73.9749,B02598,
2014-04-30 09:42:00,40.7662,-73.962,B02682,
2014-04-26 00:47:00,40.7248,-73.9925,B02598,
2014-04-11 11:30:00,40.7753,-73.9904,B02598,
2014-04-19 12:40:00,40.6883,-73.9894,B02598,
2014-04-07 18:49:00,40.7499,-73.9763,B02617,
2014-04-15 20:40:00,40.7201,-73.9874,B02598,
2014-04-24 11:26:00,40.7491,-73.9733,B02617,
2014-04-07 18:01:00,40.7678,-73.9683,B02682,
2014-04-02 15:25:00,40.81,-73.9608,B02682,
2014-04-21 16:34:00,40.7239,-74.0006,B02598,
2014-04-24 22:35:00,40.7827,-73.9771,B02512,
2014-04-21 16:54:00,40.7569,-73.9742,B02617,
2014-04-16 14:34:00,40.7445,-74.0065,B02682,
2014-04-24 09:43:00,40.8416,-73.9427,B02617,
2014-04-30 15:35:00,40.7715,-73.9808,B02617,
2014-04-18 07:16:00,40.7637,-73.9649,B02682,
2014-04-30 17:41:00,40.7417,-74.0048,B02682,
2014-04-14 19:28:00,40.7204,-73.9427,B02682,
2014-04-19 19:58:00,40.6448,-73.9993,B02598,
2014-04-07 16:50:00,40.7692,-73.9828,B02682,
2014-04-08 07:16:00,40.7323,-73.9949,B02617,
2014-04-25 19:04:00,40.7779,-73.9539,B02617,
2014-04-11 06:39:00,40.7259,-73.9837,B02598,
2014-04-25 08:10:00,40.7364,-73.9362,B02598,
2014-04-28 07:44:00,40.6631,-73.9841,B02682,
2014-04-21 14:43:00,40.7706,-73.9642,B02682,
2014-04-26 23:00:00,40.7571,-73.9854,B02598,
2014-04-01 11:52:00,40.7657,-73.9559,B02682,
2014-04-27 13:41:00,40.7648,-73.974,B02598,
2014-04-06 15:58:00,40.7262,-73.9982,B02682,
2014-04-08 07:42:00,40.7223,-74.0114,B02598,
2014-04-04 06:08:00,40.7342,-73.9898,B02598,
2014-04-08 17:46:00,40.7432,-73.9848,B02617,
2014-04-16 21:35:00,40.7581,-73.9892,B02598,
2014-04-03 16:14:00,40.7386,-73.9938,B02617,
2014-04-19 18:12:00,40.765,-73.9728,B02598,
2014-04-17 06:22:00,40.7636,-73.9638,B02617,
2014-04-25 21:29:00,40.7186,-73.9977,B02598,
2014-04-14 14:04:00,40.7036,-73.9865,B02682,
2014-04-29 21:00:00,40.7638,-73.9709,B02682,
2014-04-10 13:14:00,40.7214,-74.0097,B02598,
2014-04-23 16:30:00,40.7525,-73.9814,B02764,
2014-04-23 00:30:00,40.7555,-73.9865,B02682,
2014-04-22 13:10:00,40.7863,-73.9774,B02617,
2014-04-25 15:53:00,40.7422,-74.0045,B02598,
2014-04-09 13:21:00,40.7568,-73.9844,B02512,
2014-04-30 18:20:00,40.7631,-73.99,B02598,
2014-04-25 10:49:00,40.7599,-73.9786,B02682,
2014-04-22 07:29:00,40.7789,-73.9873,B02682,
2014-04-23 08:56:00,40.6901,-73.9651,B02598,
2014-04-13 15:50:00,40.6448,-73.7822,B02598,
2014-04-30 15:52:00,40.7345,-73.9859,B02682,
2014-04-02 14:46:00,40.749,-74.003,B02617,
2014-04-11 15:49:00,40.7321,-73.9885,B02617,
2014-04-16 17:22:00,40.7403,-73.9922,B02617,
2014-04-04 16:55:00,40.7427,-73.9945,B02598,
2014-04-11 17:52:00,40.7645,-73.9706,B02598,
2014-04-15 14:22:00,40.7304,-74.0046,B02512,
2014-04-19 18:53:00,40.7527,-73.9659,B02512,
2014-04-05 20:54:00,40.7536,-73.9886,B02682,
2014-04-17 13:06:00,40.7216,-74.0009,B02617,
2014-04-27 17:21:00,40.7288,-74.0052,B02598,
2014-04-17 20:39:00,40.733,-74.0075,B02512,
2014-04-04 17:21:00,40.7356,-73.9925,B02682,
2014-04-21 12:29:00,40.7514,-73.994,B02598,
2014-04-05 23:15:00,40.7029,-73.9811,B02598,
2014-04-11 18:07:00,40.7165,-74.0092,B02682,
2014-04-04 18:43:00,40.748,-73.9735,B02682,
2014-04-13 02:40:00,40.7349,-74.0078,B02682,
2014-04-03 18:27:00,40.7863,-73.9506,B02617,
2014-04-11 17:56:00,40.7559,-73.9834,B02682,
2014-04-23 23:17:00,40.7353,-73.9857,B02682,
2014-04-24 07:34:00,40.7906,-73.9748,B02598,
2014-04-11 07:24:00,40.7666,-73.9539,B02682,
2014-04-24 12:23:00,40.7267,-73.9963,B02617,
2014-04-03 10:07:00,40.7031,-73.986,B02682,
2014-04-03 13:57:00,40.7383,-73.992,B02682,
2014-04-02 13:02:00,40.7644,-73.9733,B02617,
2014-04-17 21:41:00,40.7139,-74.0147,B02682,
2014-04-14 09:41:00,40.7375,-74.0052,B02598,
2014-04-03 12:10:00,40.7414,-73.9914,B02682,
2014-04-03 23:04:00,40.7717,-73.9811,B02682,
2014-04-26 13:40:00,40.7806,-73.9872,B02598,
2014-04-07 17:40:00,40.7785,-73.9474,B02682,
2014-04-23 11:46:00,40.7672,-73.9668,B02598,
2014-04-15 23:41:00,40.7748,-73.9585,B02682,
2014-04-01 16:48:00,40.7822,-73.9536,B02598,
2014-04-19 16:13:00,40.737,-73.9914,B02598,
2014-04-08 07:10:00,40.7916,-73.9784,B02598,
2014-04-01 20:43:00,40.7203,-73.9919,B02682,
2014-04-28 07:14:00,40.7531,-73.9854,B02617,
2014-04-25 09:48:00,40.7553,-73.9758,B02682,
2014-04-20 08:15:00,40.7113,-74.0057,B02682,
2014-04-21 15:08:00,40.755,-73.9754,B02617,
2014-04-07 03:46:00,40.7187,-73.9926,B02682,
2014-04-16 16:50:00,40.7818,-73.959,B02682,
2014-04-29 17:23:00,40.7471,-73.9005,B02682,
2014-04-25 21:03:00,40.731,-73.9905,B02617,
2014-04-07 17:56:00,40.7312,-73.9911,B02512,
2014-04-06 19:58:00,40.6825,-73.9707,B02512,
2014-04-07 19:52:00,40.7059,-74.0076,B02617,
2014-04-06 02:18:00,40.7449,-74.0063,B02598,
2014-04-07 20:39:00,40.7535,-73.9788,B02682,
2014-04-21 23:50:00,40.7567,-73.9846,B02682,
2014-04-01 07:29:00,40.7598,-73.9669,B02682,
2014-04-25 23:56:00,40.7675,-73.9806,B02764,
2014-04-02 10:18:00,40.737,-74.0037,B02682,
2014-04-12 21:17:00,40.78,-73.9815,B02598,
2014-04-09 10:32:00,40.7651,-73.9916,B02512,
2014-04-30 20:57:00,40.7376,-74.0034,B02617,
2014-04-24 23:10:00,40.7584,-73.9867,B02682,
2014-04-25 15:03:00,40.7739,-73.8723,B02682,
2014-04-02 21:51:00,40.7261,-73.9918,B02598,
2014-04-10 07:39:00,40.7224,-74.0115,B02682,
2014-04-09 12:22:00,40.7143,-74.0026,B02682,
2014-04-11 15:58:00,40.7643,-73.9576,B02682,
2014-04-12 09:29:00,40.7684,-73.9586,B02682,
2014-04-18 02:25:00,40.6867,-73.9906,B02682,
2014-04-12 15:18:00,40.7326,-73.9913,B02682,
2014-04-09 13:16:00,40.7734,-73.9624,B02617,
2014-04-28 07:08:00,40.7296,-73.981,B02598,
2014-04-04 22:50:00,40.7751,-73.9833,B02682,
2014-04-24 09:31:00,40.7298,-74.0031,B02512,
2014-04-03 23:38:00,40.732,-73.9998,B02617,
2014-04-26 10:15:00,40.7708,-73.9827,B02682,
2014-04-26 18:39:00,40.6488,-73.9608,B02617,
2014-04-23 17:45:00,40.7311,-74.0087,B02598,
2014-04-15 20:48:00,40.7193,-74.0052,B02598,
2014-04-12 10:11:00,40.7651,-73.9877,B02598,
2014-04-12 21:40:00,40.8262,-73.944,B02682,
2014-04-24 10:39:00,40.7126,-73.9385,B02617,
2014-04-30 15:09:00,40.7638,-73.9545,B02512,
2014-04-30 22:55:00,40.7405,-74.0078,B02617,
2014-04-26 09:34:00,40.7563,-73.9731,B02598,
2014-04-05 16:02:00,40.7216,-73.9994,B02682,
2014-04-15 19:12:00,40.7303,-73.9936,B02598,
2014-04-21 05:36:00,40.7542,-73.9687,B02598,
2014-04-01 19:59:00,40.8006,-73.9681,B02598,
2014-04-29 06:55:00,40.7229,-74.0047,B02512,
2014-04-16 22:21:00,40.758,-73.9754,B02682,
2014-04-20 18:26:00,40.7724,-73.7887,B02682,
2014-04-25 13:51:00,40.7543,-73.9866,B02682,
2014-04-26 09:58:00,40.6458,-73.8809,B02598,
2014-04-25 21:23:00,40.7692,-73.9811,B02682,
2014-04-09 12:57:00,40.7002,-73.9504,B02764,
2014-04-24 07:38:00,40.7546,-73.9696,B02617,
2014-04-18 18:24:00,40.7567,-73.9983,B02682,
2014-04-02 11:33:00,40.7135,-73.9348,B02682,
2014-04-01 05:50:00,40.6199,-74.025,B02682,
2014-04-15 14:48:00,40.719,-73.9994,B02682,
2014-04-05 17:58:00,40.7678,-73.9914,B02764,
2014-04-15 16:40:00,40.7553,-73.9707,B02512,
2014-04-24 07:35:00,40.7395,-73.9941,B02598,
2014-04-17 15:35:00,40.7668,-73.9543,B02598,
2014-04-26 00:18:00,40.7273,-73.9796,B02682,
2014-04-09 19:02:00,40.7572,-73.972,B02617,
2014-04-26 17:11:00,40.7245,-74.0019,B02617,
2014-04-23 18:59:00,40.7551,-73.9872,B02617,
2014-04-26 11:12:00,40.7672,-73.9819,B02764,
2014-04-27 04:08:00,40.6689,-73.9865,B02598,
2014-04-04 06:34:00,40.7471,-73.9909,B02682,
2014-04-17 10:44:00,40.7483,-73.9846,B02512,
2014-04-14 20:18:00,40.7568,-73.9787,B02598,
2014-04-23 11:03:00,40.7276,-74.0027,B02617,
2014-04-28 20:49:00,40.7541,-73.9891,B02512,
2014-04-21 15:46:00,40.7424,-73.9861,B02682,
2014-04-30 15:45:00,40.6982,-73.9944,B02598,
2014-04-26 01:50:00,40.7187,-73.989,B02598,
2014-04-11 21:19:00,40.6821,-73.9274,B02617,
2014-04-25 06:25:00,40.7706,-73.9571,B02682,
2014-04-17 06:32:00,40.7302,-73.9755,B02617,
2014-04-18 22:24:00,40.7834,-73.9744,B02598,
2014-04-28 19:26:00,40.707,-74.0048,B02682,
2014-04-02 21:47:00,40.6932,-73.9486,B02617,
2014-04-27 15:28:00,40.7913,-73.9756,B02682,
2014-04-25 21:36:00,40.7746,-73.9521,B02598,
2014-04-27 14:59:00,40.6785,-73.9552,B02598,
2014-04-08 10:10:00,40.723,-73.9968,B02617,
2014-04-11 06:42:00,40.7882,-73.9761,B02617,
2014-04-22 14:00:00,40.8067,-73.9648,B02682,
2014-04-23 22:17:00,40.7521,-73.9857,B02682,
2014-04-03 03:05:00,40.7568,-73.9826,B02598,
2014-04-18 22:33:00,40.7113,-73.9478,B02682,
2014-04-30 21:30:00,40.7203,-74.0086,B02598,
2014-04-27 11:42:00,40.7219,-73.9811,B02617,
2014-04-24 16:21:00,40.7729,-73.9626,B02682,
2014-04-22 22:06:00,40.742,-74.001,B02682,
2014-04-24 15:33:00,40.7191,-73.9906,B02598,
2014-04-08 21:56:00,40.7046,-74.0102,B02617,
2014-04-02 11:03:00,40.7652,-73.9751,B02682,
2014-04-28 13:57:00,40.7231,-74.0026,B02682,
2014-04-12 14:26:00,40.7454,-73.9804,B02682,
2014-04-28 09:32:00,40.7367,-74.0067,B02682,
2014-04-02 13:57:00,40.7701,-73.9615,B02617,
2014-04-29 21:16:00,40.7402,-74.0057,B02598,
2014-04-05 21:48:00,40.6795,-73.9605,B02617,
2014-04-18 16:50:00,40.7622,-73.9745,B02598,
2014-04-25 22:40:00,40.7253,-74.0427,B02617,
2014-04-06 21:51:00,40.719,-73.9881,B02682,
2014-04-02 18:53:00,40.7261,-74.0097,B02682,
2014-04-04 18:53:00,40.7343,-73.9909,B02682,
2014-04-02 15:42:00,40.7676,-73.9648,B02617,
2014-04-11 15:31:00,40.7374,-73.9884,B02617,
2014-04-16 14:36:00,40.7303,-74.0078,B02682,
2014-04-05 21:40:00,40.7588,-73.9303,B02617,
2014-04-17 17:29:00,40.7623,-73.9744,B02764,
2014-04-05 21:27:00,40.6742,-73.9661,B02682,
2014-04-25 17:01:00,40.74,-73.9991,B02682,
2014-04-05 10:13:00,40.6451,-73.7809,B02682,
2014-04-14 21:03:00,40.7506,-74.0033,B02598,
2014-04-07 18:33:00,40.7406,-74.0077,B02598,
2014-04-23 17:10:00,40.7047,-74.0097,B02682,
2014-04-15 18:28:00,40.7578,-73.9741,B02682,
2014-04-09 07:34:00,40.7438,-73.9891,B02617,
2014-04-28 16:32:00,40.7658,-73.9821,B02682,
2014-04-29 08:16:00,40.7305,-73.9891,B02598,
2014-04-18 15:50:00,40.7261,-74.0091,B02682,
2014-04-03 20:37:00,40.7178,-73.9929,B02598,
2014-04-06 00:44:00,40.7376,-74.0039,B02682,
2014-04-13 12:52:00,40.762,-73.9784,B02617,
2014-04-30 13:07:00,40.7335,-74.0082,B02512,
2014-04-29 03:10:00,40.7489,-73.9396,B02617,
2014-04-13 00:16:00,40.7225,-74.0003,B02598,
2014-04-10 17:10:00,40.6449,-73.7823,B02682,
2014-04-10 14:34:00,40.773,-73.8855,B02617,
2014-04-04 03:18:00,40.7106,-74.0049,B02598,
2014-04-10 16:04:00,40.7813,-73.9513,B02512,
2014-04-16 19:57:00,40.755,-74.0022,B02682,
2014-04-16 23:40:00,40.672,-73.9641,B02598,
2014-04-26 04:02:00,40.7496,-73.9879,B02598,
2014-04-04 15:28:00,40.7422,-73.9902,B02682,
2014-04-16 11:08:00,40.7853,-73.9536,B02512,
2014-04-21 13:30:00,40.7411,-74.0078,B02617,
2014-04-27 18:01:00,40.6951,-74.1782,B02512,
2014-04-17 16:45:00,40.748,-73.9881,B02598,
2014-04-24 09:52:00,40.7439,-73.9921,B02617,
2014-04-22 18:48:00,40.7526,-73.9964,B02598,
2014-04-18 18:17:00,40.7667,-73.9668,B02512,
2014-04-17 18:00:00,40.7275,-74.0055,B02598,
2014-04-05 22:56:00,40.7554,-73.9812,B02682,
2014-04-24 18:04:00,40.7199,-73.9987,B02598,
2014-04-23 17:49:00,40.7563,-73.9746,B02682,
2014-04-26 13:42:00,40.7329,-74.0039,B02682,
2014-04-16 15:05:00,40.7336,-74.1731,B02682,
2014-04-29 17:19:00,40.7413,-73.9948,B02617,
2014-04-12 21:34:00,40.745,-73.8928,B02682,
2014-04-29 21:52:00,40.7503,-73.9791,B02617,
2014-04-05 12:09:00,40.7819,-73.9572,B02617,
2014-04-09 15:29:00,40.7651,-73.9555,B02682,
2014-04-17 16:53:00,40.7467,-73.944,B02682,
2014-04-25 00:31:00,40.7656,-73.9794,B02512,
2014-04-23 07:54:00,40.7627,-73.9636,B02512,
2014-04-25 16:13:00,40.745,-73.9888,B02617,
2014-04-07 21:50:00,40.7751,-73.9608,B02512,
2014-04-07 08:31:00,40.7341,-73.9948,B02682,
2014-04-06 00:44:00,40.7265,-73.9916,B02598,
2014-04-16 16:53:00,40.7436,-73.9848,B02682,
2014-04-19 20:03:00,40.7201,-73.9569,B02598,
2014-04-09 09:18:00,40.7813,-73.9598,B02682,
2014-04-29 07:34:00,40.7886,-73.9669,B02682,
2014-04-24 21:39:00,40.7454,-73.9988,B02682,
2014-04-01 23:10:00,40.7338,-74.0013,B02598,
2014-04-24 14:01:00,40.7244,-73.9471,B02617,
2014-04-23 10:00:00,40.7211,-73.9993,B02598,
2014-04-11 11:44:00,40.7779,-73.9539,B02598,
2014-04-26 11:36:00,40.72,-74.0086,B02617,
2014-04-26 18:23:00,40.723,-74.0096,B02598,
2014-04-26 17:10:00,40.7906,-73.9766,B02598,
2014-04-30 15:08:00,40.7561,-73.979,B02617,
2014-04-22 23:50:00,40.7517,-73.9855,B02598,
2014-04-30 16:20:00,40.7518,-73.9809,B02682,
2014-04-29 17:00:00,40.7534,-73.9872,B02682,
2014-04-15 22:12:00,40.7647,-73.9764,B02617,
2014-04-05 19:07:00,40.7468,-73.9772,B02682,
2014-04-30 17:16:00,40.7664,-73.9783,B02512,
2014-04-30 10:19:00,40.7623,-73.9786,B02682,
2014-04-16 15:44:00,40.7487,-73.9773,B02682,
2014-04-08 21:46:00,40.7571,-73.9698,B02598,
2014-04-25 09:15:00,40.7433,-73.9918,B02682,
2014-04-24 09:55:00,40.6632,-73.8855,B02682,
2014-04-25 20:58:00,40.7341,-74.0,B02598,
2014-04-13 14:09:00,40.7696,-73.995,B02512,
2014-04-11 20:37:00,40.7079,-74.006,B02598,
2014-04-01 15:56:00,40.765,-73.9683,B02617,
2014-04-22 07:44:00,40.7289,-73.9981,B02617,
2014-04-10 08:46:00,40.7084,-74.0052,B02617,
2014-04-04 11:45:00,40.752,-73.989,B02682,
2014-04-02 14:33:00,40.6466,-73.7898,B02682,
2014-04-09 07:45:00,40.7233,-73.9912,B02598,
2014-04-25 06:44:00,40.7749,-73.9448,B02682,
2014-04-11 16:24:00,40.6467,-73.7893,B02617,
2014-04-16 16:39:00,40.7767,-73.981,B02598,
2014-04-30 19:42:00,40.7419,-73.9904,B02617,
2014-04-25 20:37:00,40.7686,-73.8626,B02598,
2014-04-18 16:05:00,40.7259,-74.0039,B02598,
2014-04-09 20:41:00,40.7326,-73.9971,B02682,
2014-04-23 21:26:00,40.7256,-74.0054,B02617,
2014-04-12 19:38:00,40.7257,-74.0038,B02617,
2014-04-25 22:24:00,40.759,-73.9711,B02598,
2014-04-12 00:05:00,40.7144,-73.9655,B02682,
2014-04-03 22:46:00,40.7827,-73.9825,B02598,
2014-04-23 11:54:00,40.7893,-73.9547,B02598,
2014-04-12 00:57:00,40.7489,-73.9921,B02598,
2014-04-11 15:36:00,40.7552,-73.9683,B02682,
2014-04-30 10:54:00,40.7554,-73.9716,B02682,
2014-04-30 17:32:00,40.7739,-73.8717,B02682,
2014-04-06 18:39:00,40.6952,-74.1784,B02682,
2014-04-06 15:49:00,40.7564,-73.9725,B02682,
2014-04-19 10:27:00,40.7612,-73.973,B02598,
2014-04-20 16:53:00,40.7161,-73.9874,B02617,
2014-04-12 20:33:00,40.743,-73.9928,B02682,
2014-04-03 07:14:00,40.7376,-74.004,B02598,
2014-04-10 17:53:00,40.7276,-74.0073,B02682,
2014-04-19 13:40:00,40.737,-73.9902,B02682,
2014-04-22 12:10:00,40.7741,-73.8725,B02682,
2014-04-08 10:48:00,40.7495,-73.993,B02598,
2014-04-14 13:46:00,40.639,-73.9974,B02682,
2014-04-25 15:54:00,40.7388,-74.0081,B02598,
2014-04-06 19:50:00,40.7443,-74.0066,B02682,
2014-04-24 19:43:00,40.7323,-74.0017,B02682,
2014-04-27 09:57:00,40.7628,-73.9782,B02682,
2014-04-26 04:39:00,40.756,-73.9931,B02617,
2014-04-26 19:57:00,40.7966,-73.9742,B02598,
2014-04-29 14:42:00,40.7693,-73.9827,B02617,
2014-04-13 11:38:00,40.6418,-73.7889,B02617,
2014-04-18 16:01:00,40.7175,-73.9933,B02598,
2014-04-30 17:24:00,40.7529,-73.9933,B02617,
2014-04-04 23:16:00,40.7211,-73.9966,B02617,
2014-04-08 00:03:00,40.6483,-73.7825,B02598,
2014-04-10 13:26:00,40.7821,-73.957,B02617,
2014-04-02 05:45:00,40.7473,-74.0031,B02617,
2014-04-06 21:04:00,40.7684,-73.9247,B02682,
2014-04-12 22:09:00,40.7659,-73.9692,B02598,
2014-04-29 08:07:00,40.735,-73.9816,B02617,
2014-04-26 20:05:00,40.6962,-73.9955,B02512,
2014-04-27 22:36:00,40.7741,-73.8727,B02682,
2014-04-29 07:24:00,40.7432,-73.9781,B02598,
2014-04-19 17:49:00,40.7253,-74.0,B02682,
2014-04-23 20:34:00,40.7237,-74.0057,B02682,
2014-04-14 19:56:00,40.7786,-73.9753,B02512,
2014-04-02 15:08:00,40.7441,-74.0011,B02617,
2014-04-08 12:57:00,40.7238,-74.0108,B02617,
2014-04-08 05:01:00,40.7324,-74.0037,B02682,
2014-04-20 17:32:00,40.7236,-74.0108,B02512,
2014-04-17 16:17:00,40.7841,-73.9702,B02617,
2014-04-24 08:32:00,40.9646,-73.7069,B02598,
2014-04-25 22:37:00,40.6931,-73.9695,B02598,
2014-04-18 16:15:00,40.7512,-73.9853,B02598,
2014-04-08 22:01:00,40.7481,-73.9848,B02682,
2014-04-30 06:21:00,40.7363,-74.0026,B02598,
2014-04-10 21:24:00,40.7405,-73.9981,B02682,
2014-04-30 18:43:00,40.7545,-73.9923,B02512,
2014-04-30 20:07:00,40.7364,-73.9966,B02598,
2014-04-04 18:22:00,40.7725,-73.9591,B02682,
2014-04-15 16:15:00,40.6439,-73.783,B02682,
2014-04-18 20:31:00,40.7356,-73.9927,B02598,
2014-04-25 18:34:00,40.7381,-73.9892,B02617,
2014-04-03 15:45:00,40.7559,-73.9807,B02598,
2014-04-26 20:08:00,40.7705,-73.9563,B02598,
2014-04-04 21:41:00,40.7606,-73.9845,B02512,
2014-04-28 14:43:00,40.7564,-73.9868,B02598,
2014-04-17 08:07:00,40.7311,-73.9757,B02682,
2014-04-04 08:30:00,40.7799,-73.9486,B02682,
2014-04-26 15:45:00,40.7738,-73.9547,B02598,
2014-04-21 06:56:00,40.7468,-73.9866,B02617,
2014-04-29 08:14:00,40.7722,-73.9545,B02682,
2014-04-30 09:05:00,40.7848,-73.9485,B02682,
2014-04-08 07:07:00,40.6773,-73.9671,B02682,
2014-04-26 13:36:00,40.7244,-74.0041,B02598,
2014-04-28 13:34:00,40.7559,-73.9728,B02682,
2014-04-26 16:32:00,40.769,-73.9812,B02598,
2014-04-17 15:59:00,40.7216,-74.0118,B02682,
2014-04-04 21:33:00,40.7608,-73.9787,B02598,
2014-04-25 11:27:00,40.7236,-74.0046,B02598,
2014-04-28 21:32:00,40.7781,-73.963,B02682,
2014-04-01 07:29:00,40.7427,-73.9566,B02682,
2014-04-12 23:18:00,40.7325,-74.0005,B02617,
2014-04-15 10:45:00,40.7738,-73.9821,B02682,
2014-04-28 19:22:00,40.7192,-73.9854,B02682,
2014-04-25 00:04:00,40.7201,-73.9443,B02682,
2014-04-20 22:53:00,40.711,-74.0058,B02598,
2014-04-09 14:08:00,40.7368,-73.9745,B02598,
2014-04-05 21:13:00,40.7312,-74.0039,B02682,
2014-04-10 18:49:00,40.7077,-74.0057,B02617,
2014-04-16 21:26:00,40.7127,-73.9567,B02617,
2014-04-28 17:54:00,40.7264,-73.996,B02598,
2014-04-01 16:39:00,40.7396,-73.9926,B02598,
2014-04-29 21:16:00,40.7575,-73.988,B02764,
2014-04-26 13:05:00,40.6927,-73.9922,B02682,
2014-04-06 00:03:00,40.7496,-74.0064,B02598,
2014-04-07 03:26:00,40.7807,-73.9788,B02598,
2014-04-04 18:50:00,40.7124,-74.009,B02617,
2014-04-25 11:20:00,40.754,-73.9918,B02682,
2014-04-04 21:03:00,40.7712,-73.9833,B02682,
2014-04-10 19:58:00,40.757,-73.9825,B02682,
2014-04-25 07:24:00,40.7609,-73.9986,B02682,
2014-04-15 21:23:00,40.726,-74.0058,B02682,
2014-04-09 20:07:00,40.6944,-73.9512,B02682,
2014-04-28 22:46:00,40.7751,-73.9634,B02598,
2014-04-26 10:45:00,40.7314,-73.9925,B02682,
2014-04-05 14:54:00,40.6949,-74.1779,B02598,
2014-04-05 22:46:00,40.7524,-73.9861,B02682,
2014-04-24 10:08:00,40.7746,-73.9603,B02598,
2014-04-25 16:40:00,40.7367,-73.9931,B02682,
2014-04-27 16:35:00,40.7238,-73.9967,B02682,
2014-04-24 08:54:00,40.7247,-73.9933,B02682,
2014-04-08 09:17:00,40.7764,-73.9562,B02682,
2014-04-08 10:20:00,40.806,-74.0772,B02682,
2014-04-27 14:48:00,40.742,-73.9748,B02682,
2014-04-19 17:44:00,40.7672,-73.9683,B02617,
2014-04-11 04:05:00,40.7226,-74.0042,B02682,
2014-04-23 20:28:00,40.7635,-73.9597,B02598,
2014-04-26 02:43:00,40.7299,-74.004,B02617,
2014-04-25 16:53:00,40.7258,-74.0058,B02617,
2014-04-29 16:12:00,40.7554,-73.9948,B02617,
2014-04-24 17:15:00,40.6449,-73.7823,B02598,
2014-04-06 00:43:00,40.7228,-73.9878,B02598,
2014-04-06 01:28:00,40.7027,-73.928,B02598,
2014-04-24 07:05:00,40.7188,-73.9907,B02598,
2014-04-15 23:24:00,40.7625,-73.9924,B02598,
2014-04-24 21:40:00,40.7355,-74.0082,B02598,
2014-04-28 11:38:00,40.7262,-74.0063,B02598,
2014-04-10 16:09:00,40.6878,-74.1819,B02682,
2014-04-15 15:28:00,40.7784,-73.9543,B02682,
2014-04-11 07:21:00,40.7355,-73.9982,B02598,
2014-04-09 21:15:00,40.6448,-73.7825,B02682,
2014-04-04 08:13:00,40.7604,-73.9697,B02598,
2014-04-29 06:32:00,40.7335,-74.008,B02617,
2014-04-19 16:39:00,40.7189,-74.0087,B02682,
2014-04-08 14:26:00,40.7272,-74.0034,B02617,
2014-04-18 23:05:00,40.7304,-74.0042,B02682,
2014-04-04 10:32:00,40.7886,-73.9797,B02512,
2014-04-23 08:54:00,40.6915,-73.9844,B02598,
2014-04-17 21:24:00,40.7323,-73.9961,B02598,
2014-04-16 14:48:00,40.71,-74.0047,B02512,
2014-04-25 21:39:00,40.7591,-73.9883,B02598,
2014-04-25 14:20:00,40.7412,-73.9914,B02598,
2014-04-25 18:10:00,40.737,-73.9743,B02598,
2014-04-19 04:14:00,40.7683,-74.0357,B02682,
2014-04-12 21:47:00,40.7073,-73.9126,B02617,
2014-04-28 22:15:00,40.7642,-73.973,B02764,
2014-04-03 22:52:00,40.7617,-73.9839,B02617,
2014-04-04 15:14:00,40.693,-73.9547,B02598,
2014-04-11 18:33:00,40.7226,-73.9983,B02512,
2014-04-28 07:29:00,40.7116,-73.9622,B02682,
2014-04-07 18:47:00,40.721,-74.0038,B02598,
2014-04-12 19:09:00,40.6873,-73.9736,B02682,
2014-04-24 22:13:00,40.7601,-73.9877,B02617,
2014-04-16 19:19:00,40.754,-73.9742,B02682,
2014-04-07 07:23:00,40.7855,-73.9765,B02598,
2014-04-18 22:20:00,40.719,-73.9903,B02617,
2014-04-26 17:52:00,40.7883,-73.9754,B02512,
2014-04-27 03:07:00,40.6783,-73.9497,B02598,
2014-04-16 10:45:00,40.756,-74.0023,B02682,
2014-04-19 13:55:00,40.724,-73.9901,B02682,
2014-04-17 20:14:00,40.7409,-74.0075,B02598,
2014-04-17 21:49:00,40.7266,-73.9959,B02682,
2014-04-17 14:57:00,40.7831,-73.9553,B02764,
2014-04-09 18:40:00,40.7665,-73.9883,B02682,
2014-04-09 17:24:00,40.7115,-74.0155,B02682,
2014-04-13 20:16:00,40.8083,-73.9451,B02764,
2014-04-19 15:05:00,40.7451,-74.0061,B02682,
2014-04-07 22:55:00,40.7438,-74.0087,B02598,
2014-04-12 00:16:00,40.7424,-74.0043,B02598,
2014-04-23 13:35:00,40.6852,-73.9334,B02682,
2014-04-24 11:18:00,40.7649,-73.9808,B02617,
2014-04-12 18:55:00,40.7158,-74.0116,B02598,
2014-04-14 16:27:00,40.7503,-73.9771,B02598,
2014-04-24 13:40:00,40.7464,-73.9915,B02682,
2014-04-07 17:29:00,40.739,-73.9908,B02682,
2014-04-28 13:42:00,40.7645,-73.9659,B02598,
2014-04-25 19:25:00,40.76,-73.9903,B02598,
2014-04-06 21:11:00,40.7581,-73.9879,B02512,
2014-04-06 18:02:00,40.7239,-73.9979,B02617,
2014-04-27 21:03:00,40.7631,-73.9684,B02598,
2014-04-12 21:42:00,40.7617,-73.9868,B02617,
2014-04-24 19:17:00,40.7436,-73.9737,B02682,
2014-04-23 17:01:00,40.7703,-73.9913,B02682,
2014-04-09 14:40:00,40.7448,-73.9891,B02598,
2014-04-26 13:36:00,40.6906,-74.1776,B02617,
2014-04-17 21:17:00,40.6902,-74.1786,B02617,
2014-04-07 17:06:00,40.7671,-73.9688,B02682,
2014-04-15 16:43:00,40.7475,-74.0092,B02682,
2014-04-22 20:56:00,40.7343,-74.003,B02598,
2014-04-20 23:41:00,40.6449,-73.7822,B02682,
2014-04-25 20:57:00,40.7751,-73.9537,B02598,
2014-04-25 07:45:00,40.7561,-73.9631,B02682,
2014-04-21 04:33:00,40.7715,-73.9882,B02682,
2014-04-15 10:37:00,40.7703,-73.9877,B02598,
2014-04-15 07:54:00,40.7709,-73.8659,B02682,
2014-04-30 06:58:00,40.7168,-74.0089,B02682,
2014-04-30 11:59:00,40.7331,-73.9964,B02512,
2014-04-14 06:18:00,40.7858,-73.9708,B02682,
2014-04-05 17:00:00,40.7155,-74.006,B02682,
2014-04-01 08:15:00,40.765,-73.9588,B02617,
2014-04-29 17:55:00,40.7509,-73.9908,B02682,
2014-04-07 14:19:00,40.7757,-73.9837,B02598,
2014-04-28 17:28:00,40.7104,-73.9952,B02617,
2014-04-26 18:22:00,40.7048,-73.7224,B02598,
2014-04-09 00:02:00,40.7202,-73.9995,B02598,
2014-04-29 15:59:00,40.7452,-73.9982,B02682,
2014-04-16 18:19:00,40.7601,-73.9699,B02682,
2014-04-15 09:21:00,40.732,-74.0094,B02598,
2014-04-14 16:01:00,40.7684,-73.8623,B02682,
2014-04-25 16:14:00,40.7535,-73.9962,B02617,
2014-04-07 10:11:00,40.6912,-73.9899,B02617,
2014-04-04 14:25:00,40.7785,-73.9744,B02512,
2014-04-28 16:43:00,40.6928,-73.9882,B02682,
2014-04-08 19:44:00,40.7492,-73.9919,B02682,
2014-04-03 17:26:00,40.7444,-73.9889,B02598,
2014-04-10 12:58:00,40.7559,-73.9137,B02598,
2014-04-07 15:22:00,40.7691,-73.959,B02617,
2014-04-16 14:02:00,40.7521,-73.9798,B02598,
2014-04-10 07:12:00,40.7256,-73.9999,B02598,
2014-04-07 14:55:00,40.7192,-74.0062,B02598,
2014-04-11 03:41:00,40.6489,-73.847,B02512,
2014-04-16 16:47:00,40.7558,-73.9785,B02682,
2014-04-30 07:25:00,40.7326,-73.9523,B02682,
2014-04-10 17:14:00,40.7109,-74.009,B02598,
2014-04-04 18:29:00,40.7436,-74.0057,B02682,
2014-04-10 21:44:00,40.7082,-74.0008,B02598,
2014-04-30 19:06:00,40.7399,-73.9908,B02682,
2014-04-29 15:10:00,40.7581,-73.9602,B02617,
2014-04-17 16:12:00,40.7602,-73.9888,B02682,
2014-04-18 13:20:00,40.7056,-73.9515,B02682,
2014-04-05 17:13:00,40.7714,-73.9625,B02682,
2014-04-18 17:38:00,40.7098,-74.0069,B02682,
2014-04-29 08:14:00,40.7361,-74.0404,B02512,
2014-04-24 06:55:00,40.7142,-74.0096,B02598,
2014-04-12 15:21:00,40.7702,-73.9663,B02598,
2014-04-30 23:32:00,40.7405,-74.0084,B02682,
2014-04-04 11:06:00,40.7819,-73.9568,B02598,
2014-04-26 02:47:00,40.7312,-73.9887,B02682,
2014-04-30 08:39:00,40.7587,-73.9835,B02682,
2014-04-16 16:20:00,40.7572,-73.9821,B02617,
2014-04-11 19:19:00,40.7295,-73.9964,B02682,
2014-04-13 07:49:00,40.7471,-73.9914,B02617,
2014-04-30 16:39:00,40.7514,-74.0068,B02617,
2014-04-28 17:39:00,40.7564,-73.9898,B02598,
2014-04-24 19:34:00,40.7692,-73.9811,B02598,
2014-04-22 20:20:00,40.738,-73.9879,B02682,
2014-04-07 17:43:00,40.7538,-73.9847,B02598,
2014-04-04 23:52:00,40.7376,-74.0317,B02512,
2014-04-11 13:17:00,40.6789,-73.9942,B02682,
2014-04-01 07:07:00,40.7923,-73.9716,B02598,
2014-04-19 20:06:00,40.7443,-73.9845,B02598,
2014-04-02 16:08:00,40.7647,-73.9727,B02617,
2014-04-30 06:57:00,40.6352,-74.0341,B02617,
2014-04-15 09:46:00,40.72,-73.9878,B02682,
2014-04-28 10:25:00,40.7568,-73.9781,B02617,
2014-04-15 20:40:00,40.7148,-73.9981,B02682,
2014-04-28 07:04:00,40.7129,-73.9658,B02682,
2014-04-28 17:05:00,40.716,-74.0151,B02598,
2014-04-27 14:41:00,40.645,-73.7819,B02682,
2014-04-04 22:36:00,40.7447,-73.9972,B02682,
2014-04-06 07:28:00,40.752,-73.9952,B02512,
2014-04-02 17:21:00,40.7532,-73.9791,B02617,
2014-04-21 00:47:00,40.7242,-74.0102,B02682,
2014-04-21 08:29:00,40.7031,-73.986,B02682,
2014-04-08 09:20:00,40.722,-74.0008,B02617,
2014-04-11 20:29:00,40.7785,-73.9834,B02598,
2014-04-08 19:44:00,40.774,-73.8725,B02598,
2014-04-17 04:24:00,40.7751,-73.9835,B02598,
2014-04-04 22:50:00,40.7831,-73.9529,B02598,
2014-04-16 08:32:00,40.7976,-73.9608,B02682,
2014-04-20 14:17:00,40.7611,-73.9989,B02598,
2014-04-07 17:57:00,40.7931,-73.9739,B02598,
2014-04-04 16:31:00,40.7669,-73.9831,B02682,
2014-04-10 00:19:00,40.7191,-73.9831,B02682,
2014-04-08 13:01:00,40.756,-73.9742,B02682,
2014-04-17 04:53:00,40.6986,-73.9381,B02682,
2014-04-23 11:07:00,40.7408,-74.0077,B02682,
2014-04-01 04:34:00,40.6366,-73.9728,B02598,
2014-04-02 11:50:00,40.7202,-74.0014,B02617,
2014-04-23 08:13:00,40.7693,-73.9592,B02598,
2014-04-29 18:14:00,40.7424,-73.992,B02617,
2014-04-22 07:14:00,40.7375,-73.9799,B02682,
2014-04-13 15:59:00,40.7179,-73.9638,B02598,
2014-04-05 13:15:00,40.7751,-73.9635,B02617,
2014-04-30 16:28:00,40.7605,-73.974,B02682,
2014-04-18 08:27:00,40.7707,-73.9872,B02617,
2014-04-12 11:23:00,40.7796,-73.953,B02617,
2014-04-30 21:14:00,40.7589,-73.98,B02598,
2014-04-03 23:08:00,40.7309,-74.0069,B02617,
2014-04-27 12:02:00,40.7774,-73.9634,B02598,
2014-04-01 14:39:00,40.7362,-73.9917,B02598,
2014-04-01 12:05:00,40.7504,-73.9942,B02598,
2014-04-12 23:02:00,40.7244,-73.9914,B02617,
2014-04-12 22:35:00,40.7612,-73.9678,B02598,
2014-04-03 15:30:00,40.7537,-73.8032,B02617,
2014-04-30 12:42:00,40.7334,-73.9932,B02598,
2014-04-23 14:53:00,40.7737,-73.9778,B02682,
2014-04-07 17:24:00,40.7563,-73.9746,B02682,
2014-04-17 22:06:00,40.7986,-73.9137,B02617,
2014-04-18 13:36:00,40.7523,-73.9858,B02598,
2014-04-16 16:53:00,40.7238,-73.9569,B02598,
2014-04-03 14:48:00,40.7839,-73.9587,B02512,
2014-04-19 19:47:00,40.7596,-73.9662,B02598,
2014-04-30 05:56:00,40.7263,-73.9988,B02682,
2014-04-24 21:01:00,40.7282,-73.9908,B02682,
2014-04-18 16:33:00,40.645,-73.7819,B02598,
2014-04-12 20:24:00,40.7645,-73.9845,B02682,
2014-04-15 06:34:00,40.8496,-73.9144,B02682,
2014-04-20 08:33:00,40.7715,-73.9811,B02598,
2014-04-12 16:49:00,40.7652,-73.9715,B02682,
2014-04-05 20:49:00,40.7304,-73.9948,B02682,
2014-04-15 16:03:00,40.7646,-73.9706,B02617,
2014-04-03 08:59:00,40.7425,-73.9855,B02598,
2014-04-21 04:03:00,40.71,-74.0054,B02682,
2014-04-11 09:04:00,40.7182,-74.0015,B02682,
2014-04-10 11:30:00,40.7566,-73.9922,B02617,
2014-04-11 18:16:00,40.739,-73.9911,B02682,
2014-04-20 14:47:00,40.7932,-73.9705,B02617,
2014-04-26 01:42:00,40.7583,-73.9826,B02598,
2014-04-17 06:54:00,40.7527,-74.0041,B02682,
2014-04-20 08:15:00,40.7207,-74.0042,B02598,
2014-04-26 14:04:00,40.767,-73.9792,B02598,
2014-04-19 22:14:00,40.6786,-73.9736,B02682,
2014-04-04 10:28:00,40.776,-73.9575,B02682,
2014-04-04 20:14:00,40.6457,-73.7768,B02682,
2014-04-05 01:08:00,40.721,-73.9938,B02682,
2014-04-04 17:52:00,40.7264,-74.0024,B02682,
2014-04-29 18:31:00,40.7622,-73.9784,B02617,
2014-04-26 13:41:00,40.6746,-73.925,B02682,
2014-04-20 16:04:00,40.7239,-73.9394,B02598,
2014-04-03 22:11:00,40.7314,-74.0002,B02682,
2014-04-08 12:45:00,40.6964,-73.9745,B02617,
2014-04-29 19:15:00,40.7676,-73.9829,B02682,
2014-04-10 15:56:00,40.7607,-73.9992,B02598,
2014-04-17 12:08:00,40.7457,-73.9889,B02617,
2014-04-12 15:12:00,40.6714,-73.9624,B02682,
2014-04-09 08:25:00,40.7756,-73.9807,B02617,
2014-04-06 12:28:00,40.777,-73.9778,B02598,
2014-04-21 04:44:00,40.7074,-73.9499,B02598,
2014-04-15 10:37:00,40.7758,-73.9608,B02682,
2014-04-11 12:51:00,40.7197,-73.9972,B02617,
2014-04-11 06:23:00,40.7677,-73.9931,B02598,
2014-04-25 22:10:00,40.7403,-74.0052,B02682,
2014-04-17 18:59:00,40.709,-74.0103,B02617,
2014-04-05 22:53:00,40.7035,-73.9318,B02617,
2014-04-15 20:18:00,40.645,-73.782,B02682,
2014-04-23 10:11:00,40.7117,-74.0067,B02682,
2014-04-30 16:32:00,40.7097,-74.0139,B02598,
2014-04-11 16:20:00,40.72,-74.008,B02512,
2014-04-09 08:37:00,40.7209,-74.0104,B02598,
2014-04-28 16:09:00,40.6956,-73.9473,B02682,
2014-04-18 17:07:00,40.7217,-74.0,B02598,
2014-04-26 14:16:00,40.7457,-73.9935,B02617,
2014-04-24 16:35:00,40.7287,-74.0069,B02598,
2014-04-19 15:06:00,40.7079,-73.9446,B02598,
2014-04-27 14:21:00,40.6449,-73.7822,B02512,
2014-04-30 08:33:00,40.6468,-73.7897,B02598,
2014-04-04 21:57:00,40.7411,-73.9789,B02617,
2014-04-24 16:11:00,40.7708,-73.8654,B02598,
2014-04-20 21:10:00,40.7382,-74.0087,B02682,
2014-04-02 23:47:00,40.7386,-74.0,B02682,
2014-04-11 06:38:00,40.6449,-73.7821,B02617,
2014-04-20 11:57:00,40.7463,-73.9755,B02682,
2014-04-26 21:28:00,40.7765,-73.9504,B02598,
2014-04-16 20:29:00,40.7547,-73.9816,B02598,
2014-04-04 21:32:00,40.7058,-74.0085,B02682,
2014-04-11 15:59:00,40.6651,-73.9779,B02682,
2014-04-21 19:22:00,40.7841,-73.9818,B02682,
2014-04-15 15:58:00,40.7147,-74.0108,B02598,
2014-04-08 18:28:00,40.7046,-74.0082,B02598,
2014-04-16 16:59:00,40.7548,-73.9834,B02598,
2014-04-29 08:32:00,40.7781,-73.9484,B02598,
2014-04-22 20:25:00,40.779,-73.9766,B02617,
2014-04-28 15:37:00,40.7188,-73.9896,B02682,
2014-04-15 05:01:00,40.999,-73.7418,B02598,
2014-04-21 17:47:00,40.7578,-73.975,B02682,
2014-04-22 06:01:00,40.7517,-73.9768,B02598,
2014-04-17 17:03:00,40.7686,-73.8627,B02598,
2014-04-30 20:31:00,40.7262,-74.0026,B02598,
2014-04-04 18:07:00,40.7508,-73.9742,B02682,
2014-04-01 05:49:00,40.7344,-73.9897,B02682,
2014-04-29 17:53:00,40.7483,-74.0059,B02682,
2014-04-15 08:25:00,40.7685,-73.8625,B02512,
2014-04-16 22:22:00,40.7572,-73.9824,B02682,
2014-04-07 17:24:00,40.7369,-73.9916,B02682,
2014-04-23 19:05:00,40.7235,-73.9984,B02598,
2014-04-24 12:58:00,40.7533,-73.9876,B02598,
2014-04-03 16:31:00,40.7426,-73.996,B02682,
2014-04-08 07:29:00,40.7803,-73.9599,B02512,
2014-04-26 18:16:00,40.7486,-73.9926,B02598,
2014-04-07 18:19:00,40.7448,-73.9913,B02682,
2014-04-25 08:26:00,40.7144,-73.9533,B02682,
2014-04-27 16:50:00,40.7292,-73.9797,B02682,
2014-04-30 16:15:00,40.7266,-74.0037,B02682,
2014-04-29 23:25:00,40.7273,-74.0055,B02682,
2014-04-28 16:58:00,40.7194,-74.0043,B02682,
2014-04-15 21:15:00,40.7361,-73.9938,B02682,
2014-04-17 22:58:00,40.7225,-74.0105,B02682,
2014-04-20 11:38:00,40.7547,-73.9721,B02682,
2014-04-13 22:17:00,40.6388,-74.03,B02682,
2014-04-07 19:46:00,40.7367,-73.9931,B02617,
2014-04-12 22:22:00,40.7323,-74.0055,B02617,
2014-04-10 13:55:00,40.7504,-73.981,B02598,
2014-04-10 18:03:00,40.7863,-73.956,B02682,
2014-04-30 19:55:00,40.7424,-74.0453,B02617,
2014-04-05 10:34:00,40.756,-73.9821,B02682,
2014-04-29 11:46:00,40.7525,-73.9903,B02598,
2014-04-08 04:47:00,40.721,-73.9914,B02682,
2014-04-24 13:31:00,40.7578,-73.9749,B02598,
2014-04-12 01:27:00,40.7192,-73.9406,B02617,
2014-04-01 07:24:00,40.7221,-73.9873,B02682,
2014-04-21 23:42:00,40.7134,-73.9587,B02598,
2014-04-12 09:18:00,40.7091,-73.969,B02598,
2014-04-11 11:57:00,40.7662,-73.9775,B02682,
2014-04-30 18:45:00,40.7581,-73.9798,B02682,
2014-04-05 18:25:00,40.7466,-73.9821,B02598,
2014-04-01 19:01:00,40.6938,-73.9841,B02617,
2014-04-01 06:56:00,40.7737,-73.9548,B02682,
2014-04-11 15:00:00,40.6884,-73.9053,B02598,
2014-04-08 17:22:00,40.7227,-73.9861,B02598,
2014-04-16 18:47:00,40.727,-73.9842,B02682,
2014-04-29 11:33:00,40.749,-73.9521,B02598,
2014-04-10 18:36:00,40.7414,-74.0024,B02682,
2014-04-07 15:21:00,40.7579,-73.9618,B02617,
2014-04-02 07:40:00,40.734,-74.0046,B02682,
2014-04-30 14:52:00,40.721,-74.0009,B02598,
2014-04-18 22:06:00,40.7163,-73.9923,B02598,
2014-04-26 17:53:00,40.7169,-74.0145,B02617,
2014-04-30 16:06:00,40.7803,-73.9833,B02598,
2014-04-16 15:40:00,40.7391,-73.9896,B02598,
2014-04-09 21:57:00,40.7279,-74.0017,B02617,
2014-04-18 18:09:00,40.71,-74.0104,B02682,
2014-04-15 20:28:00,40.7408,-74.0076,B02617,
2014-04-11 18:09:00,40.7604,-73.9718,B02682,
2014-04-23 14:31:00,40.7259,-74.0058,B02682,
2014-04-30 12:02:00,40.6915,-73.9595,B02617,
2014-04-26 18:20:00,40.7462,-73.9796,B02682,
2014-04-01 20:48:00,40.7353,-74.0033,B02682,
2014-04-16 18:47:00,40.7244,-73.9973,B02598,
2014-04-08 08:55:00,40.7386,-73.9976,B02682,
2014-04-16 19:06:00,40.7129,-73.9522,B02682,
2014-04-30 21:02:00,40.7565,-73.9867,B02682,
2014-04-30 17:40:00,40.7248,-74.0078,B02682,
2014-04-10 17:25:00,40.7158,-73.9991,B02598,
2014-04-25 15:03:00,40.7512,-74.0057,B02598,
2014-04-19 08:15:00,40.7238,-73.9802,B02598,
2014-04-12 01:32:00,40.74,-74.0053,B02682,
2014-04-03 06:37:00,40.72,-73.9932,B02682,
2014-04-24 17:39:00,40.7767,-73.9566,B02598,
2014-04-18 10:49:00,40.7537,-73.9777,B02598,
2014-04-23 13:15:00,40.7628,-73.972,B02598,
2014-04-16 14:14:00,40.7398,-73.9913,B02598,
2014-04-28 19:52:00,40.7642,-73.9984,B02682,
2014-04-06 20:06:00,40.7462,-73.984,B02682,
2014-04-13 08:37:00,40.7092,-74.0168,B02682,
2014-04-12 00:57:00,40.6792,-73.9873,B02682,
2014-04-25 22:03:00,40.7415,-74.005,B02598,
2014-04-29 17:47:00,40.7406,-74.0055,B02512,
2014-04-23 07:00:00,40.7402,-74.0035,B02512,
2014-04-29 16:53:00,40.7548,-73.9766,B02682,
2014-04-26 16:36:00,40.7417,-74.0032,B02512,
2014-04-09 13:00:00,40.7571,-73.974,B02617,
2014-04-10 09:49:00,40.7679,-73.9638,B02617,
2014-04-16 18:49:00,40.7054,-74.0171,B02682,
2014-04-30 13:54:00,40.749,-73.9936,B02598,
2014-04-05 10:17:00,40.7355,-74.0061,B02682,
2014-04-30 11:30:00,40.7358,-73.9563,B02682,
2014-04-26 03:44:00,40.736,-73.8756,B02598,
2014-04-30 22:58:00,40.7214,-74.011,B02598,
2014-04-10 20:31:00,40.759,-73.9742,B02617,
2014-04-10 11:09:00,40.7696,-73.965,B02682,
2014-04-10 18:00:00,40.7551,-73.9839,B02598,
2014-04-22 12:16:00,40.7568,-73.9699,B02617,
2014-04-03 20:33:00,40.7548,-73.9715,B02682,
2014-04-28 15:04:00,40.7696,-73.9502,B02682,
2014-04-25 19:38:00,40.7189,-73.9625,B02682,
2014-04-02 12:28:00,40.7741,-73.8722,B02617,
2014-04-19 20:35:00,40.7024,-73.943,B02617,
2014-04-08 18:00:00,40.7675,-73.9927,B02598,
2014-04-13 19:19:00,40.7304,-74.0,B02617,
2014-04-23 14:50:00,40.6772,-73.974,B02682,
2014-04-01 20:55:00,40.7363,-74.0058,B02617,
2014-04-16 15:15:00,40.7045,-74.0141,B02682,
2014-04-01 13:03:00,40.6124,-73.9609,B02682,
2014-04-12 15:19:00,40.7415,-73.9879,B02682,
2014-04-29 08:34:00,40.7562,-73.987,B02764,
2014-04-08 00:11:00,40.6449,-73.7823,B02598,
2014-04-27 10:28:00,40.7461,-73.9946,B02598,
2014-04-15 08:18:00,40.7481,-73.9712,B02682,
2014-04-10 18:22:00,40.7734,-73.9531,B02682,
2014-04-17 17:56:00,40.7544,-73.9881,B02682,
2014-04-29 09:16:00,40.7218,-73.992,B02598,
2014-04-15 16:24:00,40.7492,-73.9907,B02682,
2014-04-17 15:54:00,40.7077,-74.0119,B02598,
2014-04-26 13:44:00,40.7615,-73.9781,B02617,
2014-04-30 16:39:00,40.7717,-73.9655,B02598,
2014-04-30 13:31:00,40.7061,-74.0054,B02598,
2014-04-12 08:07:00,40.7388,-74.0085,B02682,
2014-04-28 08:40:00,40.7678,-73.9915,B02682,
2014-04-04 07:50:00,40.7361,-73.9861,B02682,
2014-04-25 21:31:00,40.7054,-74.0117,B02598,
2014-04-30 16:59:00,40.7848,-73.9539,B02682,
2014-04-16 16:21:00,40.745,-73.9938,B02682,
2014-04-03 06:41:00,40.7557,-73.9822,B02512,
2014-04-05 14:53:00,40.6385,-74.0361,B02682,
2014-04-04 08:42:00,40.7364,-73.9988,B02617,
2014-04-08 13:30:00,40.747,-73.9905,B02682,
2014-04-28 20:58:00,40.7633,-73.9089,B02682,
2014-04-17 16:24:00,40.7739,-73.8721,B02682,
2014-04-30 16:43:00,40.7651,-73.9551,B02682,
2014-04-08 21:46:00,40.7408,-73.9873,B02682,
2014-04-12 18:37:00,40.7202,-74.0085,B02598,
2014-04-03 11:21:00,40.7927,-73.9755,B02617,
2014-04-04 23:07:00,40.7683,-73.9824,B02682,
2014-04-11 20:23:00,40.7459,-73.9998,B02682,
2014-04-11 20:11:00,40.7337,-73.9771,B02598,
2014-04-01 10:34:00,40.6837,-73.8479,B02682,
2014-04-02 15:16:00,40.7373,-73.9901,B02598,
2014-04-22 07:16:00,40.7752,-73.9766,B02617,
2014-04-21 15:34:00,40.7492,-73.9922,B02682,
2014-04-06 10:14:00,40.7148,-74.0162,B02682,
2014-04-05 20:53:00,40.7506,-73.9946,B02682,
2014-04-10 14:47:00,40.6878,-74.1821,B02617,
2014-04-02 21:26:00,40.7118,-73.9657,B02598,
2014-04-04 04:28:00,40.7145,-73.9568,B02682,
2014-04-22 15:30:00,40.7234,-74.0049,B02682,
2014-04-10 11:25:00,40.7641,-73.9784,B02682,
2014-04-17 04:11:00,40.7387,-73.9959,B02512,
2014-04-02 15:20:00,40.7613,-73.974,B02617,
2014-04-29 19:40:00,40.7833,-73.9528,B02598,
2014-04-01 18:38:00,40.7591,-73.9675,B02617,
2014-04-01 15:58:00,40.7686,-73.9821,B02682,
2014-04-12 18:23:00,40.762,-73.9718,B02682,
2014-04-02 20:02:00,40.763,-73.9699,B02682,
2014-04-28 08:35:00,40.7576,-73.9634,B02682,
2014-04-23 22:15:00,40.7679,-73.983,B02682,
2014-04-29 18:00:00,40.7507,-73.9808,B02682,
2014-04-30 16:09:00,40.7554,-73.9754,B02598,
2014-04-13 22:42:00,40.774,-73.872,B02617,
2014-04-05 15:14:00,40.7132,-74.0045,B02682,
2014-04-02 18:12:00,40.7517,-73.9862,B02617,
2014-04-30 12:04:00,40.751,-74.0057,B02682,
2014-04-26 20:45:00,40.774,-73.8728,B02617,
2014-04-03 17:01:00,40.7071,-74.0047,B02598,
2014-04-29 21:44:00,40.6898,-73.9783,B02598,
2014-04-06 17:28:00,40.7754,-73.9579,B02617,
2014-04-13 13:48:00,40.6948,-74.1779,B02682,
2014-04-23 15:04:00,40.7606,-73.9755,B02617,
2014-04-28 18:44:00,40.7753,-73.9905,B02682,
2014-04-07 10:04:00,40.7526,-73.97,B02617,
2014-04-01 08:03:00,40.7512,-73.994,B02598,
2014-04-06 19:15:00,40.7319,-74.0081,B02617,
2014-04-29 20:56:00,40.7429,-73.9865,B02682,
2014-04-21 09:45:00,40.7178,-74.0142,B02682,
2014-04-03 13:40:00,40.7569,-73.9847,B02617,
2014-04-25 19:45:00,40.7785,-73.9585,B02598,
2014-04-07 12:36:00,40.737,-74.0575,B02682,
2014-04-08 17:14:00,40.7062,-74.0167,B02617,
2014-04-26 11:55:00,40.7539,-73.9773,B02598,
2014-04-04 08:15:00,40.7258,-73.9897,B02682,
2014-04-13 15:56:00,40.7645,-73.9745,B02617,
2014-04-24 17:39:00,40.7333,-73.9989,B02598,
2014-04-30 14:32:00,40.7324,-73.9948,B02682,
2014-04-29 20:10:00,40.7262,-73.9918,B02598,
2014-04-12 02:20:00,40.7332,-74.003,B02682,
2014-04-09 15:34:00,40.7496,-73.9838,B02598,
2014-04-21 11:19:00,40.7596,-73.9758,B02598,
2014-04-15 22:50:00,40.7354,-73.9892,B02617,
2014-04-13 16:11:00,40.6416,-73.7884,B02682,
2014-04-30 17:15:00,40.7673,-73.9548,B02682,
2014-04-29 19:12:00,40.7279,-73.9461,B02682,
2014-04-04 13:25:00,40.7512,-73.9804,B02682,
2014-04-08 20:47:00,40.761,-73.9784,B02617,
2014-04-16 15:57:00,40.7762,-73.9577,B02682,
2014-04-16 14:37:00,40.7423,-73.9847,B02598,
2014-04-26 04:06:00,40.6848,-73.9692,B02598,
2014-04-08 03:58:00,40.7084,-74.0064,B02682,
2014-04-29 13:22:00,40.7673,-73.9594,B02617,
2014-04-16 06:59:00,40.7357,-73.998,B02682,
2014-04-16 19:41:00,40.7731,-73.8855,B02764,
2014-04-11 12:07:00,40.7159,-74.0118,B02682,
2014-04-14 21:05:00,40.6657,-73.9826,B02682,
2014-04-26 02:40:00,40.7518,-74.0042,B02598,
2014-04-20 16:36:00,40.7305,-74.0041,B02617,
2014-04-06 19:58:00,40.7618,-73.9794,B02512,
2014-04-26 20:25:00,40.7273,-74.0076,B02682,
2014-04-15 11:42:00,40.7303,-73.9924,B02682,
2014-04-09 21:54:00,40.7572,-73.9831,B02617,
2014-04-08 16:45:00,40.7557,-73.9842,B02682,
2014-04-29 12:00:00,40.7223,-73.9971,B02617,
2014-04-01 16:59:00,40.7385,-73.9865,B02682,
2014-04-29 07:09:00,40.7774,-73.9484,B02617,
2014-04-04 18:26:00,40.7684,-73.9892,B02598,
2014-04-30 10:47:00,40.7268,-73.9505,B02617,
2014-04-10 17:43:00,40.7648,-73.978,B02764,
2014-04-11 19:03:00,40.784,-73.957,B02598,
2014-04-10 08:29:00,40.7247,-73.9814,B02598,
2014-04-07 19:51:00,40.7732,-73.8859,B02512,
2014-04-03 07:27:00,40.7233,-73.9908,B02764,
2014-04-21 06:23:00,40.7768,-73.9796,B02682,
2014-04-02 09:00:00,40.7683,-73.9822,B02598,
2014-04-16 10:20:00,40.7758,-73.961,B02598,
2014-04-15 09:23:00,40.7445,-73.9853,B02598,
2014-04-25 18:08:00,40.7538,-73.9744,B02598,
2014-04-24 15:07:00,40.7378,-73.9901,B02598,
2014-04-12 21:32:00,40.7324,-74.0079,B02598,
2014-04-03 19:05:00,40.716,-74.0126,B02682,
2014-04-11 12:10:00,40.7416,-73.9895,B02598,
2014-04-22 19:09:00,40.7648,-73.9819,B02764,
2014-04-25 08:50:00,40.7159,-74.0124,B02682,
2014-04-27 19:39:00,40.7287,-73.9477,B02682,
2014-04-27 01:30:00,40.7223,-73.9871,B02598,
2014-04-15 09:54:00,40.6878,-74.1815,B02512,
2014-04-09 19:53:00,40.7111,-73.9416,B02682,
2014-04-27 01:31:00,40.7408,-74.0076,B02598,
2014-04-30 14:47:00,40.7501,-73.9726,B02682,
2014-04-15 10:12:00,40.7721,-73.9468,B02682,
2014-04-22 20:43:00,40.7575,-73.9717,B02598,
2014-04-26 11:07:00,40.761,-73.9717,B02682,
2014-04-11 06:38:00,40.7704,-73.9523,B02682,
2014-04-21 21:46:00,40.6899,-74.1784,B02617,
2014-04-12 17:05:00,40.7138,-73.9854,B02598,
2014-04-12 12:21:00,40.6748,-73.9976,B02598,
2014-04-19 15:18:00,40.7797,-73.974,B02598,
2014-04-07 20:22:00,40.7214,-73.9935,B02598,
2014-04-14 16:54:00,40.7208,-73.958,B02512,
2014-04-12 23:41:00,40.6789,-73.9871,B02682,
2014-04-30 17:26:00,40.7412,-73.9931,B02682,
2014-04-23 17:33:00,40.764,-73.9736,B02598,
2014-04-05 00:02:00,40.6881,-73.9192,B02617,
2014-04-25 13:25:00,40.7486,-73.9948,B02617,
2014-04-08 19:40:00,40.7483,-73.9848,B02598,
2014-04-09 09:49:00,40.7496,-73.9936,B02598,
2014-04-06 21:54:00,40.7377,-74.002,B02682,
2014-04-08 07:52:00,40.7456,-73.9783,B02598,
2014-04-07 13:37:00,40.6905,-74.1782,B02512,
2014-04-15 19:08:00,40.7576,-73.9847,B02682,
2014-04-23 21:13:00,40.742,-73.9779,B02682,
2014-04-25 21:23:00,40.759,-73.9917,B02598,
2014-04-23 05:19:00,40.7481,-73.9915,B02682,
2014-04-08 08:05:00,40.7545,-73.9913,B02617,
2014-04-10 00:46:00,40.7567,-73.9886,B02617,
2014-04-28 17:14:00,40.7549,-73.9706,B02598,
2014-04-29 19:07:00,40.745,-74.0049,B02598,
2014-04-26 23:53:00,40.7411,-74.0015,B02617,
2014-04-21 05:38:00,40.7823,-73.9582,B02598,
2014-04-21 07:30:00,40.7787,-73.9873,B02682,
2014-04-29 18:31:00,40.734,-73.9773,B02682,
2014-04-09 18:06:00,40.7349,-73.9891,B02598,
2014-04-04 19:18:00,40.7588,-73.9728,B02682,
2014-04-20 18:52:00,40.7519,-73.9937,B02682,
2014-04-29 13:37:00,40.6951,-74.1786,B02682,
2014-04-15 15:17:00,40.8272,-73.94,B02598,
2014-04-09 14:44:00,40.784,-73.9564,B02598,
2014-04-07 04:50:00,40.6458,-73.7767,B02682,
2014-04-10 12:28:00,40.7352,-73.9938,B02682,
2014-04-11 15:53:00,40.7387,-73.9853,B02682,
2014-04-04 15:14:00,40.7137,-74.0636,B02682,
2014-04-24 17:27:00,40.7507,-73.9726,B02617,
2014-04-15 11:13:00,40.7876,-73.9548,B02682,
2014-04-09 12:49:00,40.7577,-73.9715,B02682,
2014-04-26 18:11:00,40.7484,-73.989,B02617,
2014-04-25 19:31:00,40.7508,-74.0037,B02682,
2014-04-18 19:45:00,40.7686,-73.8627,B02682,
2014-04-04 19:38:00,40.7114,-73.9617,B02682,
2014-04-16 13:21:00,40.7434,-73.989,B02682,
2014-04-01 17:27:00,40.7646,-73.9705,B02617,
2014-04-02 10:01:00,40.6711,-73.9731,B02617,
2014-04-04 09:33:00,40.745,-73.9843,B02682,
2014-04-23 19:52:00,40.763,-73.9742,B02598,
2014-04-12 18:15:00,40.7278,-74.3285,B02617,
2014-04-27 11:37:00,40.6592,-73.9626,B02682,
2014-04-26 03:29:00,40.7375,-73.9912,B02682,
2014-04-14 09:23:00,40.7691,-73.9691,B02617,
2014-04-21 15:21:00,40.6835,-73.922,B02682,
2014-04-15 16:31:00,40.726,-73.9981,B02598,
2014-04-04 20:06:00,40.7367,-74.0052,B02512,
2014-04-30 17:45:00,40.7556,-73.9819,B02598,
2014-04-27 14:24:00,40.6902,-73.9662,B02682,
2014-04-05 20:54:00,40.72,-73.9881,B02598,
2014-04-01 16:47:00,40.7256,-73.9932,B02617,
2014-04-04 10:33:00,40.7169,-73.9499,B02682,
2014-04-29 06:45:00,40.7386,-74.0087,B02598,
2014-04-19 11:00:00,40.726,-73.9865,B02617,
2014-04-02 15:58:00,40.7153,-74.0163,B02682,
2014-04-05 21:08:00,40.7325,-73.9991,B02682,
2014-04-01 16:32:00,40.7562,-73.9974,B02682,
2014-04-01 11:27:00,40.7451,-74.0039,B02682,
2014-04-09 14:12:00,40.7449,-73.9824,B02617,
2014-04-19 14:47:00,40.7213,-74.0042,B02682,
2014-04-17 16:22:00,40.7641,-73.965,B02512,
2014-04-04 15:42:00,40.6754,-73.9626,B02682,
2014-04-21 13:24:00,40.7166,-74.0132,B02598,
2014-04-30 13:14:00,40.6909,-73.9942,B02598,
2014-04-04 12:09:00,40.7233,-73.9974,B02617,
2014-04-02 16:48:00,40.778,-73.9747,B02682,
2014-04-20 23:18:00,40.7677,-73.9911,B02617,
2014-04-13 02:34:00,40.7404,-74.0057,B02682,
2014-04-07 19:53:00,40.7271,-73.9842,B02598,
2014-04-04 22:57:00,40.6539,-73.9274,B02682,
2014-04-16 07:48:00,40.7562,-73.9932,B02682,
2014-04-03 17:07:00,40.7623,-73.9683,B02512,
2014-04-25 16:11:00,40.7317,-73.9946,B02682,
2014-04-22 19:45:00,40.7106,-73.9843,B02682,
2014-04-29 14:25:00,40.79,-73.9704,B02682,
2014-04-30 11:56:00,40.7426,-73.9867,B02598,
2014-04-28 09:25:00,40.7662,-73.9186,B02598,
2014-04-18 16:24:00,40.7515,-73.9896,B02617,
2014-04-04 16:50:00,40.7461,-74.0288,B02512,
2014-04-29 17:32:00,40.7586,-73.9775,B02682,
2014-04-09 15:25:00,40.7246,-74.0019,B02682,
2014-04-03 06:31:00,40.6449,-73.7821,B02682,
2014-04-15 20:48:00,40.7284,-73.9942,B02598,
2014-04-03 15:52:00,40.7593,-73.9768,B02598,
2014-04-15 16:40:00,40.7555,-73.972,B02598,
2014-04-29 01:15:00,40.7615,-73.9847,B02617,
2014-04-27 11:03:00,40.7752,-73.9611,B02682,
2014-04-21 04:50:00,40.7089,-73.7361,B02617,
2014-04-30 18:51:00,40.7305,-74.0045,B02598,
2014-04-05 19:33:00,40.7246,-73.9801,B02682,
2014-04-15 18:41:00,40.7621,-73.9783,B02598,
2014-04-24 21:11:00,40.7617,-73.9802,B02617,
2014-04-28 19:45:00,40.7603,-73.9745,B02617,
2014-04-01 07:28:00,40.734,-73.9951,B02598,
2014-04-10 06:07:00,40.7493,-73.9767,B02598,
2014-04-22 19:16:00,40.7333,-73.9989,B02598,
2014-04-21 05:32:00,40.7312,-74.0097,B02598,
2014-04-01 23:47:00,40.7385,-73.9843,B02682,
2014-04-25 17:33:00,40.7416,-73.9898,B02682,
2014-04-04 18:21:00,40.7268,-73.9871,B02617,
2014-04-21 19:16:00,40.8103,-73.951,B02682,
2014-04-06 12:27:00,40.8182,-73.9415,B02682,
2014-04-16 10:56:00,40.6947,-73.9833,B02682,
2014-04-03 19:08:00,40.7154,-74.0146,B02682,
2014-04-27 13:27:00,40.7213,-73.999,B02682,
2014-04-23 21:48:00,40.7646,-73.98,B02617,
2014-04-30 12:50:00,40.7576,-73.9841,B02682,
2014-04-06 00:15:00,40.7397,-74.0022,B02682,
2014-04-25 08:28:00,40.7329,-74.0065,B02598,
2014-04-02 11:40:00,40.7515,-73.994,B02598,
2014-04-02 07:46:00,40.7188,-73.9916,B02598,
2014-04-05 20:33:00,40.7239,-74.0112,B02598,
2014-04-11 03:17:00,40.7467,-73.9795,B02682,
2014-04-08 16:51:00,40.7312,-73.9919,B02598,
2014-04-22 19:00:00,40.7844,-73.649,B02598,
2014-04-17 14:38:00,40.6885,-73.9885,B02598,
2014-04-24 13:59:00,40.7665,-73.9533,B02617,
2014-04-15 06:21:00,40.7152,-74.0095,B02617,
2014-04-02 16:20:00,40.7049,-74.0089,B02598,
2014-04-17 06:35:00,40.721,-73.9938,B02598,
2014-04-16 05:03:00,40.6458,-73.7768,B02682,
2014-04-23 09:38:00,40.764,-73.994,B02598,
2014-04-16 06:37:00,40.6933,-73.9891,B02617,
2014-04-14 06:20:00,40.7772,-73.9543,B02682,
2014-04-05 13:52:00,40.7919,-73.9529,B02598,
2014-04-16 17:10:00,40.7169,-74.0123,B02617,
2014-04-03 18:35:00,40.7351,-73.9854,B02617,
2014-04-26 02:01:00,40.7675,-73.9844,B02598,
2014-04-05 21:40:00,40.6872,-73.9621,B02598,
2014-04-24 14:20:00,40.7198,-74.0065,B02682,
2014-04-03 21:23:00,40.72,-73.988,B02598,
2014-04-02 23:45:00,40.7139,-73.9326,B02617,
2014-04-12 15:08:00,40.8224,-73.9542,B02617,
2014-04-05 20:27:00,40.7188,-74.0107,B02682,
2014-04-22 07:24:00,40.7326,-73.9745,B02598,
2014-04-25 23:51:00,40.7304,-73.9893,B02682,
2014-04-16 18:39:00,40.7556,-73.9749,B02617,
2014-04-04 14:34:00,40.7809,-73.9798,B02617,
2014-04-30 21:09:00,40.7496,-73.9901,B02682,
2014-04-09 12:06:00,40.6641,-73.947,B02598,
2014-04-15 21:19:00,40.7152,-74.0102,B02617,
2014-04-21 17:13:00,40.7581,-73.9935,B02598,
2014-04-21 00:06:00,40.7242,-74.0102,B02598,
2014-04-04 22:50:00,40.734,-73.993,B02512,
2014-04-15 08:48:00,40.7499,-73.9781,B02617,
2014-04-29 08:25:00,40.7376,-74.009,B02598,
2014-04-17 16:29:00,40.7308,-73.9931,B02617,
2014-04-22 22:21:00,40.6952,-74.1774,B02512,
2014-04-29 18:55:00,40.7542,-73.9942,B02598,
2014-04-15 14:38:00,40.7519,-73.9986,B02512,
2014-04-02 21:47:00,40.7612,-73.9988,B02598,
2014-04-23 09:23:00,40.7221,-74.0004,B02598,
2014-04-17 17:35:00,40.7545,-73.9757,B02598,
2014-04-15 07:10:00,40.7896,-73.9793,B02617,
2014-04-06 18:16:00,40.7596,-73.9853,B02512,
2014-04-03 05:27:00,40.7747,-73.9911,B02682,
2014-04-23 20:13:00,40.8047,-73.9521,B02617,
2014-04-27 13:47:00,40.6319,-73.9465,B02617,
2014-04-22 15:03:00,40.7607,-73.9612,B02682,
2014-04-17 08:00:00,40.9162,-72.7006,B02617,
2014-04-04 18:45:00,40.7588,-73.9886,B02598,
2014-04-12 21:22:00,40.7234,-73.9938,B02512,
2014-04-26 21:05:00,40.7071,-74.0168,B02598,
2014-04-24 16:14:00,40.7532,-73.9873,B02617,
2014-04-14 00:12:00,40.7335,-74.0074,B02682,
2014-04-28 16:43:00,40.709,-74.0088,B02682,
2014-04-12 16:21:00,40.7371,-73.9844,B02598,
2014-04-04 04:49:00,40.7428,-73.995,B02598,
2014-04-22 14:55:00,40.7801,-73.9617,B02598,
2014-04-13 15:15:00,40.645,-73.7819,B02682,
2014-04-13 15:40:00,40.7627,-73.9672,B02512,
2014-04-06 18:39:00,40.725,-73.9828,B02682,
2014-04-05 17:43:00,40.6951,-74.1784,B02598,
2014-04-15 19:56:00,40.7325,-73.9969,B02598,
2014-04-19 09:40:00,40.7204,-74.002,B02682,
2014-04-19 20:48:00,40.7286,-73.9962,B02598,
2014-04-14 12:54:00,40.7601,-73.9723,B02682,
2014-04-08 16:50:00,40.7543,-73.9788,B02598,
2014-04-24 07:40:00,40.7338,-73.9868,B02682,
2014-04-04 17:56:00,40.7383,-73.9931,B02598,
2014-04-11 05:26:00,40.7273,-73.992,B02598,
2014-04-04 07:38:00,40.7179,-74.0048,B02682,
2014-04-21 19:11:00,40.7183,-74.0072,B02682,
2014-04-25 17:12:00,40.7644,-73.9756,B02617,
2014-04-10 21:25:00,40.7654,-73.9845,B02617,
2014-04-22 20:58:00,40.7568,-73.9827,B02682,
2014-04-13 16:00:00,40.7506,-73.9984,B02617,
2014-04-24 22:49:00,40.7439,-74.0082,B02682,
2014-04-30 21:06:00,40.6009,-73.9374,B02598,
2014-04-03 08:14:00,40.7517,-73.9755,B02598,
2014-04-12 23:05:00,40.7273,-73.9937,B02617,
2014-04-18 16:46:00,40.7432,-74.0075,B02682,
2014-04-15 13:59:00,40.7665,-73.9524,B02682,
2014-04-25 23:38:00,40.728,-73.9947,B02682,
2014-04-07 18:38:00,40.7073,-74.0086,B02682,
2014-04-12 02:49:00,40.761,-73.8749,B02682,
2014-04-04 09:20:00,40.7775,-73.9605,B02598,
2014-04-11 08:36:00,40.7404,-73.9918,B02598,
2014-04-09 21:48:00,40.7646,-73.9705,B02764,
2014-04-03 15:44:00,40.6928,-73.9873,B02682,
2014-04-04 20:36:00,40.7271,-74.0018,B02617,
2014-04-18 08:28:00,40.7323,-73.994,B02682,
2014-04-06 10:15:00,40.719,-74.0048,B02617,
2014-04-02 18:47:00,40.7652,-73.9821,B02682,
2014-04-30 17:51:00,40.7939,-73.9701,B02682,
2014-04-25 09:35:00,40.7162,-74.0122,B02617,
2014-04-26 19:54:00,40.6856,-73.9794,B02682,
2014-04-29 21:10:00,40.7282,-74.0054,B02682,
2014-04-10 23:57:00,40.7567,-73.9727,B02682,
2014-04-21 08:13:00,40.7367,-73.9876,B02682,
2014-04-04 18:19:00,40.7416,-73.9812,B02598,
2014-04-13 22:52:00,40.6448,-73.7825,B02764,
2014-04-07 15:33:00,40.7558,-73.9891,B02617,
2014-04-03 07:47:00,40.7089,-74.009,B02512,
2014-04-24 11:32:00,40.6463,-73.7895,B02598,
2014-04-06 19:20:00,40.7675,-73.9686,B02598,
2014-04-07 21:52:00,40.7385,-73.9855,B02682,
2014-04-01 08:14:00,40.7153,-74.0056,B02682,
2014-04-08 07:50:00,40.7393,-74.0064,B02598,
2014-04-25 13:15:00,40.7269,-74.002,B02617,
2014-04-09 19:18:00,40.7219,-73.9986,B02617,
2014-04-05 22:57:00,40.7753,-73.9621,B02682,
2014-04-14 16:56:00,40.6877,-74.1822,B02682,
2014-04-10 14:08:00,40.7398,-73.9967,B02512,
2014-04-24 16:46:00,40.7393,-73.9938,B02598,
2014-04-24 14:05:00,40.7826,-73.9453,B02598,
2014-04-16 14:48:00,40.7355,-73.9866,B02682,
2014-04-08 08:49:00,40.7553,-73.9839,B02682,
2014-04-01 16:38:00,40.7504,-73.9832,B02682,
2014-04-07 18:20:00,40.7491,-73.9865,B02682,
2014-04-05 17:10:00,40.7659,-73.9693,B02617,
2014-04-18 21:46:00,40.7313,-73.9887,B02598,
2014-04-03 22:53:00,40.7299,-74.0021,B02682,
2014-04-15 17:15:00,40.7801,-73.9751,B02682,
2014-04-08 18:54:00,40.7499,-74.0361,B02617,
2014-04-25 20:12:00,40.7561,-73.9703,B02617,
2014-04-23 06:49:00,40.7774,-73.9566,B02598,
2014-04-08 18:31:00,40.7558,-73.9708,B02682,
2014-04-21 16:54:00,40.7227,-73.9978,B02617,
2014-04-04 23:17:00,40.7213,-73.9937,B02682,
2014-04-13 09:22:00,40.7677,-73.9916,B02617,
2014-04-12 13:21:00,40.7411,-74.0268,B02682,
2014-04-26 18:12:00,40.7774,-73.9828,B02617,
2014-04-24 16:11:00,40.7164,-74.0066,B02598,
2014-04-22 20:04:00,40.7634,-73.9825,B02617,
2014-04-01 21:28:00,40.8517,-74.068,B02682,
2014-04-17 08:08:00,40.7124,-73.9424,B02598,
2014-04-07 02:44:00,40.7241,-73.9843,B02598,
2014-04-16 10:46:00,40.7586,-73.9889,B02598,
2014-04-03 12:35:00,40.7134,-73.9583,B02617,
2014-04-13 11:06:00,40.7561,-73.9714,B02617,
2014-04-08 16:16:00,40.7331,-73.9581,B02682,
2014-04-30 06:44:00,40.7252,-74.0357,B02598,
2014-04-27 01:28:00,40.7396,-74.0021,B02682,
2014-04-30 22:15:00,40.7255,-73.9989,B02598,
2014-04-18 07:13:00,40.774,-73.8718,B02598,
2014-04-01 07:20:00,40.7364,-74.0058,B02682,
2014-04-26 08:52:00,40.7957,-73.9618,B02598,
2014-04-26 17:28:00,40.7147,-74.0114,B02617,
2014-04-12 23:08:00,40.7327,-73.986,B02598,
2014-04-17 20:18:00,40.7329,-73.9982,B02617,
2014-04-06 10:45:00,40.698,-73.9754,B02617,
2014-04-30 19:54:00,40.7395,-73.9896,B02598,
2014-04-25 15:30:00,40.7654,-73.9795,B02598,
2014-04-10 15:38:00,40.7321,-73.9819,B02598,
2014-04-15 10:25:00,40.7419,-73.9924,B02512,
2014-04-29 10:19:00,40.6887,-73.9643,B02617,
2014-04-06 22:48:00,40.6919,-73.9717,B02682,
2014-04-29 14:57:00,40.7556,-73.9836,B02598,
2014-04-26 23:12:00,40.7372,-74.0006,B02682,
2014-04-13 10:03:00,40.7327,-74.0013,B02682,
2014-04-15 10:58:00,40.7752,-73.9798,B02617,
2014-04-30 22:47:00,40.7444,-74.0002,B02598,
2014-04-24 15:08:00,40.746,-74.0053,B02598,
2014-04-29 13:33:00,40.7347,-74.0091,B02512,
2014-04-05 21:57:00,40.7351,-74.002,B02682,
2014-04-10 13:22:00,40.7563,-73.9853,B02598,
2014-04-03 23:23:00,40.6448,-73.7822,B02682,
2014-04-12 15:58:00,40.782,-73.9792,B02617,
2014-04-19 00:10:00,40.724,-74.0082,B02682,
2014-04-25 18:23:00,40.7636,-73.9794,B02598,
2014-04-09 06:14:00,40.6719,-73.9758,B02617,
2014-04-02 06:47:00,40.76,-73.9788,B02617,
2014-04-22 14:38:00,40.7407,-74.0056,B02682,
2014-04-03 16:44:00,40.7526,-73.9934,B02617,
2014-04-13 17:10:00,40.719,-74.0065,B02598,
2014-04-10 23:39:00,40.722,-73.9971,B02617,
2014-04-23 20:25:00,40.743,-73.9877,B02617,
2014-04-30 13:39:00,40.7589,-73.9766,B02682,
2014-04-29 17:54:00,40.7611,-73.9669,B02617,
2014-04-03 21:48:00,40.7614,-73.9819,B02617,
2014-04-27 21:50:00,40.6187,-74.0326,B02682,
2014-04-16 17:43:00,40.7643,-73.9791,B02617,
2014-04-11 17:22:00,40.7277,-74.0001,B02598,
2014-04-01 06:54:00,40.7806,-73.9484,B02682,
2014-04-02 07:13:00,40.7177,-73.9966,B02598,
2014-04-10 20:56:00,40.7649,-73.9716,B02598,
2014-04-14 05:34:00,40.6903,-73.906,B02617,
2014-04-17 09:09:00,40.7252,-74.0092,B02598,
2014-04-10 19:19:00,40.6795,-74.0119,B02617,
2014-04-29 11:07:00,40.7717,-73.949,B02598,
2014-04-26 17:42:00,40.7455,-73.9925,B02682,
2014-04-23 23:16:00,40.7682,-73.951,B02617,
2014-04-15 06:10:00,40.752,-73.9773,B02682,
2014-04-08 13:49:00,40.7093,-74.0021,B02598,
2014-04-26 14:29:00,40.7646,-73.978,B02617,
2014-04-05 00:32:00,40.7154,-73.9445,B02682,
2014-04-17 06:59:00,40.766,-73.9769,B02598,
2014-04-16 07:57:00,40.7844,-73.9812,B02598,
2014-04-19 14:24:00,40.7054,-74.0171,B02682,
2014-04-10 07:39:00,40.7382,-73.9793,B02598,
2014-04-23 20:40:00,40.7602,-73.989,B02617,
2014-04-08 12:47:00,40.7252,-73.9993,B02512,
2014-04-02 16:38:00,40.7725,-73.9551,B02512,
2014-04-09 07:18:00,40.7818,-73.983,B02682,
2014-04-06 06:09:00,40.7405,-73.989,B02682,
2014-04-20 09:34:00,40.7741,-73.8722,B02682,
2014-04-04 19:27:00,40.7334,-73.9991,B02617,
2014-04-16 18:16:00,40.7386,-73.9976,B02598,
2014-04-26 07:43:00,40.7749,-73.9784,B02682,
2014-04-23 09:07:00,40.7736,-73.9598,B02682,
2014-04-12 12:46:00,40.7272,-73.9862,B02617,
2014-04-08 21:05:00,40.7547,-73.9757,B02512,
2014-04-16 05:59:00,40.7307,-74.0044,B02512,
2014-04-13 14:02:00,40.705,-74.0166,B02617,
2014-04-24 20:54:00,40.7808,-73.9525,B02598,
2014-04-16 14:12:00,40.7854,-73.9575,B02682,
2014-04-08 19:38:00,40.7646,-73.977,B02598,
2014-04-03 22:35:00,40.7377,-73.9898,B02598,
2014-04-30 11:52:00,40.7762,-73.9613,B02617,
2014-04-05 22:58:00,40.7602,-73.9214,B02617,
2014-04-11 18:13:00,40.7621,-73.9711,B02617,
2014-04-18 23:35:00,40.7272,-74.0055,B02682,
2014-04-27 19:27:00,40.7757,-73.9533,B02598,
2014-04-04 14:09:00,40.689,-74.1791,B02617,
2014-04-27 23:37:00,40.7255,-73.9478,B02682,
2014-04-08 16:32:00,40.731,-73.9914,B02598,
2014-04-06 07:29:00,40.6831,-73.965,B02682,
2014-04-10 13:11:00,40.7091,-74.0077,B02682,
2014-04-02 16:32:00,40.7421,-74.0045,B02682,
2014-04-10 22:43:00,40.7557,-73.9823,B02512,
2014-04-20 22:56:00,40.6687,-73.9852,B02682,
2014-04-21 08:22:00,40.7931,-73.974,B02682,
2014-04-05 13:08:00,40.6914,-73.9906,B02598,
2014-04-18 06:02:00,40.7166,-74.0146,B02682,
2014-04-09 20:08:00,40.8045,-73.9477,B02617,
2014-04-20 01:49:00,40.6983,-73.9609,B02764,
2014-04-16 17:11:00,40.7507,-73.9701,B02512,
2014-04-25 23:10:00,40.7444,-73.9789,B02682,
2014-04-16 02:30:00,40.7471,-73.9853,B02682,
2014-04-05 23:27:00,40.7599,-73.9963,B02617,
2014-04-17 17:51:00,40.7711,-73.8657,B02682,
2014-04-09 07:57:00,40.6897,-73.9658,B02682,
2014-04-03 19:29:00,40.7562,-73.9705,B02598,
2014-04-10 18:31:00,40.7401,-73.9919,B02682,
2014-04-05 23:50:00,40.7183,-73.9904,B02617,
2014-04-13 20:54:00,40.7197,-73.9847,B02682,
2014-04-04 10:39:00,40.7817,-73.9466,B02682,
2014-04-02 09:28:00,40.7789,-73.952,B02598,
2014-04-04 22:57:00,40.7311,-73.9904,B02682,
2014-04-04 15:17:00,40.7419,-73.9935,B02598,
2014-04-03 21:59:00,40.7649,-73.9823,B02682,
2014-04-04 05:04:00,40.7358,-73.923,B02682,
2014-04-30 06:50:00,40.7284,-74.0036,B02598,
2014-04-30 15:58:00,40.7393,-73.9937,B02764,
2014-04-15 18:31:00,40.7058,-74.0084,B02682,
2014-04-30 16:00:00,40.7457,-73.9866,B02682,
2014-04-25 12:22:00,40.7519,-73.973,B02598,
2014-04-03 08:36:00,40.737,-73.9737,B02598,
2014-04-24 05:45:00,40.7266,-73.985,B02598,
2014-04-29 11:54:00,40.7342,-74.0031,B02598,
2014-04-27 07:18:00,40.7218,-73.9581,B02512,
2014-04-26 11:20:00,40.7132,-74.0092,B02598,
2014-04-10 20:56:00,40.6448,-73.7819,B02682,
2014-04-04 20:35:00,40.742,-74.0046,B02617,
2014-04-13 02:34:00,40.7337,-73.9881,B02598,
2014-04-13 14:44:00,40.7191,-73.9996,B02617,
2014-04-01 22:50:00,40.7531,-73.984,B02682,
2014-04-03 17:45:00,40.7394,-73.9899,B02512,
2014-04-09 06:26:00,40.777,-73.9558,B02598,
2014-04-14 09:23:00,40.777,-73.9778,B02598,
2014-04-17 04:43:00,40.7702,-73.9496,B02617,
2014-04-02 22:54:00,40.7686,-73.8626,B02617,
2014-04-08 16:31:00,40.7636,-73.9577,B02617,
2014-04-03 21:34:00,40.7058,-74.0085,B02682,
2014-04-29 20:15:00,40.7642,-73.9667,B02682,
2014-04-20 19:50:00,40.7502,-73.9945,B02598,
2014-04-30 17:52:00,40.7422,-73.9989,B02617,
2014-04-27 19:30:00,40.6483,-73.7827,B02764,
2014-04-24 20:33:00,40.7525,-73.9895,B02617,
2014-04-18 22:13:00,40.7137,-74.0091,B02512,
2014-04-13 15:13:00,40.7232,-74.0032,B02682,
2014-04-05 23:40:00,40.749,-73.9797,B02682,
2014-04-29 16:23:00,40.7591,-73.9804,B02682,
2014-04-10 07:27:00,40.7605,-73.9995,B02617,
2014-04-16 04:02:00,40.6757,-73.9787,B02598,
2014-04-14 16:28:00,40.7551,-73.9877,B02598,
2014-04-12 23:19:00,40.7356,-74.0017,B02598,
2014-04-17 00:12:00,40.7501,-73.9949,B02682,
2014-04-10 04:58:00,40.7411,-74.0017,B02682,
2014-04-04 18:06:00,40.7208,-73.9993,B02617,
2014-04-22 18:44:00,40.8123,-73.9609,B02682,
2014-04-05 21:41:00,40.6795,-73.9954,B02682,
2014-04-09 22:32:00,40.7639,-73.9763,B02682,
2014-04-12 16:05:00,40.7303,-73.9894,B02617,
2014-04-04 13:53:00,40.7401,-73.9861,B02682,
2014-04-17 16:18:00,40.7639,-73.9762,B02598,
2014-04-26 20:27:00,40.7244,-73.9835,B02617,
2014-04-26 20:59:00,40.7963,-73.9736,B02682,
2014-04-22 06:06:00,40.6948,-74.1779,B02512,
2014-04-02 20:28:00,40.7318,-73.9877,B02682,
2014-04-23 17:12:00,40.7601,-73.974,B02682,
2014-04-06 12:10:00,40.6748,-73.955,B02682,
2014-04-02 17:39:00,40.7295,-73.9934,B02617,
2014-04-12 23:30:00,40.7847,-73.9772,B02682,
2014-04-12 20:25:00,40.7302,-73.9546,B02598,
2014-04-07 18:05:00,40.7642,-73.971,B02682,
2014-04-16 08:11:00,40.7371,-73.997,B02617,
2014-04-07 16:31:00,40.7376,-74.0073,B02682,
2014-04-20 21:21:00,40.6465,-73.7772,B02682,
2014-04-30 07:03:00,40.7751,-73.9492,B02682,
2014-04-27 21:41:00,40.8313,-73.9265,B02682,
2014-04-17 21:05:00,40.7587,-73.9873,B02598,
2014-04-03 14:56:00,40.7425,-74.0041,B02682,
2014-04-22 16:50:00,40.7537,-73.9992,B02617,
2014-04-02 11:47:00,40.7388,-74.0088,B02682,
2014-04-11 14:29:00,40.7718,-73.9792,B02598,
2014-04-04 10:27:00,40.6936,-73.9892,B02598,
2014-04-05 17:53:00,40.7353,-74.0069,B02682,
2014-04-16 12:09:00,40.7187,-74.0095,B02682,
2014-04-30 07:45:00,40.7694,-73.9516,B02617,
2014-04-26 01:31:00,40.7405,-74.0064,B02682,
2014-04-24 19:37:00,40.7595,-73.9743,B02617,
2014-04-15 13:58:00,40.7498,-73.9924,B02512,
2014-04-30 08:48:00,40.7596,-73.9721,B02598,
2014-04-14 11:51:00,40.7222,-74.0113,B02598,
2014-04-30 19:29:00,40.7536,-73.9839,B02512,
2014-04-02 06:45:00,40.742,-73.9544,B02598,
2014-04-12 17:56:00,40.7732,-73.959,B02598,
2014-04-20 16:15:00,40.6693,-73.9862,B02682,
2014-04-07 09:34:00,40.7548,-73.9736,B02617,
2014-04-11 07:15:00,40.721,-73.9543,B02682,
2014-04-12 14:38:00,40.7538,-73.9693,B02682,
2014-04-22 15:28:00,40.7382,-74.0086,B02598,
2014-04-25 22:46:00,40.7367,-73.9914,B02598,
2014-04-17 14:45:00,40.705,-74.0161,B02598,
2014-04-18 16:46:00,40.7293,-74.0011,B02617,
2014-04-25 01:44:00,40.6549,-73.907,B02598,
2014-04-30 19:29:00,40.7242,-73.9962,B02598,
2014-04-29 13:45:00,40.7848,-73.9702,B02512,
2014-04-26 22:06:00,40.7249,-74.0058,B02617,
2014-04-11 12:04:00,40.7526,-73.965,B02617,
2014-04-29 08:20:00,40.7332,-74.0023,B02682,
2014-04-03 17:48:00,40.7534,-73.9925,B02598,
2014-04-24 20:59:00,40.7535,-73.9807,B02598,
2014-04-05 19:10:00,40.7397,-73.9951,B02598,
2014-04-09 10:05:00,40.7695,-73.8866,B02682,
2014-04-29 21:48:00,40.7588,-73.9702,B02598,
2014-04-04 15:27:00,40.7381,-73.9879,B02682,
2014-04-18 10:38:00,40.7154,-74.0074,B02617,
2014-04-29 16:39:00,40.8565,-73.9162,B02617,
2014-04-05 19:40:00,40.7021,-73.9828,B02598,
2014-04-25 12:08:00,40.7206,-73.9872,B02512,
2014-04-27 05:31:00,40.76,-73.9226,B02598,
2014-04-08 11:19:00,40.7558,-73.963,B02682,
2014-04-19 22:16:00,40.7199,-74.0102,B02682,
2014-04-26 06:19:00,40.7557,-73.9823,B02764,
2014-04-17 16:10:00,40.6849,-73.9672,B02598,
2014-04-17 07:12:00,40.7605,-73.9993,B02598,
2014-04-04 23:35:00,40.7296,-74.011,B02682,
2014-04-25 22:42:00,40.762,-73.9724,B02682,
2014-04-04 07:32:00,40.781,-73.9593,B02598,
2014-04-25 22:53:00,40.745,-73.9792,B02682,
2014-04-10 06:02:00,40.772,-73.9619,B02598,
2014-04-19 00:29:00,40.7206,-73.9971,B02617,
2014-04-08 14:29:00,40.7052,-74.0076,B02682,
2014-04-17 22:14:00,40.7333,-73.9903,B02617,
2014-04-03 15:33:00,40.774,-73.8718,B02617,
2014-04-10 07:45:00,40.7481,-73.9764,B02617,
2014-04-23 02:39:00,40.7241,-73.7076,B02598,
2014-04-15 08:54:00,40.7288,-73.9816,B02617,
2014-04-20 14:59:00,40.7651,-73.973,B02598,
2014-04-02 08:19:00,40.7877,-73.9729,B02598,
2014-04-05 07:58:00,40.7502,-73.9945,B02682,
2014-04-10 03:08:00,40.6753,-73.9623,B02682,
2014-04-24 16:06:00,40.7453,-73.9804,B02617,
2014-04-10 18:20:00,40.8416,-73.9394,B02598,
2014-04-02 12:50:00,40.7354,-73.9914,B02682,
2014-04-11 17:32:00,40.725,-74.0004,B02682,
2014-04-11 12:03:00,40.7685,-73.8625,B02598,
2014-04-04 14:56:00,40.7436,-73.9996,B02682,
2014-04-04 23:04:00,40.7364,-73.9526,B02682,
2014-04-16 14:26:00,40.597,-73.9851,B02598,
2014-04-19 01:10:00,40.7318,-73.9921,B02617,
2014-04-28 22:37:00,40.7141,-73.7908,B02617,
2014-04-16 21:49:00,40.7643,-73.9777,B02617,
2014-04-10 19:38:00,40.7709,-73.9634,B02598,
2014-04-16 16:27:00,40.7557,-73.9793,B02598,
2014-04-22 16:10:00,40.7444,-73.9963,B02682,
2014-04-02 10:12:00,40.7234,-73.9974,B02598,
2014-04-16 22:23:00,40.7083,-74.001,B02682,
2014-04-27 14:13:00,40.7162,-73.9497,B02682,
2014-04-25 15:21:00,40.7675,-73.8669,B02682,
2014-04-13 15:43:00,40.7128,-73.9527,B02682,
2014-04-15 11:31:00,40.7595,-73.9742,B02682,
2014-04-12 08:55:00,40.7772,-73.962,B02682,
2014-04-02 20:49:00,40.7412,-74.0063,B02598,
2014-04-03 08:45:00,40.7216,-73.9993,B02682,
2014-04-10 17:50:00,40.7556,-73.975,B02682,
2014-04-27 18:04:00,40.7476,-73.9968,B02598,
2014-04-26 16:13:00,40.7376,-74.004,B02682,
2014-04-13 00:06:00,40.7228,-73.9969,B02617,
2014-04-24 16:43:00,40.7563,-73.9725,B02617,
2014-04-26 19:57:00,40.7311,-73.9952,B02598,
2014-04-29 16:54:00,40.7103,-74.0096,B02682,
2014-04-18 18:39:00,40.6543,-73.9484,B02598,
2014-04-29 20:43:00,40.7529,-73.9909,B02598,
2014-04-15 18:43:00,40.7584,-73.9789,B02598,
2014-04-30 20:12:00,40.7375,-73.9914,B02682,
2014-04-17 05:09:00,40.7141,-73.9623,B02682,
2014-04-09 18:25:00,40.7541,-73.992,B02598,
2014-04-17 16:25:00,40.7562,-73.9789,B02598,
2014-04-29 15:14:00,40.7149,-74.0096,B02682,
2014-04-25 05:20:00,40.7076,-74.0167,B02598,
2014-04-11 21:27:00,40.7684,-73.9556,B02682,
2014-04-03 23:14:00,40.774,-73.8717,B02682,
2014-04-11 06:56:00,40.7813,-73.982,B02617,
2014-04-20 20:40:00,40.7431,-73.9771,B02682,
2014-04-23 16:52:00,40.7195,-74.0103,B02682,
2014-04-07 08:29:00,40.7675,-73.9665,B02598,
2014-04-19 17:38:00,40.8035,-73.9394,B02598,
2014-04-25 23:37:00,40.7169,-74.0083,B02617,
2014-04-05 08:38:00,40.7854,-73.9712,B02512,
2014-04-18 09:16:00,40.7303,-73.9759,B02682,
2014-04-06 13:55:00,40.7844,-73.9553,B02682,
2014-04-27 05:03:00,40.7263,-73.9879,B02682,
2014-04-28 16:59:00,40.7752,-73.9634,B02598,
2014-04-08 05:54:00,40.6809,-73.9797,B02617,
2014-04-06 15:36:00,40.7486,-73.9904,B02682,
2014-04-15 12:46:00,40.7212,-74.0013,B02617,
2014-04-24 15:29:00,40.7425,-73.9868,B02682,
2014-04-29 10:10:00,40.7109,-74.0008,B02764,
2014-04-26 23:23:00,40.7263,-73.9917,B02682,
2014-04-16 07:38:00,40.7216,-73.9845,B02617,
2014-04-03 11:22:00,40.6983,-73.9363,B02682,
2014-04-30 17:57:00,40.7644,-73.9687,B02617,
2014-04-02 18:01:00,40.7633,-73.9649,B02598,
2014-04-03 19:15:00,40.7513,-74.0067,B02617,
2014-04-11 13:02:00,40.6421,-73.7896,B02617,
2014-04-01 22:55:00,40.7379,-74.0019,B02682,
2014-04-22 01:17:00,40.717,-73.9631,B02682,
2014-04-14 08:37:00,40.7738,-73.8742,B02682,
2014-04-25 17:26:00,40.764,-73.9738,B02682,
2014-04-23 10:33:00,40.7449,-73.9889,B02617,
2014-04-16 19:45:00,40.7447,-74.0048,B02682,
2014-04-29 17:20:00,40.7558,-73.9866,B02598,
2014-04-08 07:51:00,40.7687,-73.8626,B02617,
2014-04-14 21:15:00,40.7094,-74.011,B02598,
2014-04-03 18:28:00,40.7432,-73.9891,B02682,
2014-04-17 05:45:00,40.7443,-73.9743,B02682,
2014-04-28 16:43:00,40.7619,-73.985,B02617,
2014-04-25 15:14:00,40.7129,-73.8281,B02617,
2014-04-23 21:58:00,40.7199,-74.0102,B02682,
2014-04-12 23:15:00,40.7211,-73.9793,B02617,
2014-04-26 16:50:00,40.7173,-73.9522,B02682,
2014-04-01 09:06:00,40.8093,-73.9413,B02682,
2014-04-06 17:08:00,40.7209,-73.9948,B02682,
2014-04-12 19:25:00,40.6955,-74.1788,B02598,
2014-04-27 14:47:00,40.7446,-73.9789,B02682,
2014-04-10 11:12:00,40.7636,-73.9764,B02617,
2014-04-12 19:23:00,40.7735,-73.9473,B02617,
2014-04-18 21:09:00,40.7201,-73.9969,B02617,
2014-04-25 15:41:00,40.7223,-74.0005,B02617,
2014-04-28 08:32:00,40.7786,-73.9557,B02598,
2014-04-23 20:47:00,40.7248,-73.9824,B02682,
2014-04-30 11:32:00,40.7502,-73.9943,B02682,
2014-04-10 06:30:00,40.6861,-74.0013,B02598,
2014-04-11 23:01:00,40.727,-73.9889,B02617,
2014-04-03 17:54:00,40.7697,-73.984,B02682,
2014-04-20 22:07:00,40.691,-73.9876,B02682,
2014-04-04 19:28:00,40.7558,-73.9678,B02682,
2014-04-24 15:38:00,40.7218,-74.0096,B02512,
2014-04-16 08:53:00,40.7768,-73.949,B02682,
2014-04-23 20:42:00,40.7667,-73.9834,B02682,
2014-04-07 16:20:00,40.7403,-73.9863,B02682,
2014-04-24 19:17:00,40.7587,-73.9733,B02598,
2014-04-25 17:43:00,40.7188,-74.0104,B02682,
2014-04-01 16:41:00,40.7886,-73.967,B02598,
2014-04-12 01:01:00,40.7495,-73.9917,B02682,
2014-04-16 11:27:00,40.79,-73.9734,B02682,
2014-04-02 09:43:00,40.714,-74.0065,B02682,
2014-04-10 08:23:00,40.7226,-74.0075,B02512,
2014-04-30 22:43:00,40.7612,-73.9745,B02682,
2014-04-08 19:54:00,40.7555,-73.9856,B02682,
2014-04-24 20:50:00,40.7152,-74.0154,B02617,
2014-04-26 17:09:00,40.7292,-73.9958,B02598,
2014-04-24 12:18:00,40.7603,-73.9746,B02512,
2014-04-21 07:52:00,40.738,-74.0,B02682,
2014-04-16 20:17:00,40.7606,-73.9815,B02598,
2014-04-23 16:49:00,40.7556,-73.9722,B02682,
2014-04-17 16:07:00,40.7417,-73.9893,B02598,
2014-04-02 16:58:00,40.7245,-73.9973,B02682,
2014-04-07 03:54:00,40.7039,-73.8937,B02598,
2014-04-18 14:50:00,40.7473,-74.0082,B02598,
2014-04-29 17:05:00,40.7477,-73.9948,B02617,
2014-04-19 19:58:00,40.7352,-73.9915,B02598,
2014-04-30 08:00:00,40.7457,-73.9931,B02598,
2014-04-02 19:21:00,40.7507,-73.9804,B02512,
2014-04-08 22:12:00,40.7544,-73.989,B02682,
2014-04-24 22:49:00,40.7699,-73.9843,B02682,
2014-04-24 17:45:00,40.7248,-73.9971,B02764,
2014-04-30 22:13:00,40.7515,-73.9934,B02682,
2014-04-09 21:04:00,40.7214,-73.9974,B02764,
2014-04-14 11:33:00,40.7512,-73.9753,B02598,
2014-04-17 14:18:00,40.7649,-73.9723,B02512,
2014-04-12 22:49:00,40.7248,-73.9946,B02512,
2014-04-11 10:32:00,40.7677,-73.983,B02617,
2014-04-03 17:18:00,40.7453,-74.0022,B02682,
2014-04-07 19:46:00,40.6809,-73.9287,B02682,
2014-04-05 15:01:00,40.6976,-73.9935,B02682,
2014-04-10 07:29:00,40.7204,-73.9882,B02682,
2014-04-15 11:01:00,40.7347,-74.005,B02682,
2014-04-24 01:01:00,40.7213,-74.0013,B02682,
2014-04-22 16:12:00,40.77,-73.9687,B02617,
2014-04-10 20:21:00,40.7622,-73.9824,B02598,
2014-04-25 14:42:00,40.7095,-73.9105,B02598,
2014-04-25 11:56:00,40.7312,-74.0103,B02682,
2014-04-10 07:05:00,40.7354,-73.9844,B02598,
2014-04-19 23:56:00,40.7248,-73.9768,B02598,
2014-04-30 10:22:00,40.7663,-73.9837,B02598,
2014-04-17 18:38:00,40.7278,-73.9934,B02598,
2014-04-12 23:00:00,40.7249,-73.9954,B02598,
2014-04-01 19:56:00,40.74,-73.9839,B02682,
2014-04-30 18:08:00,40.7671,-73.9666,B02598,
2014-04-24 14:48:00,40.7545,-73.9913,B02617,
2014-04-14 06:14:00,40.7741,-73.8724,B02598,
2014-04-25 14:39:00,40.7655,-73.9753,B02682,
2014-04-08 13:53:00,40.7555,-73.9865,B02512,
2014-04-12 17:09:00,40.7755,-73.9585,B02617,
2014-04-26 08:09:00,40.7374,-73.9255,B02682,
2014-04-09 12:10:00,40.7538,-73.996,B02682,
2014-04-04 05:49:00,40.6683,-73.9758,B02617,
2014-04-30 21:20:00,40.7501,-74.0025,B02617,
2014-04-19 18:27:00,40.7436,-73.9847,B02598,
2014-04-03 17:40:00,40.7458,-73.9822,B02598,
2014-04-18 16:38:00,40.7406,-73.9894,B02682,
2014-04-24 11:06:00,40.7111,-73.9416,B02682,
2014-04-15 11:43:00,40.7701,-73.865,B02598,
2014-04-04 13:23:00,40.7385,-73.9899,B02682,
2014-04-17 13:24:00,40.7479,-73.9784,B02682,
2014-04-04 18:18:00,40.7745,-73.9518,B02598,
2014-04-02 08:59:00,40.7628,-73.9716,B02682,
2014-04-09 09:09:00,40.7358,-73.9939,B02617,
2014-04-30 17:53:00,40.763,-73.9661,B02682,
2014-04-14 16:28:00,40.7462,-73.9844,B02598,
2014-04-10 12:19:00,40.7538,-73.9747,B02617,
2014-04-12 22:26:00,40.6799,-73.9894,B02682,
2014-04-24 17:26:00,40.7409,-73.9763,B02682,
2014-04-30 15:29:00,40.7481,-73.9858,B02598,
2014-04-21 20:48:00,40.6743,-73.9567,B02682,
2014-04-05 16:21:00,40.7631,-73.9967,B02617,
2014-04-04 07:38:00,40.7308,-73.9874,B02598,
2014-04-27 01:27:00,40.74,-74.0054,B02617,
2014-04-16 09:08:00,40.7586,-73.9635,B02598,
2014-04-26 09:07:00,40.6981,-73.9964,B02682,
2014-04-25 13:18:00,40.7035,-73.9847,B02598,
2014-04-08 18:25:00,40.6704,-73.9431,B02682,
2014-04-06 15:57:00,40.7587,-73.9599,B02682,
2014-04-08 18:29:00,40.7701,-73.9635,B02682,
2014-04-07 17:44:00,40.7596,-73.9718,B02617,
2014-04-25 15:51:00,40.7609,-73.977,B02682,
2014-04-12 05:58:00,40.727,-73.9912,B02617,
2014-04-23 17:58:00,40.7616,-73.9784,B02682,
2014-04-05 13:27:00,40.8042,-73.9508,B02682,
2014-04-22 18:08:00,40.75,-73.9979,B02617,
2014-04-23 22:29:00,40.6972,-73.9353,B02682,
2014-04-29 06:50:00,40.7201,-73.9633,B02598,
2014-04-15 16:56:00,40.7567,-73.9902,B02682,
2014-04-21 18:19:00,40.7318,-73.9903,B02598,
2014-04-18 00:27:00,40.7271,-74.002,B02617,
2014-04-03 06:24:00,40.7481,-73.9738,B02764,
2014-04-10 15:37:00,40.7644,-73.9814,B02617,
2014-04-23 13:41:00,40.7452,-73.9849,B02617,
2014-04-09 00:24:00,40.7108,-73.9362,B02617,
2014-04-08 19:51:00,40.7393,-73.9937,B02598,
2014-04-29 03:20:00,40.7578,-73.9892,B02598,
2014-04-24 00:13:00,41.0544,-73.5823,B02682,
2014-04-30 01:35:00,40.7269,-73.9887,B02617,
2014-04-25 12:26:00,40.7043,-73.9865,B02598,
2014-04-24 19:46:00,40.7295,-74.0011,B02598,
2014-04-16 19:25:00,40.7251,-74.0031,B02598,
2014-04-09 17:25:00,40.73,-73.9926,B02617,
2014-04-18 21:56:00,40.7581,-73.9858,B02617,
2014-04-19 09:23:00,40.6718,-73.9624,B02598,
2014-04-24 19:52:00,40.7593,-73.9788,B02682,
2014-04-29 07:50:00,40.7474,-74.0024,B02617,
2014-04-03 14:53:00,40.7234,-74.0007,B02682,
2014-04-30 05:44:00,40.7185,-73.9833,B02682,
2014-04-03 18:19:00,40.7811,-73.9593,B02617,
2014-04-18 11:56:00,40.7236,-74.0109,B02682,
2014-04-10 23:49:00,40.6868,-73.9757,B02617,
2014-04-03 23:10:00,40.7432,-74.0076,B02512,
2014-04-25 13:23:00,40.7223,-74.0016,B02617,
2014-04-22 06:53:00,40.7388,-74.0079,B02598,
2014-04-06 10:25:00,40.7365,-74.002,B02598,
2014-04-01 16:55:00,40.7579,-73.9755,B02682,
2014-04-13 19:28:00,40.6448,-73.7825,B02617,
2014-04-25 15:16:00,40.7333,-73.9912,B02682,
2014-04-03 07:34:00,40.7664,-73.9779,B02682,
2014-04-26 13:47:00,40.7303,-73.9805,B02598,
2014-04-09 08:47:00,40.7168,-74.0058,B02598,
2014-04-26 18:42:00,40.7038,-73.9897,B02512,
2014-04-12 22:53:00,40.7656,-73.9624,B02598,
2014-04-24 22:29:00,40.7189,-74.0047,B02617,
2014-04-30 22:45:00,40.7351,-74.0017,B02682,
2014-04-30 05:19:00,40.7465,-73.9914,B02682,
2014-04-29 06:32:00,40.7325,-74.0097,B02682,
2014-04-28 21:48:00,40.7212,-73.9966,B02598,
2014-04-29 20:30:00,40.7945,-73.9663,B02598,
2014-04-28 18:59:00,40.7276,-74.0441,B02598,
2014-04-24 18:22:00,40.7247,-73.9973,B02598,
2014-04-05 21:07:00,40.743,-74.0076,B02682,
2014-04-18 17:46:00,40.7234,-73.9793,B02682,
2014-04-27 02:02:00,40.7343,-74.0028,B02617,
2014-04-22 14:10:00,40.7507,-73.9907,B02682,
2014-04-13 20:18:00,40.7739,-73.8726,B02598,
2014-04-19 17:23:00,40.7497,-74.005,B02598,
2014-04-03 21:10:00,40.7107,-73.7928,B02682,
2014-04-23 20:46:00,40.7743,-73.9635,B02512,
2014-04-29 17:50:00,40.7596,-73.9662,B02617,
2014-04-15 23:15:00,40.7285,-74.0052,B02598,
2014-04-23 06:59:00,40.7809,-73.9489,B02617,
2014-04-10 22:49:00,40.7282,-73.9887,B02598,
2014-04-10 18:40:00,40.7552,-73.9733,B02617,
2014-04-22 20:47:00,40.7501,-73.972,B02682,
2014-04-29 14:36:00,40.7431,-73.9855,B02617,
2014-04-03 20:09:00,40.7595,-73.9722,B02512,
2014-04-13 18:44:00,40.7241,-73.95,B02617,
2014-04-08 17:38:00,40.7351,-73.9957,B02598,
2014-04-14 14:53:00,40.7572,-73.976,B02598,
2014-04-27 08:32:00,40.7288,-74.0111,B02682,
2014-04-04 23:00:00,40.7483,-73.9765,B02682,
2014-04-16 15:59:00,40.7188,-74.0024,B02598,
2014-04-12 15:48:00,40.7725,-73.967,B02598,
2014-04-04 08:34:00,40.7748,-73.9911,B02682,
2014-04-05 19:54:00,40.6995,-73.9534,B02598,
2014-04-23 20:25:00,40.7441,-73.9936,B02617,
2014-04-08 17:27:00,40.7065,-74.006,B02682,
2014-04-04 12:55:00,40.745,-73.9828,B02682,
2014-04-15 21:30:00,40.7205,-73.9958,B02617,
2014-04-24 06:45:00,40.7775,-73.9512,B02617,
2014-04-06 22:09:00,40.7196,-73.9547,B02682,
2014-04-09 22:13:00,40.7498,-73.9762,B02682,
2014-04-16 08:47:00,40.7831,-73.9564,B02682,
2014-04-12 06:52:00,40.8175,-73.9411,B02598,
2014-04-27 12:59:00,40.7743,-73.9819,B02598,
2014-04-26 15:23:00,40.7947,-73.9662,B02598,
2014-04-13 16:18:00,40.7306,-73.9916,B02512,
2014-04-18 19:02:00,40.7115,-73.9536,B02598,
2014-04-21 11:53:00,40.7647,-73.9739,B02598,
2014-04-23 23:29:00,40.7216,-73.9885,B02598,
2014-04-12 23:42:00,40.7404,-73.9964,B02598,
2014-04-04 23:03:00,40.722,-73.9918,B02617,
2014-04-17 16:51:00,40.6949,-74.1778,B02682,
2014-04-03 22:34:00,40.8723,-73.83,B02512,
2014-04-03 22:34:00,40.7449,-73.9888,B02682,
2014-04-24 10:44:00,40.7444,-73.9839,B02617,
2014-04-24 09:57:00,40.7963,-73.9733,B02617,
2014-04-04 20:45:00,40.7659,-73.9691,B02512,
2014-04-09 22:42:00,40.7253,-74.0041,B02617,
2014-04-03 13:35:00,40.7772,-73.952,B02682,
2014-04-08 20:40:00,40.7499,-73.9921,B02598,
2014-04-27 16:53:00,40.718,-73.9902,B02617,
2014-04-30 16:42:00,40.7694,-73.9894,B02617,
2014-04-15 22:49:00,40.7251,-74.0032,B02598,
2014-04-15 18:22:00,40.7415,-74.0306,B02682,
2014-04-19 00:16:00,40.7529,-73.994,B02598,
2014-04-02 18:34:00,40.6953,-74.1854,B02598,
2014-04-17 13:17:00,40.7358,-73.9871,B02682,
2014-04-05 17:54:00,40.7179,-73.9575,B02617,
2014-04-08 07:31:00,40.7984,-73.9729,B02598,
2014-04-16 22:10:00,40.7201,-73.9942,B02682,
2014-04-02 05:31:00,40.7415,-74.0029,B02512,
2014-04-25 01:17:00,40.6802,-73.9747,B02682,
2014-04-24 13:56:00,40.7517,-73.9901,B02617,
2014-04-20 01:33:00,40.719,-73.9893,B02682,
2014-04-29 13:06:00,40.7249,-73.9994,B02682,
2014-04-20 12:41:00,40.7388,-74.0087,B02682,
2014-04-11 15:01:00,40.7658,-73.9545,B02512,
2014-04-04 08:13:00,40.7308,-73.9781,B02682,
2014-04-25 20:00:00,40.7777,-74.4455,B02598,
2014-04-16 14:44:00,40.9577,-73.753,B02682,
2014-04-10 17:08:00,40.7551,-73.9685,B02682,
2014-04-09 05:57:00,40.7279,-74.0042,B02598,
2014-04-25 17:27:00,40.7494,-74.0046,B02512,
2014-04-17 21:56:00,40.7204,-73.9872,B02682,
2014-04-06 11:27:00,40.7808,-73.9502,B02512,
2014-04-23 20:12:00,40.8121,-73.9479,B02682,
2014-04-29 10:32:00,40.6706,-73.9474,B02512,
2014-04-26 00:56:00,40.7337,-74.0015,B02617,
2014-04-12 19:53:00,40.7438,-73.9879,B02682,
2014-04-12 21:26:00,40.7151,-74.0102,B02617,
2014-04-22 08:31:00,40.776,-73.961,B02598,
2014-04-04 18:31:00,40.7269,-73.9837,B02598,
2014-04-30 11:01:00,40.7324,-74.0087,B02617,
2014-04-07 19:44:00,40.7517,-73.9901,B02598,
2014-04-07 18:04:00,40.7395,-73.9923,B02682,
2014-04-16 23:25:00,40.7307,-74.0006,B02682,
2014-04-28 21:24:00,40.7651,-73.9724,B02512,
2014-04-25 15:03:00,40.7582,-73.9712,B02512,
2014-04-02 17:26:00,40.7258,-73.9997,B02617,
2014-04-21 10:02:00,40.7683,-73.8622,B02598,
2014-04-17 07:25:00,40.73,-74.0037,B02682,
2014-04-10 06:00:00,40.6377,-74.035,B02617,
2014-04-11 18:55:00,40.7376,-74.0043,B02682,
2014-04-26 10:59:00,40.7796,-73.9559,B02682,
2014-04-30 20:09:00,40.7437,-73.988,B02764,
2014-04-24 21:25:00,40.7523,-73.9781,B02682,
2014-04-26 09:12:00,40.6809,-73.9711,B02598,
2014-04-05 06:08:00,40.8288,-73.9448,B02682,
2014-04-13 01:27:00,40.74,-74.0053,B02617,
2014-04-09 00:06:00,40.6432,-73.7896,B02512,
2014-04-30 22:18:00,40.75,-73.9903,B02682,
2014-04-15 13:01:00,40.7575,-73.9888,B02682,
2014-04-21 19:38:00,40.7579,-73.9874,B02598,
2014-04-09 22:05:00,40.7297,-74.0007,B02617,
2014-04-15 12:29:00,40.7566,-73.9823,B02598,
2014-04-25 12:51:00,40.7179,-73.9903,B02682,
2014-04-21 18:59:00,40.7496,-73.9914,B02598,
2014-04-01 18:55:00,40.719,-73.9831,B02598,
2014-04-15 22:12:00,40.7647,-73.9764,B02617,
2014-04-15 19:03:00,40.7391,-74.0342,B02682,
2014-04-04 22:30:00,40.7236,-74.0027,B02682,
2014-04-02 21:41:00,40.7496,-73.9469,B02617,
2014-04-15 19:37:00,40.7315,-73.9904,B02617,
2014-04-20 16:35:00,40.7577,-73.9856,B02598,
2014-04-30 10:40:00,40.7208,-73.9995,B02598,
2014-04-29 16:13:00,40.7588,-73.9895,B02598,
2014-04-13 12:28:00,40.7684,-73.8623,B02598,
2014-04-09 12:44:00,40.7684,-73.9694,B02512,
2014-04-03 14:29:00,40.7042,-73.7979,B02598,
2014-04-04 21:52:00,40.7648,-73.9663,B02682,
2014-04-30 05:00:00,40.676,-73.9727,B02598,
2014-04-16 20:27:00,40.7245,-73.9951,B02598,
2014-04-05 15:29:00,40.6789,-73.9867,B02617,
2014-04-30 20:21:00,40.7495,-73.9917,B02682,
2014-04-02 09:06:00,40.7273,-73.9921,B02682,
2014-04-18 16:42:00,40.6445,-73.7833,B02682,
2014-04-11 17:37:00,40.775,-73.988,B02682,
2014-04-05 15:25:00,40.694,-73.913,B02682,
2014-04-25 12:44:00,40.7673,-73.9683,B02598,
2014-04-16 19:56:00,40.724,-73.9961,B02617,
2014-04-30 13:36:00,40.7735,-73.9833,B02598,
2014-04-21 21:01:00,40.7568,-74.0013,B02598,
2014-04-17 04:33:00,40.78,-73.9575,B02617,
2014-04-18 16:37:00,40.7448,-73.9717,B02598,
2014-04-24 07:23:00,40.7529,-74.0041,B02598,
2014-04-22 12:00:00,40.6449,-73.7823,B02598,
2014-04-29 10:26:00,40.7908,-73.9666,B02598,
2014-04-30 15:39:00,40.7528,-73.9873,B02598,
2014-04-12 05:38:00,40.6644,-73.9332,B02682,
2014-04-30 22:09:00,40.7598,-73.9679,B02617,
2014-04-30 22:08:00,40.6855,-73.9632,B02512,
2014-04-28 15:46:00,40.7611,-73.973,B02598,
2014-04-03 08:08:00,40.7207,-73.9977,B02682,
2014-04-20 12:15:00,40.7733,-73.947,B02598,
2014-04-25 08:03:00,40.7195,-73.9996,B02598,
2014-04-17 18:44:00,40.7982,-73.9646,B02682,
2014-04-21 17:22:00,40.7468,-73.9444,B02598,
2014-04-10 07:11:00,40.7444,-73.9804,B02682,
2014-04-08 22:03:00,40.7753,-73.9626,B02617,
2014-04-27 01:03:00,40.7233,-73.9957,B02682,
2014-04-15 19:14:00,40.7528,-73.9833,B02682,
2014-04-24 20:11:00,40.7174,-74.0099,B02598,
2014-04-14 17:27:00,40.7356,-74.0075,B02682,
2014-04-18 16:49:00,40.7405,-73.9902,B02598,
2014-04-17 13:11:00,40.7543,-73.9773,B02617,
2014-04-01 10:23:00,40.7532,-73.9811,B02764,
2014-04-19 09:43:00,40.7305,-74.009,B02598,
2014-04-06 01:39:00,40.7401,-74.0059,B02598,
2014-04-05 22:04:00,40.7342,-73.9949,B02598,
2014-04-17 16:14:00,40.7548,-73.9635,B02682,
2014-04-04 13:52:00,40.7389,-73.9898,B02682,
2014-04-09 21:46:00,40.7277,-74.0003,B02682,
2014-04-23 14:44:00,40.774,-73.9596,B02598,
2014-04-26 20:24:00,40.7169,-74.0091,B02598,
2014-04-03 12:00:00,40.7464,-73.993,B02682,
2014-04-30 23:26:00,40.76,-73.9761,B02617,
2014-04-08 09:57:00,40.7897,-73.9662,B02682,
2014-04-15 19:31:00,40.718,-74.0001,B02598,
2014-04-05 17:48:00,40.7199,-73.9988,B02617,
2014-04-02 20:09:00,40.7151,-74.0095,B02682,
2014-04-08 04:47:00,40.7754,-73.9782,B02682,
2014-04-24 07:50:00,40.7803,-73.9466,B02598,
2014-04-11 16:55:00,40.7188,-74.034,B02512,
2014-04-23 04:12:00,40.7173,-74.0037,B02682,
2014-04-28 13:49:00,40.7277,-74.004,B02598,
2014-04-26 20:36:00,40.7599,-73.9701,B02512,
2014-04-08 15:29:00,40.6786,-74.0105,B02617,
2014-04-12 23:59:00,40.7726,-73.9672,B02617,
2014-04-26 21:48:00,40.7198,-73.9999,B02682,
2014-04-18 07:08:00,40.7503,-73.997,B02598,
2014-04-13 02:30:00,40.7624,-73.9788,B02617,
2014-04-01 17:39:00,40.7547,-73.9915,B02682,
2014-04-26 01:22:00,40.7145,-73.9342,B02682,
2014-04-03 13:11:00,40.7615,-73.9796,B02598,
2014-04-11 05:39:00,40.6904,-74.1778,B02598,
2014-04-19 23:33:00,40.7811,-73.9594,B02598,
2014-04-23 20:02:00,40.7599,-73.9823,B02598,
2014-04-28 15:10:00,40.7681,-73.862,B02598,
2014-04-05 00:24:00,40.7402,-74.0079,B02617,
2014-04-24 21:54:00,40.7558,-73.9886,B02598,
2014-04-15 09:51:00,40.7162,-74.0149,B02682,
2014-04-13 16:05:00,40.7338,-74.0014,B02682,
2014-04-13 00:06:00,40.7352,-74.01,B02512,
2014-04-26 14:38:00,40.7149,-73.8323,B02682,
2014-04-01 21:17:00,40.7783,-73.9528,B02617,
2014-04-22 11:39:00,40.7589,-73.9706,B02682,
2014-04-28 21:42:00,40.6646,-73.9821,B02598,
2014-04-20 16:05:00,40.7271,-73.9998,B02598,
2014-04-03 13:11:00,40.7822,-73.9817,B02512,
2014-04-18 22:06:00,40.7268,-73.986,B02682,
2014-04-23 18:36:00,40.7127,-73.9653,B02617,
2014-04-25 21:42:00,40.73,-73.9993,B02682,
2014-04-26 10:05:00,40.6907,-73.9383,B02598,
2014-04-03 16:05:00,40.7589,-73.9775,B02617,
2014-04-04 17:40:00,40.7639,-73.9712,B02682,
2014-04-12 19:27:00,40.7792,-73.9548,B02598,
2014-04-04 21:46:00,40.7314,-73.9886,B02682,
2014-04-07 06:38:00,40.7781,-73.9764,B02682,
2014-04-18 12:10:00,40.75,-73.9773,B02617,
2014-04-30 10:39:00,40.7507,-73.9788,B02512,
2014-04-28 08:31:00,40.7794,-73.9819,B02598,
2014-04-17 12:09:00,40.7343,-74.0073,B02598,
2014-04-29 12:08:00,40.7557,-73.9752,B02598,
2014-04-19 21:42:00,40.8425,-73.9355,B02598,
2014-04-11 13:30:00,40.7751,-73.9477,B02682,
2014-04-19 20:38:00,40.7631,-73.9685,B02512,
2014-04-06 02:58:00,40.7185,-73.9892,B02682,
2014-04-15 04:28:00,40.7612,-73.9693,B02617,
2014-04-30 14:14:00,40.7603,-73.9765,B02598,
2014-04-29 15:30:00,40.7507,-73.9899,B02617,
2014-04-08 19:09:00,40.7536,-73.9853,B02598,
2014-04-11 17:04:00,40.7418,-73.9895,B02598,
2014-04-14 07:07:00,40.7396,-73.9926,B02682,
2014-04-26 18:07:00,40.7395,-73.9827,B02598,
2014-04-04 06:17:00,40.6571,-73.974,B02598,
2014-04-02 19:37:00,40.7534,-73.9851,B02682,
2014-04-26 15:25:00,40.7075,-74.007,B02598,
2014-04-09 15:28:00,40.6962,-73.9968,B02598,
2014-04-15 14:35:00,40.7234,-73.9912,B02598,
2014-04-24 08:14:00,40.7744,-73.9616,B02682,
2014-04-20 00:12:00,40.6754,-73.9277,B02617,
2014-04-29 08:41:00,40.723,-73.9932,B02617,
2014-04-12 17:39:00,40.7448,-73.9988,B02682,
2014-04-08 17:37:00,40.7575,-73.969,B02682,
2014-04-26 09:08:00,40.765,-73.9953,B02682,
2014-04-30 17:59:00,40.7634,-73.9715,B02682,
2014-04-26 15:33:00,40.7639,-73.9741,B02598,
2014-04-02 18:45:00,40.7406,-73.9726,B02682,
2014-04-10 07:34:00,40.7197,-73.9873,B02682,
2014-04-04 14:16:00,40.7304,-73.9925,B02617,
2014-04-15 16:52:00,40.7161,-74.0109,B02598,
2014-04-17 19:56:00,40.7641,-73.9706,B02682,
2014-04-01 17:45:00,40.7218,-73.9494,B02598,
2014-04-09 21:16:00,40.7555,-73.9759,B02682,
2014-04-11 00:13:00,40.7638,-73.9961,B02682,
2014-04-27 17:39:00,40.7301,-74.0033,B02682,
2014-04-30 15:05:00,40.8002,-73.9374,B02682,
2014-04-17 17:17:00,40.7198,-73.9949,B02682,
2014-04-04 20:20:00,40.7179,-73.9577,B02682,
2014-04-10 05:37:00,40.7184,-74.0027,B02598,
2014-04-21 11:02:00,40.7672,-73.9535,B02682,
2014-04-19 23:01:00,40.7272,-73.9901,B02682,
2014-04-04 11:56:00,40.7464,-73.9722,B02598,
2014-04-19 15:18:00,40.7417,-73.9957,B02682,
2014-04-25 20:46:00,40.7094,-73.8298,B02617,
2014-04-12 20:14:00,40.7058,-74.0089,B02617,
2014-04-29 08:35:00,40.6738,-73.9825,B02598,
2014-04-09 17:30:00,40.745,-73.995,B02682,
2014-04-23 10:46:00,40.727,-73.984,B02598,
2014-04-08 16:04:00,40.7505,-73.9874,B02682,
2014-04-02 17:01:00,40.7419,-73.9935,B02682,
2014-04-30 13:07:00,40.7549,-73.9725,B02598,
2014-04-05 21:38:00,40.7353,-74.0099,B02682,
2014-04-30 08:30:00,40.7832,-73.9551,B02598,
2014-04-04 09:00:00,40.7399,-74.0006,B02598,
2014-04-25 05:26:00,40.7151,-74.0159,B02682,
2014-04-13 10:28:00,40.6935,-73.9893,B02617,
2014-04-30 20:06:00,40.7496,-74.0065,B02598,
2014-04-27 15:07:00,40.7269,-74.0034,B02617,
2014-04-18 11:05:00,40.722,-73.9833,B02682,
2014-04-10 16:40:00,40.7308,-73.9875,B02598,
2014-04-26 02:34:00,40.7409,-74.005,B02598,
2014-04-14 11:33:00,40.769,-73.9812,B02598,
2014-04-04 13:17:00,40.7385,-73.9875,B02617,
2014-04-16 11:54:00,40.7199,-74.0003,B02682,
2014-04-29 20:34:00,40.7362,-73.9921,B02598,
2014-04-17 17:17:00,40.756,-73.9747,B02682,
2014-04-16 18:28:00,40.7484,-73.9868,B02617,
2014-04-04 11:56:00,40.7472,-73.9855,B02512,
2014-04-25 17:29:00,40.6927,-73.9921,B02598,
2014-04-04 14:27:00,40.7236,-73.9823,B02682,
2014-04-29 16:34:00,40.7758,-73.9584,B02512,
2014-04-26 22:09:00,40.7394,-74.0065,B02682,
2014-04-08 21:08:00,40.7138,-74.0114,B02617,
2014-04-12 10:13:00,40.7644,-73.9798,B02617,
2014-04-09 17:30:00,40.7247,-73.9957,B02617,
2014-04-18 11:51:00,40.7564,-73.9643,B02682,
2014-04-08 10:33:00,40.737,-73.9891,B02598,
2014-04-03 17:57:00,40.7248,-74.0099,B02617,
2014-04-06 12:56:00,40.7591,-73.965,B02682,
2014-04-11 17:15:00,40.7551,-73.9926,B02682,
2014-04-26 18:49:00,40.6859,-73.9565,B02617,
2014-04-05 01:33:00,40.7418,-74.0052,B02682,
2014-04-02 07:50:00,40.7685,-73.9576,B02617,
2014-04-10 16:56:00,40.7551,-73.9802,B02682,
2014-04-09 08:39:00,40.7496,-74.0048,B02682,
2014-04-01 18:36:00,40.6449,-73.7822,B02617,
2014-04-05 10:28:00,40.6905,-73.8318,B02598,
2014-04-17 18:33:00,40.7195,-73.9988,B02617,
2014-04-02 10:04:00,40.7622,-73.9794,B02682,
2014-04-24 16:23:00,40.7556,-73.973,B02598,
2014-04-13 12:32:00,40.6925,-73.9483,B02682,
2014-04-30 06:26:00,40.7323,-74.0017,B02682,
2014-04-05 22:59:00,40.6835,-73.9926,B02598,
2014-04-11 22:24:00,40.7292,-73.999,B02682,
2014-04-16 18:16:00,40.7224,-73.9862,B02764,
2014-04-22 17:36:00,40.7591,-73.9714,B02617,
2014-04-15 10:16:00,40.7318,-74.0085,B02682,
2014-04-23 08:49:00,40.7559,-73.9833,B02512,
2014-04-13 22:23:00,40.6952,-73.9434,B02682,
2014-04-20 05:52:00,40.7245,-73.9513,B02617,
2014-04-05 15:56:00,40.759,-73.9937,B02682,
2014-04-08 16:22:00,40.7757,-73.9628,B02682,
2014-04-08 16:51:00,40.7074,-74.0092,B02598,
2014-04-04 23:09:00,40.7383,-74.0039,B02617,
2014-04-09 13:51:00,40.7488,-73.9713,B02682,
2014-04-23 08:07:00,40.8179,-73.9379,B02682,
2014-04-22 04:16:00,40.7247,-73.9919,B02682,
2014-04-18 22:07:00,40.7293,-73.9916,B02598,
2014-04-16 19:58:00,40.7645,-73.9808,B02598,
2014-04-27 00:36:00,40.7399,-74.0024,B02617,
2014-04-06 08:43:00,40.7535,-73.9776,B02598,
2014-04-25 21:46:00,40.7381,-74.0056,B02617,
2014-04-29 06:43:00,40.7568,-73.9613,B02682,
2014-04-23 20:34:00,40.7197,-74.0461,B02598,
2014-04-30 14:57:00,40.7625,-73.9743,B02682,
2014-04-26 20:44:00,40.7919,-73.9772,B02682,
2014-04-17 11:41:00,40.7736,-73.9779,B02682,
2014-04-09 01:42:00,40.6896,-73.9694,B02617,
2014-04-11 13:52:00,40.7096,-74.0166,B02682,
2014-04-18 20:03:00,40.7433,-74.0085,B02598,
2014-04-27 18:53:00,40.7082,-73.9496,B02598,
2014-04-30 09:05:00,40.7151,-74.0161,B02617,
2014-04-29 21:16:00,40.7304,-74.0047,B02682,
2014-04-27 00:48:00,40.7188,-73.9872,B02682,
2014-04-16 07:41:00,40.7058,-74.0084,B02682,
2014-04-18 14:35:00,40.7533,-73.9872,B02617,
2014-04-04 23:19:00,40.7521,-74.0049,B02682,
2014-04-28 22:06:00,40.7609,-73.9905,B02598,
2014-04-17 07:44:00,40.7346,-74.0009,B02682,
2014-04-27 21:18:00,40.7601,-73.9877,B02598,
2014-04-25 08:51:00,40.7169,-73.9648,B02598,
2014-04-24 13:32:00,40.703,-73.9172,B02598,
2014-04-11 09:04:00,40.7161,-74.015,B02682,
2014-04-12 15:03:00,40.6443,-73.782,B02598,
2014-04-16 13:01:00,40.7436,-73.985,B02682,
2014-04-06 10:40:00,40.7611,-73.999,B02682,
2014-04-12 18:50:00,40.6485,-73.7828,B02598,
2014-04-28 12:42:00,40.7465,-73.9831,B02617,
2014-04-24 15:47:00,40.708,-74.0,B02512,
2014-04-25 08:12:00,40.6875,-73.984,B02617,
2014-04-11 07:19:00,40.7375,-74.0073,B02598,
2014-04-29 05:45:00,40.7201,-73.9628,B02682,
2014-04-11 10:49:00,40.7393,-73.9827,B02617,
2014-04-23 04:43:00,40.8916,-74.1236,B02682,
2014-04-30 08:49:00,40.7621,-73.9581,B02598,
2014-04-29 17:39:00,40.7402,-73.995,B02617,
2014-04-04 17:11:00,40.7561,-73.9851,B02598,
2014-04-13 00:31:00,40.7403,-74.0058,B02682,
2014-04-26 21:39:00,40.6873,-73.9901,B02617,
2014-04-28 19:30:00,40.7728,-73.9656,B02617,
2014-04-30 18:19:00,40.7751,-73.9595,B02598,
2014-04-30 22:11:00,40.7033,-74.0122,B02598,
2014-04-20 19:44:00,40.7142,-73.9481,B02617,
2014-04-29 20:57:00,40.7563,-73.983,B02682,
2014-04-27 18:11:00,40.6942,-73.9395,B02682,
2014-04-01 14:39:00,40.7466,-74.0074,B02617,
2014-04-03 15:38:00,40.7456,-73.9909,B02617,
2014-04-29 18:29:00,40.6646,-73.9573,B02682,
2014-04-01 14:28:00,40.7239,-73.986,B02682,
2014-04-18 05:15:00,40.743,-73.9813,B02682,
2014-04-19 22:40:00,40.7417,-74.0069,B02512,
2014-04-13 21:12:00,40.9409,-73.7517,B02682,
2014-04-14 17:09:00,40.7549,-73.9999,B02598,
2014-04-09 09:32:00,40.7401,-73.9905,B02682,
2014-04-01 16:00:00,40.7237,-73.9965,B02598,
2014-04-18 10:39:00,40.7665,-73.9781,B02598,
2014-04-16 17:01:00,40.7157,-74.0112,B02617,
2014-04-05 10:05:00,40.7416,-74.0031,B02598,
2014-04-30 16:45:00,40.764,-73.9732,B02617,
2014-04-08 19:10:00,40.7626,-73.9721,B02617,
2014-04-11 12:30:00,40.7692,-73.9881,B02598,
2014-04-14 10:27:00,40.7672,-73.9644,B02598,
2014-04-05 15:39:00,40.7651,-73.985,B02764,
2014-04-23 07:22:00,40.7783,-73.9565,B02598,
2014-04-11 09:51:00,40.7477,-73.9838,B02617,
2014-04-19 17:20:00,40.7224,-73.9995,B02617,
2014-04-29 00:38:00,40.7398,-73.9932,B02598,
2014-04-08 13:26:00,40.7852,-73.9814,B02598,
2014-04-16 13:50:00,40.7483,-74.0053,B02617,
2014-04-29 15:16:00,40.7192,-74.005,B02617,
2014-04-18 17:29:00,40.6422,-73.7882,B02617,
2014-04-02 15:53:00,40.7273,-73.9978,B02598,
2014-04-22 17:50:00,40.7633,-73.9812,B02682,
2014-04-04 18:34:00,40.7639,-73.9709,B02617,
2014-04-23 19:48:00,40.714,-74.0143,B02598,
2014-04-21 13:24:00,40.7403,-73.9947,B02682,
2014-04-03 10:32:00,40.7142,-74.0097,B02617,
2014-04-03 19:44:00,40.7394,-74.002,B02512,
2014-04-08 13:25:00,40.7646,-73.9815,B02682,
2014-04-08 20:13:00,40.7225,-73.9864,B02682,
2014-04-07 11:59:00,40.7609,-73.9986,B02617,
2014-04-17 14:21:00,40.8085,-73.9663,B02598,
2014-04-16 17:55:00,40.7883,-73.9545,B02598,
2014-04-05 22:02:00,40.6901,-73.9237,B02682,
2014-04-26 09:05:00,40.7633,-73.9809,B02682,
2014-04-08 12:26:00,40.7158,-74.0115,B02682,
2014-04-13 22:30:00,40.7358,-74.006,B02682,
2014-04-03 22:56:00,40.74,-73.9908,B02682,
2014-04-27 14:24:00,40.6173,-74.0205,B02598,
2014-04-27 00:51:00,40.7298,-74.0102,B02682,
2014-04-29 20:40:00,40.731,-73.9922,B02598,
2014-04-03 08:06:00,40.7295,-73.9983,B02617,
2014-04-03 18:59:00,40.7585,-73.9889,B02682,
2014-04-29 16:28:00,40.7611,-73.9726,B02617,
2014-04-13 12:41:00,40.7883,-73.9743,B02682,
2014-04-11 14:50:00,40.7559,-73.9669,B02617,
2014-04-06 02:08:00,40.7375,-73.9911,B02617,
2014-04-17 20:05:00,40.6354,-73.9912,B02598,
2014-04-18 10:15:00,40.7095,-74.0151,B02617,
2014-04-21 07:00:00,40.737,-73.9735,B02598,
2014-04-04 18:02:00,40.7059,-74.0162,B02512,
2014-04-09 19:10:00,40.7202,-74.0101,B02598,
2014-04-30 07:59:00,40.6779,-73.9794,B02598,
2014-04-18 03:44:00,40.7769,-73.8467,B02682,
2014-04-09 19:54:00,40.7738,-73.8739,B02598,
2014-04-15 10:24:00,40.6653,-73.9829,B02682,
2014-04-08 19:48:00,40.7596,-73.8326,B02682,
2014-04-26 04:19:00,40.7875,-73.9763,B02598,
2014-04-15 21:47:00,40.7483,-73.9926,B02682,
2014-04-17 12:42:00,40.7654,-73.9801,B02682,
2014-04-02 20:39:00,40.7523,-73.9932,B02617,
2014-04-30 12:10:00,40.6863,-73.9745,B02598,
2014-04-09 06:27:00,40.7886,-73.9781,B02682,
2014-04-27 20:49:00,40.7514,-73.9938,B02617,
2014-04-05 10:04:00,40.7318,-73.9988,B02617,
2014-04-07 17:42:00,40.7556,-73.9872,B02682,
2014-04-12 12:46:00,40.7231,-73.9949,B02682,
2014-04-22 20:46:00,40.7663,-73.9916,B02598,
2014-04-18 20:12:00,40.7333,-73.997,B02617,
2014-04-22 19:26:00,40.7541,-73.998,B02682,
2014-04-04 18:45:00,40.7171,-73.9564,B02617,
2014-04-05 14:17:00,40.7663,-73.9682,B02598,
2014-04-24 16:44:00,40.7544,-73.9718,B02598,
2014-04-17 20:35:00,40.6485,-73.7837,B02682,
2014-04-15 18:35:00,40.7355,-73.9915,B02682,
2014-04-12 16:40:00,40.7245,-73.9532,B02682,
2014-04-09 16:07:00,40.7316,-73.9973,B02598,
2014-04-30 08:06:00,40.7075,-73.9317,B02682,
2014-04-13 14:20:00,40.7199,-73.9873,B02617,
2014-04-23 06:52:00,40.7884,-73.9811,B02598,
2014-04-06 20:22:00,40.7284,-74.0385,B02512,
2014-04-17 07:47:00,40.8078,-73.9219,B02682,
2014-04-12 15:35:00,40.7577,-73.9665,B02598,
2014-04-14 09:11:00,40.7328,-73.9882,B02598,
2014-04-03 17:11:00,40.7034,-73.9886,B02598,
2014-04-11 15:47:00,40.7435,-73.9891,B02682,
2014-04-03 10:49:00,40.7841,-73.9815,B02682,
2014-04-23 08:39:00,40.7291,-74.0448,B02598,
2014-04-05 19:05:00,40.7677,-73.9599,B02682,
2014-04-13 01:40:00,40.7398,-74.0067,B02512,
2014-04-04 17:44:00,40.7403,-73.9887,B02598,
2014-04-23 15:04:00,40.6448,-73.7825,B02617,
2014-04-18 19:55:00,40.7671,-73.9797,B02598,
2014-04-30 18:36:00,40.6449,-73.7823,B02598,
2014-04-07 21:41:00,40.7194,-74.0089,B02682,
2014-04-04 18:44:00,40.7442,-73.9919,B02598,
2014-04-07 19:39:00,40.7339,-73.9995,B02617,
2014-04-19 21:28:00,40.7643,-73.987,B02598,
2014-04-17 20:09:00,40.7216,-74.0001,B02682,
2014-04-17 16:33:00,40.7687,-73.9524,B02682,
2014-04-12 15:28:00,40.7691,-73.9953,B02598,
2014-04-20 15:52:00,40.7342,-74.0101,B02764,
2014-04-17 09:02:00,40.7618,-73.9831,B02598,
2014-04-25 22:14:00,40.7371,-74.0038,B02617,
2014-04-23 20:15:00,40.7577,-73.9732,B02682,
2014-04-12 16:03:00,40.7244,-73.9817,B02598,
2014-04-29 15:18:00,40.7801,-73.9805,B02682,
2014-04-17 18:48:00,40.7248,-73.9955,B02598,
2014-04-15 20:34:00,40.7785,-73.951,B02598,
2014-04-03 21:32:00,40.7244,-73.9924,B02682,
2014-04-21 07:00:00,40.7871,-73.9697,B02512,
2014-04-10 18:29:00,40.7732,-73.8856,B02682,
2014-04-03 23:09:00,40.7184,-73.9945,B02682,
2014-04-25 22:06:00,40.7388,-74.0031,B02682,
2014-04-06 11:27:00,40.7164,-73.9614,B02598,
2014-04-21 07:11:00,40.7799,-73.9486,B02682,
2014-04-05 23:04:00,40.7042,-74.0091,B02682,
2014-04-19 02:12:00,40.7405,-74.0064,B02598,
2014-04-14 22:45:00,40.7595,-73.9832,B02598,
2014-04-30 19:35:00,40.7414,-73.9854,B02617,
2014-04-21 06:45:00,40.7228,-74.0001,B02682,
2014-04-30 15:59:00,40.7202,-73.9994,B02598,
2014-04-15 18:42:00,40.8676,-73.8533,B02682,
2014-04-21 06:58:00,40.7348,-74.0084,B02598,
2014-04-01 17:50:00,40.7752,-73.9592,B02764,
2014-04-28 17:56:00,40.735,-74.0024,B02682,
2014-04-24 08:07:00,40.7457,-73.9782,B02682,
2014-04-05 20:49:00,40.7886,-73.9792,B02617,
2014-04-28 06:21:00,40.7322,-73.9801,B02764,
2014-04-19 18:40:00,40.7708,-73.9609,B02682,
2014-04-25 22:10:00,40.7558,-73.9739,B02598,
2014-04-11 20:03:00,40.7292,-73.9919,B02682,
2014-04-18 20:20:00,40.7451,-73.9822,B02617,
2014-04-08 17:38:00,40.675,-73.9994,B02682,
2014-04-13 14:39:00,40.6416,-73.7878,B02682,
2014-04-06 07:09:00,40.6257,-73.9198,B02617,
2014-04-30 18:07:00,40.6896,-73.9916,B02617,
2014-04-04 06:22:00,40.7309,-74.0052,B02598,
2014-04-28 21:54:00,40.7522,-73.9933,B02617,
2014-04-08 09:15:00,40.7246,-73.9984,B02617,
2014-04-10 18:34:00,40.7706,-73.9919,B02764,
2014-04-30 13:30:00,40.7216,-73.9975,B02682,
2014-04-30 17:53:00,40.7343,-73.9938,B02598,
2014-04-05 08:31:00,40.6507,-73.9428,B02598,
2014-04-24 18:05:00,40.7572,-73.9608,B02682,
2014-04-05 16:48:00,40.7637,-73.9714,B02598,
2014-04-05 17:18:00,40.8003,-73.9679,B02598,
2014-04-09 17:06:00,40.7555,-73.9816,B02682,
2014-04-17 21:11:00,40.7421,-73.9947,B02617,
2014-04-10 17:49:00,40.7476,-73.9932,B02682,
2014-04-10 15:31:00,40.7216,-73.9954,B02598,
2014-04-01 14:53:00,40.7336,-73.9895,B02682,
2014-04-26 03:18:00,40.7217,-73.9922,B02682,
2014-04-26 18:04:00,40.7577,-73.9595,B02682,
2014-04-10 18:43:00,40.7564,-73.978,B02598,
2014-04-15 22:44:00,40.7377,-74.002,B02512,
2014-04-15 14:14:00,40.7563,-73.9937,B02682,
2014-04-28 20:59:00,40.825,-73.9416,B02598,
2014-04-12 19:58:00,40.7564,-73.9937,B02682,
2014-04-05 22:59:00,40.745,-73.9838,B02764,
2014-04-22 17:23:00,40.7459,-73.9824,B02598,
2014-04-02 17:15:00,40.7523,-73.9675,B02682,
2014-04-18 02:12:00,40.7124,-74.009,B02682,
2014-04-11 21:33:00,40.77,-73.8644,B02598,
2014-04-22 15:25:00,40.7725,-73.9496,B02598,
2014-04-07 11:56:00,40.7591,-73.9649,B02598,
2014-04-09 14:35:00,40.7162,-74.0122,B02682,
2014-04-14 07:44:00,40.7278,-73.9876,B02617,
2014-04-15 10:15:00,40.7203,-74.0023,B02682,
2014-04-01 19:31:00,40.7495,-73.9764,B02682,
2014-04-09 17:46:00,40.7468,-73.9847,B02682,
2014-04-26 19:19:00,40.7073,-74.0071,B02617,
2014-04-18 08:11:00,40.7323,-74.0077,B02682,
2014-04-26 17:03:00,40.775,-73.955,B02682,
2014-04-10 06:17:00,40.7729,-73.9625,B02617,
2014-04-30 05:42:00,40.7507,-74.0034,B02512,
2014-04-25 21:57:00,40.7542,-74.025,B02512,
2014-04-17 23:53:00,40.8487,-73.9391,B02598,
2014-04-12 17:10:00,40.7568,-73.9927,B02598,
2014-04-25 10:39:00,40.7063,-74.0168,B02598,
2014-04-14 06:37:00,40.7633,-73.9713,B02682,
2014-04-04 13:00:00,40.7178,-73.9577,B02598,
2014-04-05 19:26:00,40.7748,-73.9465,B02682,
2014-04-11 14:53:00,40.7554,-73.9814,B02598,
2014-04-30 16:44:00,40.7477,-73.988,B02617,
2014-04-06 10:51:00,40.7212,-73.9557,B02682,
2014-04-15 08:43:00,40.7871,-73.9682,B02617,
2014-04-30 17:58:00,40.7318,-74.0052,B02682,
2014-04-29 09:51:00,40.7246,-73.9848,B02682,
2014-04-15 05:48:00,40.7606,-73.9604,B02682,
2014-04-29 19:15:00,40.7521,-73.9855,B02682,
2014-04-25 11:34:00,40.7449,-74.007,B02682,
2014-04-04 07:42:00,40.6804,-73.981,B02598,
2014-04-05 18:45:00,40.7649,-73.9768,B02598,
2014-04-13 01:42:00,40.7249,-73.9949,B02682,
2014-04-29 09:10:00,40.7591,-73.9883,B02617,
2014-04-30 22:54:00,40.7256,-74.002,B02682,
2014-04-17 22:08:00,40.7084,-74.0112,B02682,
2014-04-29 16:07:00,40.7786,-73.9583,B02682,
2014-04-24 17:21:00,40.7811,-73.9811,B02682,
2014-04-09 21:44:00,40.6949,-74.1779,B02764,
2014-04-17 20:33:00,40.7634,-73.9778,B02598,
2014-04-08 05:51:00,40.8168,-73.8861,B02598,
2014-04-06 03:41:00,40.7631,-73.9879,B02682,
2014-04-16 17:25:00,40.7513,-73.9804,B02682,
2014-04-07 19:00:00,40.7525,-73.9783,B02682,
2014-04-28 08:45:00,40.7797,-73.954,B02682,
2014-04-14 15:35:00,40.7726,-73.9611,B02617,
2014-04-01 16:30:00,40.7632,-73.983,B02512,
2014-04-04 19:43:00,40.7256,-73.9949,B02617,
2014-04-23 19:32:00,40.7621,-73.9863,B02598,
2014-04-19 13:58:00,40.7481,-73.9888,B02512,
2014-04-10 14:40:00,40.7075,-74.0126,B02617,
2014-04-07 20:44:00,40.757,-73.9736,B02682,
2014-04-25 12:51:00,40.7388,-74.0073,B02598,
2014-04-03 14:46:00,40.7335,-73.9749,B02682,
2014-04-10 22:36:00,40.7226,-73.9992,B02617,
2014-04-14 12:19:00,40.7624,-73.9823,B02682,
2014-04-10 21:42:00,40.7329,-73.9776,B02682,
2014-04-30 16:01:00,40.7611,-73.9907,B02598,
2014-04-26 14:53:00,40.7861,-73.9799,B02512,
2014-04-05 16:29:00,40.6934,-73.9906,B02682,
2014-04-24 06:29:00,40.7728,-73.9518,B02598,
2014-04-06 02:03:00,40.7187,-73.9889,B02598,
2014-04-21 17:16:00,40.7505,-73.9741,B02598,
2014-04-15 22:35:00,40.7189,-73.9587,B02682,
2014-04-26 00:56:00,40.7011,-73.9139,B02682,
2014-04-16 17:28:00,40.7485,-73.9734,B02617,
2014-04-04 15:48:00,40.6874,-73.99,B02682,
2014-04-05 07:00:00,40.7542,-73.9262,B02682,
2014-04-11 06:23:00,40.7513,-73.9851,B02764,
2014-04-19 22:24:00,40.6706,-73.9572,B02682,
2014-04-10 06:23:00,40.7231,-73.999,B02682,
2014-04-30 15:21:00,40.742,-74.0046,B02682,
2014-04-26 13:47:00,40.7892,-73.9484,B02682,
2014-04-17 07:02:00,40.7759,-73.9764,B02682,
2014-04-30 17:26:00,40.6419,-73.7884,B02598,
2014-04-30 17:28:00,40.7457,-74.007,B02598,
2014-04-22 08:31:00,40.7369,-73.9845,B02682,
2014-04-15 20:48:00,40.7168,-74.0059,B02617,
2014-04-18 07:10:00,40.7644,-73.9852,B02682,
2014-04-10 14:46:00,40.734,-73.9839,B02617,
2014-04-22 05:35:00,40.7552,-73.9634,B02682,
2014-04-20 19:41:00,40.7498,-73.945,B02598,
2014-04-07 19:18:00,40.6954,-74.1779,B02617,
2014-04-17 14:50:00,40.7588,-73.974,B02682,
2014-04-09 23:50:00,40.7343,-73.9803,B02598,
2014-04-01 12:21:00,40.7446,-73.9876,B02598,
2014-04-19 17:59:00,40.762,-73.9753,B02598,
2014-04-12 20:10:00,40.77,-73.8899,B02682,
2014-04-02 06:49:00,40.7575,-73.967,B02682,
2014-04-28 13:05:00,40.7613,-73.968,B02512,
2014-04-06 19:18:00,40.7745,-73.9538,B02682,
2014-04-12 09:07:00,40.6675,-73.9914,B02598,
2014-04-10 17:20:00,40.7655,-73.9718,B02598,
2014-04-11 06:32:00,40.6105,-73.957,B02598,
2014-04-12 21:05:00,40.7676,-73.981,B02682,
2014-04-30 15:11:00,40.7346,-74.0003,B02682,
2014-04-04 15:35:00,40.7405,-73.9896,B02512,
2014-04-01 21:03:00,40.7306,-74.0068,B02598,
2014-04-21 15:40:00,40.7616,-73.9749,B02598,
2014-04-01 06:35:00,40.7808,-73.9588,B02682,
2014-04-22 07:47:00,40.7213,-73.9875,B02617,
2014-04-10 09:33:00,40.7369,-73.9961,B02598,
2014-04-24 13:35:00,40.7397,-73.9863,B02598,
2014-04-16 19:57:00,40.7637,-73.9818,B02682,
2014-04-18 16:10:00,40.7501,-73.9917,B02682,
2014-04-05 17:10:00,40.7478,-73.985,B02682,
2014-04-06 18:19:00,40.7754,-73.9142,B02617,
2014-04-21 10:25:00,40.7667,-73.9821,B02598,
2014-04-23 21:59:00,40.7223,-73.9881,B02598,
2014-04-27 13:49:00,40.7509,-73.9806,B02598,
2014-04-08 06:27:00,40.773,-73.9481,B02682,
2014-04-07 16:31:00,40.7627,-73.9742,B02598,
2014-04-02 09:44:00,40.6763,-73.9714,B02682,
2014-04-16 15:11:00,40.7431,-73.9843,B02682,
2014-04-06 00:07:00,40.7214,-73.9883,B02598,
2014-04-25 15:24:00,40.795,-73.966,B02598,
2014-04-06 15:20:00,40.7719,-73.9558,B02598,
2014-04-05 19:02:00,40.6915,-73.9908,B02617,
2014-04-09 19:21:00,40.7356,-74.0068,B02617,
2014-04-02 05:54:00,40.7647,-73.9661,B02617,
2014-04-05 16:45:00,40.7184,-73.9945,B02682,
2014-04-03 22:51:00,40.7218,-74.0053,B02682,
2014-04-08 14:14:00,40.7499,-73.9831,B02682,
2014-04-02 18:29:00,40.7529,-73.9835,B02682,
2014-04-15 06:28:00,40.7866,-73.9765,B02682,
2014-04-11 19:30:00,40.7103,-74.0177,B02598,
2014-04-05 17:37:00,40.7071,-73.9124,B02617,
2014-04-29 13:18:00,40.7667,-73.9539,B02598,
2014-04-09 07:28:00,40.7296,-73.9916,B02682,
2014-04-18 06:05:00,40.7079,-74.01,B02682,
2014-04-17 14:55:00,40.6386,-73.9746,B02617,
2014-04-05 12:15:00,40.711,-74.0114,B02598,
2014-04-09 05:58:00,40.726,-73.9922,B02598,
2014-04-02 14:12:00,40.7675,-73.9613,B02598,
2014-04-19 21:42:00,40.724,-73.9502,B02617,
2014-04-03 11:00:00,40.7586,-73.9891,B02682,
2014-04-01 17:10:00,40.7905,-73.9539,B02617,
2014-04-19 19:01:00,40.7371,-73.9984,B02682,
2014-04-30 15:50:00,40.739,-74.0293,B02617,
2014-04-03 14:15:00,40.7841,-73.9585,B02598,
2014-04-15 20:23:00,40.802,-73.9673,B02682,
2014-04-29 18:42:00,40.7426,-74.0072,B02682,
2014-04-02 18:45:00,40.7514,-74.0033,B02682,
2014-04-28 15:55:00,40.7229,-73.9946,B02682,
2014-04-11 15:01:00,40.6451,-73.7813,B02598,
2014-04-13 02:24:00,40.717,-73.9586,B02682,
2014-04-10 12:30:00,40.7545,-73.9883,B02682,
2014-04-11 16:21:00,40.7371,-73.9865,B02598,
2014-04-07 21:26:00,40.6725,-73.9578,B02682,
2014-04-15 11:57:00,40.7114,-74.0056,B02598,
2014-04-11 14:15:00,40.746,-73.9787,B02764,
2014-04-23 20:31:00,40.7514,-74.0052,B02682,
2014-04-07 05:01:00,40.734,-74.0003,B02598,
2014-04-29 16:50:00,40.7376,-74.0024,B02512,
2014-04-23 10:46:00,40.7249,-73.9992,B02682,
2014-04-01 16:46:00,40.743,-74.0025,B02682,
2014-04-01 08:08:00,40.6869,-73.9638,B02682,
2014-04-09 12:52:00,40.7352,-73.9803,B02617,
2014-04-24 17:07:00,40.753,-73.9813,B02682,
2014-04-26 23:09:00,40.7292,-73.9934,B02598,
2014-04-14 06:19:00,40.737,-73.9847,B02617,
2014-04-17 17:58:00,40.7526,-73.9968,B02598,
2014-04-20 20:58:00,40.7219,-73.9962,B02617,
2014-04-02 11:05:00,40.759,-73.9943,B02512,
2014-04-30 16:18:00,40.7512,-73.9754,B02598,
2014-04-10 17:04:00,40.6829,-73.9402,B02598,
2014-04-22 17:52:00,40.7519,-73.982,B02682,
2014-04-12 16:43:00,40.7617,-73.9978,B02598,
2014-04-02 19:20:00,40.7415,-74.0044,B02682,
2014-04-30 18:09:00,40.7977,-73.969,B02617,
2014-04-24 07:19:00,40.7783,-73.949,B02617,
2014-04-28 07:42:00,40.7648,-73.9806,B02512,
2014-04-15 19:30:00,40.7548,-73.9999,B02682,
2014-04-10 14:32:00,40.7417,-73.9917,B02682,
2014-04-11 19:30:00,40.7442,-73.9804,B02512,
2014-04-09 18:29:00,40.7559,-73.9769,B02617,
2014-04-28 05:52:00,40.7733,-73.9665,B02512,
2014-04-13 14:31:00,40.7196,-74.0086,B02598,
2014-04-11 17:55:00,40.679,-73.9641,B02682,
2014-04-15 20:07:00,40.7309,-73.9894,B02682,
2014-04-03 08:08:00,40.7089,-74.0084,B02598,
2014-04-07 04:48:00,40.7843,-73.9543,B02682,
2014-04-15 19:35:00,40.6901,-73.9497,B02682,
2014-04-19 11:22:00,40.602,-74.0064,B02598,
2014-04-14 17:21:00,40.7193,-73.9642,B02617,
2014-04-14 04:43:00,40.7326,-74.0088,B02682,
2014-04-25 23:16:00,40.7143,-73.9337,B02682,
2014-04-25 15:18:00,40.7559,-73.976,B02617,
2014-04-03 23:24:00,40.7277,-74.0003,B02617,
2014-04-24 06:46:00,40.7995,-73.9555,B02598,
2014-04-21 14:47:00,40.6466,-73.7897,B02682,
2014-04-30 10:59:00,40.7557,-73.9822,B02512,
2014-04-07 06:00:00,40.7483,-73.7587,B02682,
2014-04-10 06:46:00,40.7204,-74.0075,B02598,
2014-04-24 15:58:00,40.7381,-73.9923,B02617,
2014-04-19 14:30:00,40.7608,-74.0004,B02682,
2014-04-12 08:37:00,40.7597,-73.9901,B02617,
2014-04-23 23:03:00,40.7075,-74.0122,B02598,
2014-04-19 21:50:00,40.7588,-73.9886,B02617,
2014-04-05 21:34:00,40.7373,-74.0006,B02598,
2014-04-11 20:42:00,40.7288,-74.0004,B02512,
2014-04-10 18:36:00,40.7566,-73.9879,B02598,
2014-04-29 17:44:00,40.755,-73.9758,B02598,
2014-04-05 08:40:00,40.7639,-73.9789,B02682,
2014-04-30 23:23:00,40.7647,-73.9798,B02598,
2014-04-28 00:02:00,40.7548,-73.9823,B02598,
2014-04-14 16:20:00,40.7193,-73.964,B02598,
2014-04-27 13:11:00,40.7489,-73.9905,B02598,
2014-04-19 15:52:00,40.7322,-74.0087,B02598,
2014-04-01 07:40:00,40.7629,-73.9857,B02617,
2014-04-13 16:21:00,40.7218,-73.9752,B02617,
2014-04-26 17:50:00,40.7357,-73.9981,B02682,
2014-04-04 15:44:00,40.7403,-73.9977,B02682,
2014-04-18 22:29:00,40.6851,-73.9843,B02598,
2014-04-17 19:01:00,40.7929,-73.9709,B02512,
2014-04-18 15:07:00,40.7219,-73.9851,B02682,
2014-04-13 10:27:00,40.7576,-73.971,B02682,
2014-04-08 14:22:00,40.7572,-73.968,B02617,
2014-04-17 19:29:00,40.7556,-73.9753,B02512,
2014-04-01 18:59:00,40.7809,-73.9727,B02598,
2014-04-04 15:30:00,40.7563,-73.968,B02682,
2014-04-25 15:17:00,40.7286,-73.9961,B02598,
2014-04-24 13:08:00,40.7622,-73.972,B02682,
2014-04-19 09:49:00,40.7385,-73.9807,B02598,
2014-04-08 16:58:00,40.7398,-73.9932,B02598,
2014-04-20 00:48:00,40.7151,-74.0101,B02617,
2014-04-29 21:58:00,40.7236,-73.9988,B02598,
2014-04-14 21:09:00,40.7317,-74.0039,B02682,
2014-04-08 13:48:00,40.7256,-74.003,B02682,
2014-04-10 20:57:00,40.7322,-74.0021,B02682,
2014-04-24 15:39:00,40.7709,-73.9674,B02682,
2014-04-17 20:05:00,40.7201,-74.0085,B02617,
2014-04-07 18:48:00,40.7472,-73.9771,B02512,
2014-04-08 22:29:00,40.7526,-73.9787,B02598,
2014-04-04 21:09:00,40.755,-73.8443,B02682,
2014-04-17 16:41:00,40.6719,-74.0035,B02598,
2014-04-14 13:44:00,40.7501,-74.006,B02682,
2014-04-05 16:23:00,40.769,-73.9812,B02617,
2014-04-17 18:06:00,40.7682,-73.9688,B02598,
2014-04-04 06:01:00,40.7343,-73.9803,B02598,
2014-04-23 15:58:00,40.7388,-73.9875,B02682,
2014-04-14 16:34:00,40.645,-73.7819,B02682,
2014-04-09 18:16:00,40.7025,-73.9876,B02682,
2014-04-30 22:24:00,40.7583,-73.9901,B02764,
2014-04-09 17:28:00,40.7381,-73.9946,B02682,
2014-04-24 14:52:00,40.7312,-73.9914,B02682,
2014-04-07 19:54:00,40.7535,-73.981,B02617,
2014-04-28 01:43:00,40.8385,-73.942,B02682,
2014-04-15 08:31:00,40.7141,-73.9623,B02682,
2014-04-13 17:45:00,40.7275,-73.8641,B02598,
2014-04-03 17:49:00,40.7557,-73.9701,B02682,
2014-04-21 03:33:00,40.7138,-73.9791,B02598,
2014-04-30 18:19:00,40.6975,-73.9586,B02598,
2014-04-01 21:09:00,40.755,-73.9842,B02764,
2014-04-04 06:13:00,40.6842,-73.9723,B02682,
2014-04-29 20:26:00,40.7643,-73.9772,B02598,
2014-04-26 14:06:00,40.7378,-74.0057,B02682,
2014-04-12 18:20:00,40.7337,-73.9953,B02617,
2014-04-29 09:40:00,40.7332,-73.9956,B02682,
2014-04-23 05:52:00,40.7373,-74.0038,B02598,
2014-04-18 15:43:00,40.7593,-73.9942,B02682,
2014-04-04 14:40:00,40.7618,-73.9727,B02682,
2014-04-17 16:59:00,40.7699,-73.9505,B02682,
2014-04-23 20:15:00,40.7379,-73.9966,B02682,
2014-04-24 15:20:00,40.7622,-73.9746,B02598,
2014-04-19 07:19:00,40.7396,-73.9962,B02682,
2014-04-15 13:15:00,40.7442,-73.9877,B02598,
2014-04-26 15:28:00,40.749,-74.0301,B02598,
2014-04-03 07:23:00,40.7618,-73.9789,B02598,
2014-04-15 17:08:00,40.76,-73.973,B02512,
2014-04-15 15:52:00,40.7197,-74.0102,B02617,
2014-04-17 22:46:00,40.7431,-73.9966,B02598,
2014-04-03 15:10:00,40.7628,-73.9742,B02598,
2014-04-28 19:34:00,40.7725,-73.9861,B02512,
2014-04-03 16:19:00,40.784,-73.9545,B02682,
2014-04-08 18:23:00,40.7575,-73.985,B02682,
2014-04-17 08:37:00,40.7336,-74.003,B02617,
2014-04-08 20:08:00,40.7578,-73.9657,B02617,
2014-04-22 09:11:00,40.6944,-73.9701,B02598,
2014-04-29 19:01:00,40.7357,-73.9947,B02617,
2014-04-07 19:47:00,40.7409,-73.9857,B02598,
2014-04-04 20:00:00,40.7207,-73.9803,B02682,
2014-04-17 17:46:00,40.7309,-73.9912,B02682,
2014-04-11 12:39:00,40.7223,-73.9972,B02598,
2014-04-17 08:42:00,40.7551,-73.993,B02598,
2014-04-30 21:12:00,40.7601,-73.9819,B02512,
2014-04-30 16:11:00,40.7213,-74.01,B02682,
2014-04-30 16:20:00,40.7708,-73.8657,B02598,
2014-04-07 19:49:00,40.7468,-73.9924,B02682,
2014-04-30 18:27:00,40.6913,-73.9898,B02682,
2014-04-26 01:21:00,40.7593,-73.9713,B02598,
2014-04-14 05:24:00,40.8082,-73.9424,B02682,
2014-04-05 22:50:00,40.7358,-73.9893,B02617,
2014-04-24 22:01:00,40.743,-73.9915,B02598,
2014-04-25 18:37:00,40.7164,-73.9964,B02682,
2014-04-10 09:49:00,40.7012,-73.9916,B02682,
2014-04-07 14:40:00,40.8304,-73.9274,B02598,
2014-04-15 14:05:00,40.7439,-73.9816,B02598,
2014-04-24 19:28:00,40.7566,-73.9726,B02682,
2014-04-05 16:27:00,40.7733,-73.9522,B02682,
2014-04-15 15:12:00,40.7222,-73.9866,B02682,
2014-04-02 10:10:00,40.7376,-74.0082,B02682,
2014-04-06 00:58:00,40.7267,-73.9916,B02682,
2014-04-15 12:58:00,40.7512,-73.9941,B02598,
2014-04-09 07:02:00,40.7639,-73.9801,B02682,
2014-04-18 22:49:00,40.7382,-73.9968,B02598,
2014-04-26 22:09:00,40.7619,-74.0012,B02598,
2014-04-24 23:29:00,40.7291,-74.0053,B02682,
2014-04-26 19:36:00,40.7659,-73.9614,B02598,
2014-04-23 08:15:00,40.7334,-73.9899,B02682,
2014-04-27 14:11:00,40.7266,-73.9994,B02764,
2014-04-21 12:42:00,40.7218,-74.006,B02682,
2014-04-29 15:37:00,40.7264,-74.009,B02682,
2014-04-20 05:21:00,40.7664,-73.957,B02598,
2014-04-26 11:26:00,40.7587,-73.9887,B02598,
2014-04-02 22:01:00,40.7673,-73.996,B02682,
2014-04-13 19:53:00,40.7332,-73.9957,B02682,
2014-04-25 17:37:00,40.7555,-73.9731,B02512,
2014-04-15 12:54:00,40.7273,-73.9884,B02682,
2014-04-22 13:07:00,40.776,-73.9634,B02682,
2014-04-17 20:17:00,40.7282,-74.0073,B02617,
2014-04-26 22:32:00,40.7224,-74.0097,B02598,
2014-04-09 07:06:00,40.7737,-73.9811,B02617,
2014-04-13 16:36:00,40.7035,-74.011,B02617,
2014-04-20 16:56:00,40.7122,-74.0643,B02617,
2014-04-30 19:21:00,40.7557,-73.9792,B02617,
2014-04-15 17:07:00,40.7633,-73.9687,B02682,
2014-04-02 07:43:00,40.7117,-73.9855,B02598,
2014-04-29 18:13:00,40.7454,-74.0083,B02512,
2014-04-08 07:18:00,40.774,-73.8721,B02617,
2014-04-15 09:38:00,40.7727,-73.9495,B02512,
2014-04-10 07:40:00,40.7375,-74.0086,B02682,
2014-04-08 20:00:00,40.7803,-73.957,B02617,
2014-04-14 12:20:00,40.7335,-73.9931,B02682,
2014-04-28 19:13:00,40.7527,-73.973,B02598,
2014-04-09 10:01:00,40.7739,-73.9777,B02617,
2014-04-05 19:32:00,40.7073,-74.0073,B02598,
2014-04-03 07:54:00,40.781,-73.9495,B02682,
2014-04-26 11:21:00,40.7512,-73.9908,B02617,
2014-04-25 23:12:00,40.6873,-73.9481,B02617,
2014-04-10 08:20:00,40.7723,-73.9525,B02682,
2014-04-11 06:38:00,40.735,-73.9889,B02617,
2014-04-29 20:10:00,40.7237,-74.0005,B02598,
2014-04-12 17:41:00,40.7662,-73.9775,B02598,
2014-04-18 13:22:00,40.7604,-73.9614,B02598,
2014-04-07 15:46:00,40.7334,-74.0084,B02682,
2014-04-08 21:28:00,40.7489,-73.9833,B02617,
2014-04-06 19:03:00,40.7164,-74.0076,B02598,
2014-04-08 01:05:00,40.6844,-74.0002,B02682,
2014-04-18 09:34:00,40.774,-73.8721,B02682,
2014-04-30 12:00:00,40.7206,-73.9978,B02617,
2014-04-05 22:46:00,40.6849,-73.9102,B02682,
2014-04-29 15:49:00,40.7458,-73.99,B02617,
2014-04-22 16:59:00,40.7388,-73.9898,B02617,
2014-04-07 07:54:00,40.7196,-73.9848,B02682,
2014-04-24 08:03:00,40.7824,-73.9718,B02512,
2014-04-08 07:59:00,40.7252,-73.9981,B02598,
2014-04-04 04:31:00,40.7137,-74.0069,B02682,
2014-04-25 17:55:00,40.7588,-73.9707,B02682,
2014-04-11 16:39:00,40.7065,-74.0135,B02598,
2014-04-25 18:40:00,40.7294,-74.0016,B02682,
2014-04-26 18:23:00,40.7723,-73.9821,B02512,
2014-04-24 18:36:00,40.7228,-73.9943,B02617,
2014-04-18 19:33:00,40.7741,-73.9546,B02682,
2014-04-30 20:33:00,40.7143,-74.0115,B02598,
2014-04-11 22:14:00,40.747,-73.9932,B02682,
2014-04-16 18:35:00,40.7887,-73.981,B02682,
2014-04-30 22:54:00,40.74,-74.006,B02598,
2014-04-04 22:30:00,40.7643,-73.9776,B02682,
2014-04-30 17:58:00,40.7714,-73.9656,B02682,
2014-04-19 18:26:00,40.7782,-73.9856,B02682,
2014-04-11 04:17:00,40.7873,-73.979,B02682,
2014-04-15 14:26:00,40.7446,-73.9889,B02512,
2014-04-25 06:39:00,40.7615,-74.0,B02512,
2014-04-09 20:29:00,40.7083,-74.0155,B02682,
2014-04-05 22:01:00,40.7338,-73.9583,B02617,
2014-04-30 07:35:00,40.721,-73.9554,B02682,
2014-04-06 00:10:00,40.7195,-73.9932,B02682,
2014-04-21 18:40:00,40.7619,-73.9747,B02598,
2014-04-26 03:02:00,40.728,-73.9899,B02598,
2014-04-26 18:25:00,40.7566,-73.9746,B02682,
2014-04-11 06:07:00,40.7552,-73.9732,B02764,
2014-04-25 08:06:00,40.7807,-73.9464,B02682,
2014-04-13 10:07:00,40.8997,-73.8532,B02617,
2014-04-17 21:27:00,40.7335,-73.9996,B02682,
2014-04-01 14:46:00,40.7162,-74.0131,B02682,
2014-04-25 20:53:00,40.7331,-73.9868,B02598,
2014-04-29 23:58:00,40.7593,-73.9683,B02682,
2014-04-20 21:20:00,40.7197,-74.0483,B02598,
2014-04-19 15:52:00,40.7507,-74.0015,B02682,
2014-04-23 10:55:00,40.7477,-73.9934,B02682,
2014-04-30 16:17:00,40.7494,-73.9889,B02598,
2014-04-25 15:35:00,40.7593,-73.9995,B02617,
2014-04-06 11:22:00,40.7764,-73.9487,B02682,
2014-04-08 19:48:00,40.7629,-73.9759,B02598,
2014-04-30 14:47:00,40.7786,-73.953,B02512,
2014-04-14 06:57:00,40.7087,-74.0011,B02682,
2014-04-30 14:08:00,40.7504,-73.9767,B02512,
2014-04-18 23:57:00,40.7059,-74.0081,B02617,
2014-04-23 17:54:00,40.7409,-74.0017,B02598,
2014-04-03 06:48:00,40.7494,-73.981,B02682,
2014-04-17 16:47:00,40.7547,-73.9778,B02512,
2014-04-19 18:21:00,40.7154,-74.0167,B02682,
2014-04-19 21:09:00,40.7373,-73.9906,B02598,
2014-04-28 18:30:00,40.7648,-73.9759,B02598,
2014-04-16 18:58:00,40.7547,-73.9823,B02512,
2014-04-12 02:44:00,40.7269,-74.0092,B02617,
2014-04-20 12:41:00,40.7786,-73.9818,B02598,
2014-04-03 17:55:00,40.7159,-73.8366,B02682,
2014-04-17 16:05:00,40.7656,-73.9797,B02598,
2014-04-18 23:28:00,40.7496,-73.9877,B02682,
2014-04-25 23:26:00,40.7077,-74.002,B02682,
2014-04-25 21:34:00,40.7806,-73.9817,B02617,
2014-04-23 22:23:00,40.7548,-73.9916,B02682,
2014-04-22 20:03:00,40.755,-73.9751,B02682,
2014-04-22 14:15:00,40.756,-73.9633,B02682,
2014-04-12 15:38:00,40.7789,-73.9208,B02598,
2014-04-05 21:40:00,40.762,-73.9737,B02682,
2014-04-14 20:49:00,40.717,-74.0081,B02598,
2014-04-26 22:37:00,40.728,-73.9931,B02617,
2014-04-02 20:00:00,40.7047,-74.0145,B02682,
2014-04-01 18:55:00,40.7691,-73.9812,B02617,
2014-04-12 19:53:00,40.679,-73.8604,B02512,
2014-04-24 20:57:00,40.7582,-73.9655,B02764,
2014-04-18 20:03:00,40.676,-73.9608,B02682,
2014-04-05 04:18:00,40.7108,-74.0157,B02682,
2014-04-23 18:24:00,40.742,-73.9908,B02682,
2014-04-30 18:07:00,40.7276,-74.0073,B02682,
2014-04-15 22:03:00,40.7575,-73.9713,B02512,
2014-04-09 12:12:00,40.7589,-73.9794,B02682,
2014-04-20 11:54:00,40.8117,-73.9624,B02617,
2014-04-19 01:05:00,40.7205,-73.9872,B02682,
2014-04-25 20:53:00,40.7634,-73.9711,B02682,
2014-04-10 10:44:00,40.7684,-73.8624,B02617,
2014-04-07 03:53:00,40.7936,-73.9734,B02682,
2014-04-16 19:20:00,40.787,-73.9564,B02682,
2014-04-17 13:01:00,40.7871,-73.9694,B02598,
2014-04-30 23:36:00,40.7458,-73.9881,B02682,
2014-04-10 16:52:00,40.7595,-73.9765,B02598,
2014-04-09 20:39:00,40.716,-74.0047,B02598,
2014-04-24 19:25:00,40.7503,-74.0308,B02682,
2014-04-12 12:52:00,40.7521,-73.9774,B02764,
2014-04-12 03:29:00,40.7215,-73.9946,B02512,
2014-04-10 03:35:00,40.7532,-73.9745,B02682,
2014-04-10 22:15:00,40.7299,-73.9918,B02598,
2014-04-26 22:41:00,40.75,-73.9844,B02617,
2014-04-28 00:48:00,40.7235,-74.0006,B02598,
2014-04-25 11:24:00,40.743,-73.9723,B02682,
2014-04-12 18:23:00,40.7239,-73.9962,B02598,
2014-04-04 23:00:00,40.7309,-74.0051,B02682,
2014-04-30 17:08:00,40.7527,-73.979,B02682,
2014-04-09 17:25:00,40.746,-73.9822,B02682,
2014-04-16 12:43:00,40.7644,-73.9536,B02512,
2014-04-17 11:08:00,40.7323,-74.0077,B02598,
2014-04-30 16:28:00,40.7424,-74.3607,B02512,
2014-04-23 22:37:00,40.7183,-73.9899,B02598,
2014-04-08 17:08:00,40.7061,-74.0091,B02682,
2014-04-21 17:35:00,40.7512,-74.0061,B02764,
2014-04-08 23:49:00,40.7568,-73.9887,B02682,
2014-04-08 13:30:00,40.7417,-74.0038,B02682,
2014-04-25 12:53:00,40.7459,-73.9823,B02598,
2014-04-07 17:45:00,40.7058,-73.9443,B02598,
2014-04-04 04:18:00,40.754,-73.9867,B02512,
2014-04-24 13:38:00,40.7348,-74.1647,B02512,
2014-04-25 21:09:00,40.7327,-73.9876,B02682,
2014-04-10 20:35:00,40.727,-73.9889,B02598,
2014-04-08 16:17:00,40.7574,-73.9743,B02682,
2014-04-16 19:13:00,40.7187,-74.0012,B02512,
2014-04-07 19:26:00,40.7407,-74.0019,B02598,
2014-04-06 17:26:00,40.7069,-73.9537,B02682,
2014-04-01 19:45:00,40.7522,-73.9903,B02682,
2014-04-30 22:15:00,40.7694,-73.9923,B02598,
2014-04-03 02:34:00,40.7441,-74.0068,B02617,
2014-04-25 23:48:00,40.7223,-74.006,B02617,
2014-04-15 16:08:00,40.7576,-73.9751,B02598,
2014-04-29 07:35:00,40.7308,-73.9955,B02617,
2014-04-14 13:09:00,40.6947,-73.9965,B02682,
2014-04-13 16:45:00,40.7158,-74.0038,B02682,
2014-04-15 13:33:00,40.7575,-73.9818,B02512,
2014-04-11 19:27:00,40.6913,-73.9873,B02617,
2014-04-22 08:01:00,40.6805,-73.9501,B02617,
2014-04-14 14:18:00,40.7627,-74.0007,B02682,
2014-04-01 15:57:00,41.0594,-73.51,B02598,
2014-04-18 10:12:00,40.7171,-74.0045,B02617,
2014-04-27 17:16:00,40.7697,-73.9951,B02617,
2014-04-03 08:37:00,40.7162,-74.011,B02682,
2014-04-16 18:52:00,40.7523,-73.9784,B02682,
2014-04-09 14:00:00,40.7592,-73.9834,B02682,
2014-04-06 00:30:00,40.7219,-73.9835,B02598,
2014-04-29 16:36:00,40.76,-73.9761,B02682,
2014-04-28 17:40:00,40.7708,-73.9682,B02617,
2014-04-12 10:20:00,40.7742,-73.9531,B02617,
2014-04-12 15:16:00,40.7229,-73.9983,B02682,
2014-04-15 00:24:00,40.7727,-73.9576,B02598,
2014-04-24 21:43:00,40.7378,-74.0,B02512,
2014-04-05 17:02:00,40.7927,-73.9193,B02598,
2014-04-25 16:10:00,40.7611,-73.9692,B02682,
2014-04-05 18:17:00,40.7574,-73.9754,B02617,
2014-04-01 22:33:00,40.7151,-73.9918,B02682,
2014-04-18 19:00:00,40.702,-74.0124,B02598,
2014-04-20 19:44:00,40.6768,-73.9739,B02682,
2014-04-13 03:19:00,40.7224,-73.9842,B02617,
2014-04-30 14:48:00,40.7753,-73.9836,B02598,
2014-04-30 11:30:00,40.7194,-74.0022,B02682,
2014-04-16 15:38:00,40.7408,-74.0055,B02598,
2014-04-24 19:09:00,40.7638,-73.9754,B02682,
2014-04-22 19:10:00,40.7454,-73.9826,B02598,
2014-04-24 04:59:00,40.7202,-73.9825,B02682,
2014-04-30 20:07:00,40.7628,-73.9783,B02682,
2014-04-25 06:53:00,40.7164,-74.0044,B02682,
2014-04-07 09:02:00,40.7686,-73.8626,B02598,
2014-04-16 10:25:00,40.7401,-74.0072,B02598,
2014-04-25 10:54:00,40.7201,-74.0057,B02682,
2014-04-08 21:11:00,40.7399,-73.995,B02682,
2014-04-02 16:02:00,40.7563,-73.9854,B02682,
2014-04-19 00:08:00,40.735,-74.0002,B02598,
2014-04-03 17:34:00,40.7226,-73.993,B02598,
2014-04-22 07:16:00,40.7735,-73.9459,B02617,
2014-04-29 21:22:00,40.7303,-74.0043,B02598,
2014-04-21 06:59:00,40.7783,-73.9488,B02617,
2014-04-20 22:06:00,40.7467,-73.9938,B02682,
2014-04-11 19:17:00,40.7605,-73.9763,B02617,
2014-04-02 18:07:00,40.715,-74.0117,B02682,
2014-04-14 14:57:00,40.724,-73.992,B02617,
2014-04-22 04:28:00,40.7246,-73.9472,B02682,
2014-04-20 17:51:00,40.6828,-73.9617,B02682,
2014-04-30 00:28:00,40.7112,-74.006,B02682,
2014-04-03 10:58:00,40.7,-73.9479,B02598,
2014-04-07 21:05:00,40.7609,-73.9797,B02598,
2014-04-12 02:22:00,40.7143,-73.9517,B02682,
2014-04-06 19:16:00,40.7272,-73.9936,B02682,
2014-04-03 22:28:00,40.756,-73.9693,B02682,
2014-04-15 20:24:00,40.7553,-73.981,B02617,
2014-04-11 04:56:00,40.7415,-73.9989,B02598,
2014-04-30 21:36:00,40.7356,-73.9989,B02598,
2014-04-15 14:16:00,40.7566,-73.9774,B02598,
2014-04-26 21:35:00,40.7381,-73.9891,B02617,
2014-04-28 16:15:00,40.7508,-73.9787,B02682,
2014-04-04 18:56:00,40.7745,-73.9634,B02512,
2014-04-25 13:16:00,40.7515,-73.9874,B02598,
2014-04-30 06:43:00,40.7685,-73.958,B02617,
2014-04-29 22:00:00,40.7543,-73.9689,B02598,
2014-04-20 03:21:00,40.7192,-73.9974,B02682,
2014-04-30 18:49:00,40.7563,-73.9831,B02617,
2014-04-07 19:46:00,40.7184,-73.9978,B02682,
2014-04-12 15:25:00,40.7436,-74.0071,B02682,
2014-04-04 18:41:00,40.7264,-74.0037,B02682,
2014-04-17 19:26:00,40.7729,-73.9621,B02682,
2014-04-03 06:42:00,40.7696,-73.9603,B02512,
2014-04-03 19:57:00,40.759,-73.9729,B02598,
2014-04-05 17:37:00,40.7062,-74.016,B02682,
2014-04-25 16:50:00,40.7243,-73.9787,B02617,
2014-04-18 08:37:00,40.7545,-73.9696,B02617,
2014-04-08 21:35:00,40.7595,-73.9756,B02598,
2014-04-18 10:09:00,40.8152,-73.9589,B02682,
2014-04-08 18:23:00,40.6392,-73.9975,B02598,
2014-04-25 09:36:00,40.6904,-73.9189,B02682,
2014-04-16 18:02:00,40.7729,-73.9519,B02682,
2014-04-05 00:17:00,40.7337,-74.0024,B02682,
2014-04-11 18:03:00,40.7691,-73.8866,B02617,
2014-04-16 15:45:00,40.7371,-73.9865,B02598,
2014-04-18 07:35:00,40.756,-73.9646,B02617,
2014-04-11 06:38:00,40.7089,-73.9426,B02598,
2014-04-04 21:46:00,40.7173,-73.9562,B02682,
2014-04-09 06:23:00,40.7732,-73.9894,B02598,
2014-04-26 21:13:00,40.7309,-73.9931,B02598,
2014-04-07 06:57:00,40.7437,-73.9857,B02682,
2014-04-07 18:31:00,40.7578,-73.9788,B02682,
2014-04-07 14:59:00,40.7509,-73.9707,B02682,
2014-04-14 18:35:00,40.7146,-74.006,B02682,
2014-04-05 21:57:00,40.7343,-73.9907,B02682,
2014-04-22 12:41:00,40.6951,-74.1784,B02682,
2014-04-08 05:52:00,40.7187,-73.9592,B02617,
2014-04-26 01:50:00,40.7184,-73.9892,B02682,
2014-04-07 18:22:00,40.7608,-73.9807,B02682,
2014-04-30 22:24:00,40.7508,-74.0036,B02682,
2014-04-08 13:13:00,40.7304,-74.0086,B02682,
2014-04-21 21:15:00,40.7422,-74.0042,B02598,
2014-04-15 20:42:00,40.7523,-73.9754,B02682,
2014-04-09 16:46:00,40.6792,-73.9595,B02682,
2014-04-10 17:17:00,40.7529,-73.9885,B02617,
2014-04-25 07:33:00,40.734,-73.9993,B02598,
2014-04-22 01:21:00,40.7651,-73.9878,B02682,
2014-04-04 23:00:00,40.7243,-73.9831,B02598,
2014-04-12 22:28:00,40.7224,-73.9801,B02598,
2014-04-15 13:31:00,40.7695,-74.0722,B02598,
2014-04-16 15:48:00,40.7548,-73.9778,B02682,
2014-04-29 15:03:00,40.775,-73.9152,B02682,
2014-04-29 15:05:00,40.7402,-73.9921,B02598,
2014-04-01 20:47:00,40.7333,-74.005,B02617,
2014-04-22 22:36:00,40.6742,-74.0169,B02682,
2014-04-17 15:05:00,40.7699,-73.9806,B02764,
2014-04-30 21:49:00,40.7409,-74.0055,B02617,
2014-04-15 19:32:00,40.7609,-73.9734,B02682,
2014-04-15 22:04:00,40.7396,-74.0064,B02682,
2014-04-03 21:05:00,40.7482,-73.9854,B02512,
2014-04-28 06:58:00,40.7181,-73.9445,B02598,
2014-04-30 19:38:00,40.7334,-73.9997,B02598,
2014-04-08 16:32:00,40.6915,-74.1772,B02682,
2014-04-05 12:56:00,40.7439,-74.0063,B02598,
2014-04-16 20:36:00,40.7487,-73.9388,B02598,
2014-04-07 07:58:00,40.7071,-74.0081,B02682,
2014-04-03 23:10:00,40.7258,-73.9948,B02682,
2014-04-26 03:18:00,40.7302,-74.0053,B02682,
2014-04-08 18:01:00,40.7241,-74.0095,B02764,
2014-04-04 15:17:00,40.7315,-73.9915,B02598,
2014-04-11 07:10:00,40.7187,-73.9921,B02682,
2014-04-05 18:58:00,40.8152,-73.9489,B02598,
2014-04-18 08:57:00,40.6898,-73.9923,B02598,
2014-04-02 13:27:00,40.7222,-74.0042,B02682,
2014-04-13 00:29:00,40.726,-73.9926,B02682,
2014-04-22 14:43:00,40.7535,-73.9839,B02598,
2014-04-05 06:06:00,40.6793,-73.9294,B02598,
2014-04-11 13:59:00,40.7401,-73.9883,B02682,
2014-04-06 12:27:00,40.7574,-73.9644,B02598,
2014-04-25 23:51:00,40.7541,-73.9803,B02617,
2014-04-23 14:49:00,40.7202,-73.9932,B02617,
2014-04-21 18:49:00,40.646,-73.7768,B02598,
2014-04-11 21:58:00,40.6178,-74.0365,B02617,
2014-04-20 15:09:00,40.7629,-73.981,B02617,
2014-04-23 20:59:00,40.7316,-74.0011,B02617,
2014-04-03 17:54:00,40.7583,-73.9244,B02682,
2014-04-26 23:07:00,40.6807,-73.9461,B02682,
2014-04-07 19:06:00,40.7547,-73.9756,B02682,
2014-04-06 10:57:00,40.7733,-73.9459,B02682,
2014-04-12 22:09:00,40.7409,-74.0075,B02512,
2014-04-11 23:20:00,40.7434,-73.9844,B02598,
2014-04-16 20:36:00,40.762,-73.9789,B02598,
2014-04-21 19:10:00,40.7904,-73.9715,B02682,
2014-04-30 10:17:00,40.7464,-73.99,B02598,
2014-04-02 17:44:00,40.7675,-73.9848,B02682,
2014-04-25 12:42:00,40.665,-73.9935,B02598,
2014-04-27 17:12:00,40.8061,-73.9573,B02598,
2014-04-03 21:55:00,40.7109,-73.9564,B02617,
2014-04-30 13:18:00,40.7672,-73.9704,B02682,
2014-04-30 20:28:00,40.7657,-73.9806,B02682,
2014-04-04 12:06:00,40.7412,-73.9982,B02682,
2014-04-02 17:02:00,40.7437,-73.9852,B02598,
2014-04-04 09:23:00,40.7874,-73.98,B02682,
2014-04-04 22:51:00,40.7607,-73.9842,B02682,
2014-04-29 10:14:00,40.7217,-74.0056,B02682,
2014-04-26 02:28:00,40.7316,-73.9893,B02617,
2014-04-03 21:02:00,40.7345,-74.0011,B02512,
2014-04-20 12:28:00,40.7995,-73.9694,B02617,
2014-04-22 16:15:00,40.7683,-73.9573,B02598,
2014-04-26 23:43:00,40.7263,-73.9832,B02617,
2014-04-29 10:57:00,40.6982,-73.973,B02617,
2014-04-14 06:09:00,40.7682,-73.9549,B02682,
2014-04-25 19:20:00,40.682,-73.9218,B02682,
2014-04-30 17:07:00,40.7554,-73.9771,B02598,
2014-04-30 18:52:00,40.7822,-73.9782,B02682,
2014-04-05 11:06:00,40.7119,-73.9583,B02617,
2014-04-07 14:49:00,40.7612,-73.987,B02682,
2014-04-27 10:09:00,40.7731,-73.9461,B02598,
2014-04-02 21:29:00,40.9706,-73.8727,B02598,
2014-04-12 18:54:00,40.7218,-73.9791,B02682,
2014-04-30 20:18:00,40.8526,-73.8384,B02598,
2014-04-13 18:29:00,40.7662,-73.9678,B02682,
2014-04-05 19:14:00,40.7266,-73.9958,B02598,
2014-04-19 23:03:00,40.7552,-74.0313,B02682,
2014-04-17 17:28:00,40.7588,-73.968,B02682,
2014-04-11 16:44:00,40.7842,-73.9702,B02598,
2014-04-18 21:43:00,40.7629,-73.9836,B02617,
2014-04-04 02:08:00,40.7181,-74.015,B02764,
2014-04-19 03:10:00,40.7396,-74.0054,B02598,
2014-04-27 09:53:00,40.7046,-74.0096,B02598,
2014-04-15 21:29:00,40.7286,-74.0053,B02512,
2014-04-30 12:08:00,40.7841,-73.9776,B02598,
2014-04-14 09:37:00,40.7188,-74.0106,B02617,
2014-04-23 19:24:00,40.7422,-74.0006,B02598,
2014-04-09 16:13:00,40.723,-73.9947,B02617,
2014-04-23 18:27:00,40.7546,-73.9818,B02617,
2014-04-12 18:29:00,40.7426,-73.9962,B02682,
2014-04-29 07:28:00,40.645,-73.782,B02682,
2014-04-16 18:14:00,40.6464,-73.7897,B02682,
2014-04-03 12:17:00,40.7141,-74.0146,B02682,
2014-04-25 22:49:00,40.7177,-74.0106,B02617,
2014-04-09 06:16:00,40.7542,-73.9862,B02512,
2014-04-30 14:51:00,40.7602,-73.9791,B02682,
2014-04-02 01:24:00,40.7111,-74.0004,B02682,
2014-04-05 10:09:00,40.7074,-74.017,B02682,
2014-04-22 09:59:00,40.7876,-73.9766,B02617,
2014-04-17 21:27:00,40.7272,-73.9918,B02598,
2014-04-13 00:01:00,40.7573,-73.9847,B02682,
2014-04-16 11:38:00,40.7203,-74.001,B02682,
2014-04-22 11:07:00,40.7686,-73.8626,B02617,
2014-04-19 03:52:00,40.7404,-73.9984,B02682,
2014-04-09 16:15:00,40.7416,-73.9858,B02512,
2014-04-28 06:46:00,40.7869,-73.9794,B02617,
2014-04-16 19:29:00,40.7593,-73.9829,B02512,
2014-04-26 17:26:00,40.7668,-73.9536,B02598,
2014-04-18 15:27:00,40.7304,-74.0073,B02598,
2014-04-09 20:06:00,40.6447,-73.7825,B02598,
2014-04-07 19:31:00,40.7453,-73.9306,B02598,
2014-04-10 21:32:00,40.7581,-73.9812,B02598,
2014-04-23 07:07:00,40.7057,-73.9515,B02617,
2014-04-16 18:37:00,40.7604,-73.9801,B02598,
2014-04-19 22:31:00,40.7721,-73.9827,B02682,
2014-04-18 22:51:00,40.7236,-74.0109,B02598,
2014-04-20 11:16:00,40.7411,-73.996,B02617,
2014-04-05 00:16:00,40.7285,-74.0051,B02598,
2014-04-17 21:13:00,40.7324,-74.0054,B02598,
2014-04-05 10:49:00,40.7313,-74.0024,B02598,
2014-04-25 06:45:00,40.7375,-74.0057,B02682,
2014-04-07 18:23:00,40.7484,-73.9747,B02682,
2014-04-29 07:22:00,40.7615,-73.9998,B02682,
2014-04-02 19:24:00,40.7691,-73.9552,B02682,
2014-04-18 08:05:00,40.7436,-73.9925,B02598,
2014-04-16 19:00:00,40.6415,-73.7881,B02598,
2014-04-23 17:58:00,40.7588,-73.9942,B02598,
2014-04-13 16:06:00,40.747,-73.9908,B02682,
2014-04-24 18:17:00,40.6902,-73.9942,B02598,
2014-04-18 12:08:00,40.7989,-73.968,B02682,
2014-04-24 20:58:00,40.7684,-73.8622,B02682,
2014-04-23 17:13:00,40.7556,-73.9747,B02682,
2014-04-29 15:22:00,40.7635,-73.9736,B02598,
2014-04-14 11:07:00,40.7918,-73.9741,B02617,
2014-04-24 21:05:00,40.7373,-74.0005,B02617,
2014-04-15 20:05:00,40.7177,-74.0036,B02617,
2014-04-05 19:03:00,40.7056,-74.0072,B02617,
2014-04-16 20:44:00,40.7459,-74.0052,B02598,
2014-04-07 19:05:00,40.7896,-73.9545,B02682,
2014-04-09 15:16:00,40.7226,-74.0082,B02682,
2014-04-05 20:21:00,40.7456,-73.9914,B02598,
2014-04-11 16:08:00,40.7535,-73.9963,B02682,
2014-04-30 06:54:00,40.645,-73.782,B02598,
2014-04-17 07:18:00,40.7503,-74.0308,B02512,
2014-04-11 09:58:00,40.7456,-74.005,B02598,
2014-04-21 20:34:00,40.7461,-73.9746,B02682,
2014-04-16 11:04:00,40.7693,-73.8636,B02598,
2014-04-23 17:16:00,40.7164,-74.0164,B02617,
2014-04-15 08:36:00,40.7157,-74.0081,B02682,
2014-04-04 11:12:00,40.7288,-73.994,B02682,
2014-04-05 22:39:00,40.7498,-73.9955,B02598,
2014-04-11 15:29:00,40.7411,-73.996,B02598,
2014-04-24 10:34:00,40.7532,-73.9978,B02598,
2014-04-04 12:04:00,40.7611,-73.9797,B02682,
2014-04-20 19:45:00,40.7519,-74.0012,B02598,
2014-04-12 23:20:00,40.7387,-73.9875,B02682,
2014-04-30 18:40:00,40.7216,-73.9978,B02617,
2014-04-15 19:07:00,40.7357,-74.0067,B02682,
2014-04-13 19:58:00,40.7295,-74.0033,B02682,
2014-04-14 07:49:00,40.737,-73.9816,B02598,
2014-04-13 15:21:00,40.7497,-73.9797,B02682,
2014-04-26 18:56:00,40.7559,-73.9827,B02682,
2014-04-06 16:51:00,40.7366,-73.9909,B02682,
2014-04-25 06:18:00,40.6924,-73.9427,B02598,
2014-04-30 16:02:00,40.7577,-73.9791,B02598,
2014-04-13 18:19:00,40.7288,-73.9786,B02682,
2014-04-19 21:55:00,40.7252,-73.9923,B02598,
2014-04-30 07:19:00,40.7805,-73.9475,B02598,
2014-04-29 13:30:00,40.7639,-73.9727,B02617,
2014-04-02 14:46:00,40.773,-73.9623,B02598,
2014-04-22 22:12:00,40.7497,-74.026,B02682,
2014-04-28 13:42:00,40.7506,-73.9787,B02682,
2014-04-10 17:36:00,40.7728,-73.886,B02682,
2014-04-04 23:49:00,40.7478,-73.985,B02682,
2014-04-19 00:04:00,40.7381,-74.0085,B02682,
2014-04-07 16:34:00,40.756,-73.982,B02682,
2014-04-14 18:27:00,40.7257,-74.0058,B02512,
2014-04-24 17:11:00,40.7744,-73.9577,B02682,
2014-04-16 07:18:00,40.719,-73.9846,B02598,
2014-04-24 22:32:00,40.7375,-73.997,B02682,
2014-04-11 16:18:00,40.688,-74.1829,B02682,
2014-04-06 13:22:00,40.7135,-73.9626,B02682,
2014-04-13 03:22:00,40.7948,-73.9722,B02617,
2014-04-02 08:39:00,40.7817,-73.9772,B02682,
2014-04-24 21:32:00,40.7309,-74.0015,B02598,
2014-04-16 20:14:00,40.7417,-74.0323,B02598,
2014-04-25 13:55:00,40.7401,-74.006,B02512,
2014-04-02 15:47:00,40.7412,-73.9867,B02682,
2014-04-10 20:01:00,40.7312,-74.0013,B02617,
2014-04-30 18:15:00,40.722,-73.9972,B02617,
2014-04-30 19:48:00,40.7443,-73.9829,B02617,
2014-04-04 06:18:00,40.6732,-73.9724,B02617,
2014-04-22 20:06:00,40.7156,-74.0093,B02682,
2014-04-26 17:24:00,40.7167,-73.9611,B02682,
2014-04-08 20:06:00,40.7453,-73.991,B02617,
2014-04-30 14:22:00,40.7444,-73.9905,B02512,
2014-04-13 10:52:00,40.8189,-73.9444,B02598,
2014-04-27 01:09:00,40.721,-73.987,B02682,
2014-04-08 14:48:00,40.6912,-74.177,B02617,
2014-04-08 17:15:00,40.7617,-73.9751,B02617,
2014-04-21 20:34:00,40.7591,-73.9824,B02598,
2014-04-13 21:27:00,40.6625,-73.9846,B02598,
2014-04-21 18:04:00,40.7681,-73.8619,B02682,
2014-04-30 23:49:00,40.7394,-73.9996,B02598,
2014-04-16 16:11:00,40.7247,-74.0077,B02682,
2014-04-30 14:44:00,40.7397,-73.9897,B02598,
2014-04-15 10:34:00,40.7676,-73.9665,B02682,
2014-04-02 12:09:00,40.7263,-74.009,B02682,
2014-04-26 21:00:00,40.7584,-74.0002,B02682,
2014-04-26 19:15:00,40.7167,-74.0138,B02682,
2014-04-30 19:00:00,40.7343,-74.0026,B02512,
2014-04-16 08:09:00,40.6971,-74.097,B02598,
2014-04-01 15:49:00,40.7587,-73.971,B02617,
2014-04-09 13:16:00,40.7739,-73.8716,B02682,
2014-04-05 16:09:00,40.6908,-73.9998,B02598,
2014-04-12 18:26:00,40.7403,-73.9985,B02617,
2014-04-28 16:41:00,40.7256,-74.0047,B02682,
2014-04-17 19:13:00,40.773,-73.8856,B02598,
2014-04-19 16:28:00,40.7212,-73.9991,B02598,
2014-04-22 08:04:00,40.7322,-74.002,B02512,
2014-04-24 22:02:00,40.7247,-74.0058,B02598,
2014-04-18 18:49:00,40.7402,-73.9889,B02682,
2014-04-07 15:32:00,40.7547,-73.9903,B02682,
2014-04-27 20:50:00,40.7372,-73.9871,B02617,
2014-04-06 18:19:00,40.6483,-73.7826,B02682,
2014-04-16 03:46:00,40.7429,-73.9565,B02598,
2014-04-18 16:55:00,40.7565,-73.9974,B02682,
2014-04-03 20:44:00,40.7347,-74.0094,B02682,
2014-04-02 15:34:00,40.7356,-73.9884,B02617,
2014-04-13 13:22:00,40.7684,-73.9575,B02682,
2014-04-26 13:01:00,40.7063,-74.0168,B02682,
2014-04-30 05:24:00,40.7136,-73.9631,B02598,
2014-04-26 21:21:00,40.7248,-73.9752,B02682,
2014-04-02 07:41:00,40.7365,-73.9797,B02682,
2014-04-25 15:19:00,40.7664,-73.9601,B02682,
2014-04-23 08:24:00,40.7456,-73.9982,B02682,
2014-04-15 21:06:00,40.7457,-74.0055,B02682,
2014-04-11 23:15:00,40.7388,-73.9959,B02682,
2014-04-12 12:35:00,40.6938,-73.9833,B02682,
2014-04-30 18:48:00,40.7379,-73.9922,B02598,
2014-04-30 22:42:00,40.7284,-73.9997,B02598,
2014-04-24 17:54:00,40.7577,-73.9753,B02682,
2014-04-22 20:21:00,40.7421,-74.0033,B02598,
2014-04-13 08:55:00,40.7378,-73.9888,B02512,
2014-04-01 11:41:00,40.7248,-74.006,B02682,
2014-04-17 17:57:00,40.7636,-73.9756,B02682,
2014-04-30 19:14:00,40.7297,-73.9898,B02598,
2014-04-14 19:27:00,40.7655,-73.9759,B02682,
2014-04-01 18:56:00,40.7599,-73.9793,B02682,
2014-04-18 06:06:00,40.7436,-73.9826,B02682,
2014-04-10 23:52:00,40.7247,-73.9784,B02598,
2014-04-25 02:28:00,40.7035,-74.0122,B02682,
2014-04-12 17:25:00,40.717,-74.0394,B02598,
2014-04-28 10:35:00,40.7731,-73.9803,B02598,
2014-04-16 20:00:00,40.7513,-73.9815,B02682,
2014-04-08 20:52:00,40.7442,-73.99,B02598,
2014-04-16 16:51:00,40.7234,-74.0027,B02598,
2014-04-23 18:34:00,40.6957,-74.1786,B02598,
2014-04-24 17:34:00,40.7741,-73.8718,B02682,
2014-04-05 22:58:00,40.764,-73.9704,B02512,
2014-04-07 15:47:00,40.7239,-73.9571,B02512,
2014-04-04 19:32:00,40.7662,-73.9915,B02682,
2014-04-18 18:01:00,40.7526,-73.9874,B02682,
2014-04-04 13:29:00,40.6949,-73.9922,B02682,
2014-04-30 22:19:00,40.7652,-73.966,B02512,
2014-04-07 13:08:00,40.7494,-73.9828,B02598,
2014-04-24 21:40:00,40.7319,-73.9853,B02598,
2014-04-04 15:02:00,40.7589,-73.9596,B02682,
2014-04-26 13:49:00,40.7624,-73.9814,B02682,
2014-04-28 21:44:00,40.7773,-73.9827,B02682,
2014-04-27 17:00:00,40.7614,-73.9705,B02598,
2014-04-14 13:35:00,40.7607,-73.9864,B02598,
2014-04-03 07:26:00,40.7636,-73.9792,B02598,
2014-04-19 19:25:00,40.715,-73.9561,B02598,
2014-04-24 18:12:00,40.7222,-74.0097,B02617,
2014-04-26 21:27:00,40.6449,-73.7936,B02598,
2014-04-09 18:51:00,40.7139,-74.0142,B02682,
2014-04-20 14:39:00,40.7299,-73.9893,B02512,
2014-04-19 15:41:00,40.7083,-73.9577,B02598,
2014-04-15 01:16:00,40.8639,-73.8647,B02598,
2014-04-17 20:03:00,40.7697,-73.9919,B02598,
2014-04-03 14:35:00,40.753,-73.9787,B02682,
2014-04-17 07:21:00,40.7773,-73.9751,B02682,
2014-04-16 12:59:00,40.7643,-73.9707,B02682,
2014-04-08 16:30:00,40.7473,-74.0082,B02682,
2014-04-24 23:23:00,40.7328,-73.9858,B02598,
2014-04-23 14:17:00,40.7442,-73.9836,B02598,
2014-04-01 21:23:00,40.7764,-73.9528,B02617,
2014-04-08 17:04:00,40.7765,-73.9565,B02598,
2014-04-27 10:36:00,40.7438,-74.0062,B02617,
2014-04-02 21:23:00,40.7398,-74.0293,B02682,
2014-04-10 15:44:00,40.7548,-73.9916,B02682,
2014-04-29 21:08:00,40.6749,-74.0149,B02682,
2014-04-05 18:33:00,40.7342,-73.9806,B02617,
2014-04-01 11:36:00,40.7668,-73.9831,B02682,
2014-04-04 08:16:00,40.7771,-73.9636,B02617,
2014-04-23 12:36:00,40.735,-73.989,B02682,
2014-04-04 13:28:00,40.7494,-73.8842,B02598,
2014-04-16 04:30:00,40.6762,-73.9512,B02598,
2014-04-26 20:24:00,40.7643,-73.9884,B02598,
2014-04-09 20:28:00,40.8092,-73.9519,B02598,
2014-04-29 15:43:00,40.7766,-73.96,B02512,
2014-04-06 09:41:00,40.7211,-73.9409,B02598,
2014-04-03 15:03:00,40.7209,-73.9977,B02682,
2014-04-04 17:22:00,40.6938,-73.9834,B02682,
2014-04-11 06:43:00,40.7277,-74.0013,B02682,
2014-04-27 10:52:00,40.7246,-74.006,B02598,
2014-04-18 07:56:00,40.7265,-73.9802,B02682,
2014-04-01 20:44:00,40.7741,-73.9789,B02617,
2014-04-29 06:49:00,40.7168,-73.9504,B02617,
2014-04-30 16:10:00,40.645,-73.7819,B02598,
2014-04-15 17:58:00,40.7372,-73.9938,B02598,
2014-04-22 19:36:00,40.7869,-73.9565,B02617,
2014-04-12 16:43:00,40.7429,-73.9928,B02617,
2014-04-15 07:13:00,40.7686,-73.9578,B02512,
2014-04-30 20:31:00,40.7407,-73.9932,B02682,
2014-04-12 15:12:00,40.7655,-73.9806,B02512,
2014-04-06 00:46:00,40.7511,-74.0016,B02512,
2014-04-17 15:38:00,40.7534,-73.9748,B02682,
2014-04-30 15:52:00,40.7519,-74.004,B02617,
2014-04-07 10:43:00,40.6878,-74.1819,B02682,
2014-04-19 14:09:00,40.7588,-73.9731,B02682,
2014-04-28 20:21:00,40.6801,-73.9771,B02598,
2014-04-24 05:28:00,40.7198,-73.9951,B02682,
2014-04-22 18:43:00,40.6649,-73.9773,B02598,
2014-04-23 17:19:00,40.7635,-73.9838,B02512,
2014-04-28 11:05:00,40.7244,-74.0021,B02682,
2014-04-30 17:09:00,40.7677,-73.981,B02682,
2014-04-13 00:47:00,40.7189,-74.0036,B02617,
2014-04-25 22:31:00,40.7346,-74.0015,B02598,
2014-04-03 07:53:00,40.7264,-74.0021,B02682,
2014-04-30 21:48:00,40.761,-73.9754,B02598,
2014-04-10 19:49:00,40.7542,-73.9882,B02598,
2014-04-16 07:38:00,40.7274,-73.9924,B02617,
2014-04-26 22:55:00,40.7278,-73.9895,B02598,
2014-04-30 19:42:00,40.7588,-73.974,B02682,
2014-04-30 08:05:00,40.7248,-73.9844,B02598,
2014-04-10 14:16:00,40.7278,-73.98,B02682,
2014-04-21 19:21:00,40.7675,-73.9612,B02598,
2014-04-02 05:37:00,40.7405,-73.9891,B02682,
2014-04-16 10:30:00,40.6881,-73.9603,B02682,
2014-04-15 19:21:00,40.7569,-73.9826,B02682,
2014-04-19 19:36:00,40.7783,-73.9588,B02598,
2014-04-17 23:29:00,40.7492,-74.031,B02598,
2014-04-07 14:01:00,40.7313,-74.0048,B02682,
2014-04-13 08:23:00,40.753,-73.9813,B02617,
2014-04-23 06:54:00,40.7953,-73.9732,B02682,
2014-04-24 21:51:00,40.7284,-74.0028,B02682,
2014-04-29 16:25:00,40.7384,-73.9856,B02617,
2014-04-27 19:22:00,40.7648,-73.99,B02682,
2014-04-29 16:05:00,40.7443,-73.9904,B02512,
2014-04-22 05:54:00,40.7687,-73.8621,B02682,
2014-04-16 15:11:00,40.7024,-74.0119,B02512,
2014-04-23 21:21:00,40.774,-73.8714,B02682,
2014-04-10 22:01:00,40.7339,-74.0027,B02617,
2014-04-15 17:32:00,40.7597,-73.9818,B02682,
2014-04-04 18:00:00,40.659,-74.0016,B02682,
2014-04-30 18:10:00,40.7796,-73.9527,B02617,
2014-04-22 20:51:00,40.6485,-73.7842,B02682,
2014-04-05 09:52:00,40.7107,-73.9676,B02682,
2014-04-22 12:57:00,40.7255,-73.9931,B02598,
2014-04-26 23:49:00,40.7185,-74.0104,B02598,
2014-04-15 19:27:00,40.7303,-73.9881,B02682,
2014-04-16 18:20:00,40.7166,-74.0163,B02598,
2014-04-30 07:29:00,40.7562,-73.9723,B02682,
2014-04-10 07:12:00,40.6875,-73.9586,B02617,
2014-04-01 17:03:00,40.7646,-73.97,B02598,
2014-04-06 18:16:00,40.7247,-73.9814,B02682,
2014-04-29 08:37:00,40.7438,-74.0061,B02512,
2014-04-20 18:52:00,40.765,-73.9867,B02598,
2014-04-03 07:20:00,40.6776,-73.9814,B02598,
2014-04-06 19:11:00,40.761,-73.9691,B02598,
2014-04-20 03:11:00,40.6918,-73.9844,B02598,
2014-04-30 19:35:00,40.6451,-73.782,B02617,
2014-04-30 18:54:00,40.7608,-73.9684,B02512,
2014-04-30 15:55:00,40.7561,-73.9852,B02682,
2014-04-16 21:07:00,40.7324,-73.958,B02617,
2014-04-12 08:57:00,40.7567,-73.967,B02617,
2014-04-26 23:52:00,40.7353,-74.0099,B02682,
2014-04-10 21:08:00,40.6877,-74.0013,B02617,
2014-04-24 08:23:00,40.7146,-73.982,B02682,
2014-04-19 03:07:00,40.7187,-73.988,B02764,
2014-04-02 17:02:00,40.7657,-73.9699,B02682,
2014-04-26 02:57:00,40.748,-73.9747,B02682,
2014-04-10 04:59:00,40.7143,-74.0087,B02598,
2014-04-19 11:09:00,40.7231,-73.9941,B02617,
2014-04-30 13:59:00,40.7567,-73.9749,B02682,
2014-04-25 23:17:00,40.7089,-73.937,B02682,
2014-04-09 22:32:00,40.8157,-73.9479,B02617,
2014-04-04 14:44:00,40.7554,-73.9868,B02682,
2014-04-11 17:08:00,40.6951,-74.1772,B02764,
2014-04-25 17:55:00,40.7587,-73.9727,B02598,
2014-04-09 14:48:00,40.7392,-73.9912,B02682,
2014-04-26 22:54:00,40.6891,-73.975,B02682,
2014-04-20 22:05:00,40.8206,-73.9453,B02598,
2014-04-12 01:22:00,40.721,-73.9936,B02512,
2014-04-11 05:18:00,40.7734,-73.9651,B02682,
2014-04-17 17:22:00,40.7395,-73.9923,B02682,
2014-04-23 12:53:00,40.7399,-73.9945,B02598,
2014-04-04 17:59:00,40.7078,-74.0032,B02682,
2014-04-25 18:25:00,40.721,-74.0043,B02598,
2014-04-10 20:19:00,40.7574,-73.9745,B02598,
2014-04-26 01:09:00,40.7303,-73.9932,B02598,
2014-04-15 22:11:00,40.6931,-73.9549,B02682,
2014-04-21 09:15:00,40.719,-73.9891,B02682,
2014-04-29 21:05:00,40.7131,-73.9578,B02682,
2014-04-11 08:46:00,40.7201,-73.9956,B02598,
2014-04-28 15:28:00,40.666,-74.6137,B02617,
2014-04-22 21:27:00,40.7517,-73.9768,B02682,
2014-04-07 19:51:00,40.7525,-73.9795,B02512,
2014-04-25 17:04:00,40.7314,-73.9906,B02598,
2014-04-08 09:00:00,40.79,-73.9746,B02598,
2014-04-16 21:40:00,40.7347,-74.0097,B02617,
2014-04-06 10:57:00,40.7434,-73.9941,B02617,
2014-04-25 16:21:00,40.7712,-73.9658,B02598,
2014-04-25 18:08:00,40.7672,-73.9548,B02598,
2014-04-26 19:29:00,40.7301,-73.9834,B02682,
2014-04-14 16:55:00,40.7576,-73.9672,B02682,
2014-04-02 18:16:00,40.715,-74.0095,B02617,
2014-04-13 16:19:00,40.7124,-74.0106,B02617,
2014-04-08 09:43:00,40.7397,-74.0003,B02682,
2014-04-11 21:11:00,40.7403,-73.9863,B02682,
2014-04-21 16:51:00,40.7559,-73.9793,B02682,
2014-04-24 22:40:00,40.7335,-74.0034,B02598,
2014-04-25 07:45:00,40.6654,-73.956,B02598,
2014-04-05 17:17:00,40.7595,-73.9698,B02682,
2014-04-06 13:33:00,40.7187,-74.0805,B02512,
2014-04-07 13:52:00,40.7428,-73.9807,B02682,
2014-04-29 06:31:00,40.7291,-73.9851,B02682,
2014-04-25 08:51:00,40.733,-73.9554,B02682,
2014-04-24 19:04:00,40.7068,-74.0159,B02598,
2014-04-25 09:35:00,40.7444,-74.0058,B02598,
2014-04-25 17:44:00,40.7368,-73.993,B02682,
2014-04-18 06:04:00,40.7294,-74.0008,B02598,
2014-04-22 10:28:00,40.6461,-74.0167,B02617,
2014-04-01 12:19:00,40.7684,-73.9599,B02512,
2014-04-09 15:23:00,40.849,-73.9312,B02764,
2014-04-01 17:18:00,40.7601,-73.9808,B02682,
2014-04-04 17:44:00,40.7462,-74.008,B02682,
2014-04-13 13:07:00,40.7695,-73.9857,B02598,
2014-04-17 14:59:00,40.7153,-73.6031,B02598,
2014-04-06 00:55:00,40.7258,-73.9897,B02682,
2014-04-15 12:05:00,40.7647,-73.9662,B02512,
2014-04-11 17:56:00,40.7553,-73.9745,B02598,
2014-04-12 16:51:00,40.7831,-73.9593,B02617,
2014-04-17 15:30:00,40.7435,-73.9837,B02682,
2014-04-15 20:16:00,40.7571,-73.9823,B02682,
2014-04-03 13:23:00,40.7023,-73.984,B02682,
2014-04-05 07:30:00,40.708,-73.9111,B02617,
2014-04-21 12:56:00,40.7304,-73.9845,B02682,
2014-04-22 20:48:00,40.771,-73.8662,B02598,
2014-04-20 15:09:00,40.8217,-73.9467,B02598,
2014-04-16 06:46:00,40.7746,-73.982,B02598,
2014-04-25 20:38:00,40.7388,-73.9934,B02617,
2014-04-28 19:35:00,40.7283,-74.0074,B02598,
2014-04-24 22:39:00,40.7199,-74.0068,B02512,
2014-04-08 07:15:00,40.7742,-73.9484,B02682,
2014-04-24 19:01:00,40.7543,-73.9845,B02512,
2014-04-14 18:35:00,40.7566,-73.9856,B02598,
2014-04-20 09:10:00,40.7603,-73.9987,B02682,
2014-04-26 19:35:00,40.7594,-73.9908,B02617,
2014-04-23 15:28:00,40.7148,-74.0058,B02764,
2014-04-24 18:47:00,40.7626,-73.9742,B02682,
2014-04-11 11:13:00,40.6459,-73.7768,B02682,
2014-04-29 17:46:00,40.7592,-73.9827,B02617,
2014-04-11 13:35:00,40.7624,-73.9786,B02682,
2014-04-30 20:46:00,40.7742,-73.873,B02598,
2014-04-27 14:58:00,40.6465,-73.79,B02598,
2014-04-02 13:39:00,40.7437,-74.0061,B02598,
2014-04-17 17:27:00,40.7499,-73.974,B02617,
2014-04-21 14:51:00,40.8932,-73.9001,B02617,
2014-04-22 19:12:00,40.7148,-74.0092,B02617,
2014-04-01 22:22:00,40.7203,-73.9846,B02617,
2014-04-26 21:05:00,40.7869,-73.9778,B02682,
2014-04-05 19:40:00,40.7604,-73.9599,B02682,
2014-04-22 03:33:00,40.7877,-73.9771,B02764,
2014-04-24 00:26:00,40.6848,-73.9442,B02764,
2014-04-02 07:40:00,40.73,-73.9752,B02682,
2014-04-03 08:01:00,40.7281,-73.985,B02598,
2014-04-24 11:08:00,40.7552,-73.9757,B02682,
2014-04-30 08:03:00,40.7435,-73.9961,B02598,
2014-04-28 16:37:00,40.7538,-73.9783,B02598,
2014-04-21 21:05:00,40.7501,-73.8653,B02598,
2014-04-29 15:26:00,40.7408,-74.0049,B02598,
2014-04-28 06:07:00,40.7481,-73.9775,B02598,
2014-04-09 10:42:00,40.7245,-73.9835,B02682,
2014-04-02 07:14:00,40.7021,-73.9898,B02598,
2014-04-24 21:30:00,40.7562,-73.9718,B02617,
2014-04-29 08:02:00,40.7434,-73.9999,B02598,
2014-04-18 16:02:00,40.723,-73.9986,B02598,
2014-04-16 08:43:00,40.6863,-73.9764,B02617,
2014-04-09 07:51:00,40.7686,-73.9619,B02598,
2014-04-11 14:18:00,40.7295,-73.9947,B02512,
2014-04-10 21:10:00,40.8078,-73.9639,B02598,
2014-04-08 19:18:00,40.7255,-74.0044,B02682,
2014-04-12 00:07:00,40.7671,-73.9839,B02598,
2014-04-10 14:16:00,40.7413,-73.9981,B02598,
2014-04-07 17:54:00,40.6619,-73.9799,B02682,
2014-04-10 13:25:00,40.6947,-74.1779,B02512,
2014-04-03 23:55:00,40.7645,-73.9882,B02682,
2014-04-07 06:58:00,40.7487,-73.9736,B02682,
2014-04-03 09:59:00,40.7645,-73.9837,B02682,
2014-04-27 17:48:00,40.7475,-73.9853,B02682,
2014-04-29 16:37:00,40.7564,-73.9877,B02617,
2014-04-24 22:11:00,40.7339,-74.0029,B02512,
2014-04-26 17:36:00,40.7204,-73.9544,B02598,
2014-04-11 07:21:00,40.7808,-73.9788,B02682,
2014-04-10 07:58:00,40.7665,-73.9606,B02682,
2014-04-09 07:17:00,40.769,-73.9611,B02598,
2014-04-30 14:30:00,40.7049,-73.9337,B02598,
2014-04-26 05:13:00,40.8447,-73.9111,B02682,
2014-04-12 10:20:00,40.7439,-74.0063,B02512,
2014-04-19 00:44:00,40.774,-73.8263,B02617,
2014-04-19 15:10:00,40.7668,-73.9655,B02598,
2014-04-25 16:41:00,40.7667,-73.9529,B02617,
2014-04-25 21:46:00,40.7387,-73.9874,B02682,
2014-04-23 11:42:00,40.7307,-74.0068,B02598,
2014-04-23 14:05:00,40.7564,-73.9703,B02617,
2014-04-30 16:45:00,40.7644,-73.9675,B02617,
2014-04-24 12:41:00,40.7273,-74.0073,B02682,
2014-04-07 18:15:00,40.7592,-73.9722,B02617,
2014-04-06 15:44:00,40.7619,-73.9726,B02682,
2014-04-16 08:39:00,40.7672,-73.9677,B02598,
2014-04-15 19:55:00,40.7037,-73.9861,B02598,
2014-04-07 20:29:00,40.7288,-74.0004,B02512,
2014-04-02 18:04:00,40.7259,-73.9974,B02682,
2014-04-28 21:05:00,40.7605,-73.9738,B02617,
2014-04-24 22:13:00,40.7308,-73.989,B02598,
2014-04-24 22:28:00,40.7389,-74.0081,B02682,
2014-04-30 20:09:00,40.7354,-73.994,B02598,
2014-04-22 21:26:00,40.726,-73.9929,B02682,
2014-04-23 18:45:00,40.7546,-73.9801,B02598,
2014-04-26 12:25:00,40.745,-73.9758,B02682,
2014-04-24 16:56:00,40.7353,-73.9962,B02764,
2014-04-28 11:29:00,40.721,-74.0035,B02598,
2014-04-11 19:46:00,40.72,-74.0093,B02617,
2014-04-11 19:03:00,40.7385,-73.9918,B02682,
2014-04-04 18:30:00,40.751,-73.9849,B02617,
2014-04-29 19:16:00,40.746,-74.2602,B02617,
2014-04-16 20:28:00,40.7162,-74.0001,B02682,
2014-04-03 21:59:00,40.7142,-74.008,B02682,
2014-04-12 20:27:00,40.7552,-73.985,B02682,
2014-04-29 18:48:00,40.725,-73.9948,B02598,
2014-04-01 12:04:00,40.732,-73.9863,B02682,
2014-04-18 17:11:00,40.773,-73.8857,B02617,
2014-04-02 11:30:00,40.7242,-74.0102,B02682,
2014-04-20 11:55:00,40.7424,-73.9996,B02598,
2014-04-25 05:46:00,40.6825,-73.9962,B02617,
2014-04-14 22:04:00,40.7551,-73.9764,B02617,
2014-04-26 17:12:00,40.6881,-73.9949,B02682,
2014-04-26 18:06:00,40.7394,-73.9866,B02617,
2014-04-12 22:57:00,40.7301,-73.9912,B02598,
2014-04-22 13:54:00,40.7599,-73.9645,B02598,
2014-04-13 15:23:00,40.7259,-73.992,B02617,
2014-04-20 12:54:00,40.7027,-74.014,B02682,
2014-04-28 21:13:00,40.7301,-73.9978,B02682,
2014-04-04 17:52:00,40.7409,-73.9975,B02682,
2014-04-24 15:49:00,40.7538,-73.9849,B02682,
2014-04-29 20:46:00,40.7578,-73.9696,B02512,
2014-04-09 21:14:00,40.7252,-73.978,B02682,
2014-04-17 08:53:00,40.7611,-73.9775,B02682,
2014-04-22 17:53:00,40.7394,-73.989,B02617,
2014-04-25 19:20:00,40.7204,-73.9918,B02617,
2014-04-02 15:28:00,40.6417,-73.7888,B02682,
2014-04-02 15:52:00,40.7629,-73.9601,B02682,
2014-04-20 15:52:00,40.7571,-73.9825,B02598,
2014-04-03 19:04:00,40.7502,-74.027,B02512,
2014-04-26 10:27:00,40.7749,-73.9898,B02617,
2014-04-11 18:13:00,40.7426,-73.9943,B02598,
2014-04-18 18:19:00,40.7608,-73.9885,B02682,
2014-04-15 18:21:00,40.7102,-73.9846,B02682,
2014-04-17 14:30:00,40.7273,-73.992,B02682,
2014-04-13 16:52:00,40.8548,-73.8883,B02512,
2014-04-15 09:44:00,40.7556,-73.978,B02598,
2014-04-04 20:13:00,40.7348,-73.9848,B02682,
2014-04-16 12:47:00,40.7711,-73.9659,B02682,
2014-04-20 17:34:00,40.7867,-73.7901,B02682,
2014-04-23 14:32:00,40.7219,-74.0042,B02598,
2014-04-24 13:29:00,40.772,-73.9619,B02598,
2014-04-18 08:15:00,40.7738,-73.9486,B02598,
2014-04-27 01:16:00,40.722,-73.992,B02682,
2014-04-06 12:12:00,40.7684,-73.8623,B02682,
2014-04-17 22:07:00,40.7284,-74.0019,B02512,
2014-04-12 16:38:00,40.7695,-73.9652,B02682,
2014-04-24 17:22:00,40.7331,-74.0066,B02682,
2014-04-09 22:49:00,40.7528,-73.9734,B02617,
2014-04-13 16:24:00,40.6824,-73.9636,B02682,
2014-04-04 21:53:00,40.7856,-73.9729,B02598,
2014-04-07 02:32:00,40.7131,-73.9578,B02598,
2014-04-04 16:48:00,40.7225,-74.0026,B02682,
2014-04-25 10:02:00,40.7693,-73.88,B02617,
2014-04-08 18:42:00,40.7208,-73.9995,B02682,
2014-04-30 06:45:00,40.7786,-73.9515,B02598,
2014-04-04 00:29:00,40.733,-74.0072,B02764,
2014-04-11 19:21:00,40.7581,-73.984,B02682,
2014-04-15 19:49:00,40.7442,-73.9835,B02598,
2014-04-28 17:33:00,40.74,-74.0008,B02598,
2014-04-13 22:00:00,40.7406,-74.0056,B02512,
2014-04-01 08:05:00,40.7745,-73.9639,B02617,
2014-04-27 21:36:00,40.6467,-73.7895,B02598,
2014-04-12 19:20:00,40.8005,-73.9714,B02682,
2014-04-21 00:26:00,40.6962,-73.9682,B02682,
2014-04-18 14:32:00,40.7166,-74.0099,B02617,
2014-04-11 17:09:00,40.7536,-73.9732,B02598,
2014-04-15 17:39:00,40.7425,-73.982,B02598,
2014-04-04 18:06:00,40.7692,-73.9958,B02682,
2014-04-05 22:17:00,40.7398,-74.0024,B02617,
2014-04-18 22:21:00,40.7233,-74.008,B02598,
2014-04-21 03:23:00,40.7085,-74.0173,B02682,
2014-04-07 20:30:00,40.7226,-74.0042,B02512,
2014-04-30 15:56:00,40.7324,-73.9879,B02512,
2014-04-09 13:44:00,40.7504,-73.9784,B02598,
2014-04-30 18:19:00,40.7412,-74.0078,B02617,
2014-04-09 07:14:00,40.729,-73.9784,B02617,
2014-04-24 16:39:00,40.7375,-73.9926,B02617,
2014-04-29 19:46:00,40.7517,-73.9759,B02598,
2014-04-13 21:19:00,40.771,-73.8659,B02617,
2014-04-24 16:17:00,40.7508,-73.9805,B02598,
2014-04-30 14:57:00,40.7638,-73.9739,B02598,
2014-04-17 14:41:00,40.7888,-73.9798,B02617,
2014-04-04 19:09:00,40.7638,-73.9662,B02617,
2014-04-03 00:44:00,40.716,-74.0089,B02617,
2014-04-07 12:03:00,40.7712,-73.8663,B02682,
2014-04-16 21:06:00,40.7082,-74.0062,B02617,
2014-04-18 19:54:00,40.7704,-73.9619,B02598,
2014-04-01 07:09:00,40.7592,-73.9944,B02598,
2014-04-10 09:31:00,40.7765,-73.9794,B02682,
2014-04-03 20:31:00,40.7524,-73.9804,B02682,
2014-04-03 21:52:00,40.7351,-73.9852,B02682,
2014-04-04 15:24:00,40.7373,-73.9963,B02682,
2014-04-04 02:17:00,40.7397,-74.0024,B02682,
2014-04-09 22:21:00,40.7625,-73.9783,B02617,
2014-04-12 12:13:00,40.683,-73.9531,B02617,
2014-04-08 16:57:00,40.8013,-73.9674,B02682,
2014-04-28 08:27:00,40.7376,-74.0039,B02617,
2014-04-07 23:38:00,40.6482,-73.7826,B02512,
2014-04-09 18:36:00,40.7347,-73.9988,B02682,
2014-04-30 15:24:00,40.7546,-73.9843,B02682,
2014-04-04 23:14:00,40.6598,-73.9302,B02682,
2014-04-09 09:46:00,40.7325,-73.9952,B02598,
2014-04-26 13:44:00,40.7571,-74.0011,B02617,
2014-04-27 12:36:00,40.7809,-73.9762,B02598,
2014-04-06 01:02:00,40.7136,-74.0067,B02682,
2014-04-10 22:53:00,40.7598,-73.9723,B02682,
2014-04-26 15:36:00,40.6863,-73.9693,B02682,
2014-04-07 16:23:00,40.6449,-73.7822,B02682,
2014-04-18 18:32:00,40.7823,-73.9557,B02682,
2014-04-24 16:33:00,40.7356,-73.9915,B02617,
2014-04-09 17:11:00,40.7543,-73.9769,B02682,
2014-04-11 17:41:00,40.7615,-73.9683,B02682,
2014-04-25 12:40:00,40.7738,-73.874,B02682,
2014-04-22 20:10:00,40.7741,-73.8729,B02617,
2014-04-26 23:32:00,40.74,-74.0061,B02598,
2014-04-03 12:11:00,40.7514,-73.994,B02617,
2014-04-03 18:27:00,40.7874,-73.9744,B02598,
2014-04-18 09:31:00,40.7511,-73.9933,B02598,
2014-04-13 15:24:00,40.7049,-74.0119,B02512,
2014-04-26 11:28:00,40.7119,-73.9996,B02598,
2014-04-16 20:51:00,40.7339,-73.9928,B02617,
2014-04-06 12:13:00,40.7863,-73.9774,B02617,
2014-04-02 07:48:00,40.7692,-73.952,B02598,
2014-04-23 17:52:00,40.6904,-73.9781,B02598,
2014-04-01 19:12:00,40.7614,-73.9794,B02617,
2014-04-28 04:38:00,40.6457,-73.7767,B02617,
2014-04-21 05:23:00,40.7213,-73.9834,B02682,
2014-04-26 02:41:00,40.7304,-74.0043,B02682,
2014-04-28 17:26:00,40.8513,-73.6274,B02598,
2014-04-05 17:09:00,40.7297,-73.9748,B02598,
2014-04-21 07:15:00,40.7728,-73.9619,B02598,
2014-04-18 07:14:00,40.7029,-73.9859,B02617,
2014-04-16 21:57:00,40.6451,-73.7822,B02682,
2014-04-02 09:11:00,40.7886,-73.9552,B02682,
2014-04-21 06:12:00,40.7263,-74.002,B02598,
2014-04-23 19:13:00,40.7217,-73.9875,B02598,
2014-04-17 11:35:00,40.694,-73.9941,B02598,
2014-04-22 23:07:00,40.7112,-74.0069,B02598,
2014-04-17 06:02:00,40.7263,-73.984,B02617,
2014-04-02 19:24:00,40.7581,-73.9859,B02682,
2014-04-18 17:53:00,40.785,-73.9558,B02512,
2014-04-17 12:45:00,40.6466,-73.7898,B02682,
2014-04-29 19:45:00,40.753,-73.9742,B02598,
2014-04-28 07:20:00,40.7305,-73.9846,B02598,
2014-04-04 19:40:00,40.7372,-73.9907,B02617,
2014-04-08 11:29:00,40.7869,-73.977,B02682,
2014-04-15 19:35:00,40.7067,-74.0141,B02682,
2014-04-25 18:19:00,40.7673,-73.9863,B02512,
2014-04-12 11:39:00,40.7174,-74.0084,B02598,
2014-04-16 15:32:00,40.7639,-73.9749,B02598,
2014-04-27 21:24:00,40.7156,-73.9463,B02682,
2014-04-22 17:19:00,40.7155,-73.9907,B02682,
2014-04-15 16:43:00,40.7551,-73.984,B02682,
2014-04-23 02:42:00,40.7422,-74.0042,B02598,
2014-04-29 14:10:00,40.7646,-73.9758,B02598,
2014-04-23 00:21:00,40.7214,-74.0013,B02617,
2014-04-10 14:05:00,40.7272,-73.9918,B02682,
2014-04-28 10:29:00,40.7502,-73.9945,B02764,
2014-04-01 23:14:00,40.6824,-73.9094,B02682,
2014-04-02 07:01:00,40.6894,-73.9969,B02682,
2014-04-09 05:45:00,40.7351,-74.0084,B02598,
2014-04-15 15:27:00,40.7588,-73.9729,B02682,
2014-04-10 16:25:00,40.7647,-73.9703,B02682,
2014-04-15 08:48:00,40.718,-74.0095,B02682,
2014-04-29 13:01:00,40.7393,-73.9937,B02598,
2014-04-28 20:08:00,40.7382,-73.9948,B02682,
2014-04-16 19:25:00,40.7674,-73.8817,B02598,
2014-04-13 02:22:00,40.7621,-73.99,B02598,
2014-04-08 19:59:00,40.754,-73.9736,B02682,
2014-04-02 21:34:00,40.7438,-74.0062,B02617,
2014-04-10 09:23:00,40.7499,-74.0035,B02617,
2014-04-29 21:06:00,40.744,-73.9894,B02682,
2014-04-28 16:46:00,40.7151,-74.016,B02598,
2014-04-25 18:47:00,40.7471,-73.9792,B02598,
2014-04-11 04:26:00,40.6654,-73.955,B02598,
2014-04-25 14:44:00,40.7266,-73.9941,B02512,
2014-04-30 11:57:00,40.7565,-73.9821,B02682,
2014-04-25 21:17:00,40.7314,-73.9924,B02682,
2014-04-26 17:15:00,40.7556,-73.9754,B02598,
2014-04-24 08:51:00,40.77,-73.9551,B02617,
2014-04-28 17:30:00,40.7398,-73.995,B02598,
2014-04-12 18:07:00,40.774,-73.8726,B02598,
2014-04-03 10:28:00,40.7977,-73.9402,B02598,
2014-04-06 14:00:00,40.8273,-73.9747,B02682,
2014-04-11 17:11:00,40.7072,-74.01,B02617,
2014-04-26 14:59:00,40.7737,-73.9812,B02598,
2014-04-22 16:49:00,40.7601,-73.9808,B02682,
2014-04-30 14:55:00,40.7628,-73.9718,B02512,
2014-04-26 10:45:00,40.7431,-73.9739,B02598,
2014-04-02 18:22:00,40.7219,-73.9995,B02617,
2014-04-12 16:56:00,40.7481,-73.9735,B02598,
2014-04-25 18:45:00,40.7225,-73.9824,B02512,
2014-04-22 16:46:00,40.7115,-74.0156,B02682,
2014-04-15 21:07:00,40.716,-74.0087,B02598,
2014-04-28 10:48:00,40.7551,-73.9709,B02598,
2014-04-02 16:32:00,40.7189,-74.0087,B02617,
2014-04-11 08:58:00,40.732,-74.0076,B02512,
2014-04-22 22:26:00,40.7428,-73.9925,B02682,
2014-04-30 23:09:00,40.7504,-73.9851,B02682,
2014-04-05 16:52:00,40.7224,-74.0026,B02617,
2014-04-18 15:14:00,40.7638,-73.9694,B02598,
2014-04-24 22:40:00,40.7405,-74.0078,B02598,
2014-04-10 09:23:00,40.7299,-73.9877,B02617,
2014-04-26 17:56:00,40.8538,-73.935,B02682,
2014-04-17 21:56:00,40.7214,-73.9949,B02682,
2014-04-12 22:50:00,40.7277,-73.9933,B02617,
2014-04-15 22:09:00,40.7642,-73.9768,B02682,
2014-04-21 04:25:00,40.779,-73.9805,B02598,
2014-04-22 18:52:00,40.7548,-73.9716,B02598,
2014-04-25 16:22:00,40.7606,-73.8286,B02598,
2014-04-10 01:10:00,40.7419,-73.9894,B02598,
2014-04-04 17:53:00,40.7484,-73.9394,B02682,
2014-04-24 12:49:00,40.7,-73.8377,B02682,
2014-04-04 16:50:00,40.7949,-73.966,B02598,
2014-04-15 16:54:00,40.7057,-73.9503,B02617,
2014-04-28 15:45:00,40.7467,-73.9725,B02598,
2014-04-01 21:54:00,40.7402,-73.8888,B02598,
2014-04-01 21:04:00,40.7618,-73.9692,B02682,
2014-04-18 17:09:00,40.7411,-73.9788,B02598,
2014-04-20 20:34:00,40.7221,-73.9944,B02682,
2014-04-01 19:55:00,40.7637,-73.9963,B02617,
2014-04-25 21:43:00,40.7358,-74.0059,B02512,
2014-04-30 15:04:00,40.7685,-73.9496,B02682,
2014-04-29 06:12:00,40.7325,-73.9951,B02682,
2014-04-14 14:28:00,40.7221,-74.0019,B02617,
2014-04-03 19:27:00,40.7598,-73.9741,B02682,
2014-04-07 14:12:00,40.8393,-73.9434,B02598,
2014-04-10 14:43:00,40.7523,-73.9924,B02598,
2014-04-08 20:51:00,40.7425,-74.0042,B02598,
2014-04-27 13:58:00,40.7636,-73.9676,B02617,
2014-04-19 20:51:00,40.7498,-73.9749,B02682,
2014-04-24 22:50:00,40.7124,-74.0077,B02682,
2014-04-19 17:47:00,40.7608,-73.9989,B02598,
2014-04-01 19:01:00,40.7481,-73.9778,B02682,
2014-04-22 09:57:00,40.7805,-73.9874,B02512,
2014-04-06 14:54:00,40.7697,-73.9667,B02598,
2014-04-05 09:57:00,40.7634,-73.9803,B02682,
2014-04-04 16:26:00,40.7465,-74.005,B02682,
2014-04-24 18:01:00,40.7411,-73.9362,B02682,
2014-04-10 17:58:00,40.7275,-74.0073,B02682,
2014-04-08 09:13:00,40.7117,-74.0083,B02598,
2014-04-03 16:27:00,40.7098,-74.0119,B02512,
2014-04-11 06:55:00,40.7136,-73.963,B02598,
2014-04-04 17:42:00,40.7055,-74.009,B02682,
2014-04-03 19:33:00,40.7556,-73.9818,B02617,
2014-04-03 21:37:00,40.7732,-73.8855,B02617,
2014-04-15 08:02:00,40.7621,-73.9583,B02682,
2014-04-10 23:00:00,40.772,-73.9828,B02682,
2014-04-02 13:55:00,40.7406,-73.9981,B02682,
2014-04-09 14:57:00,40.7307,-74.009,B02682,
2014-04-14 03:31:00,40.7549,-73.9724,B02682,
2014-04-09 08:42:00,40.7554,-73.9208,B02682,
2014-04-09 17:06:00,40.7701,-73.8646,B02617,
2014-04-28 20:00:00,40.7347,-74.0092,B02598,
2014-04-11 08:09:00,40.7748,-73.9626,B02598,
2014-04-14 11:07:00,40.7031,-73.9847,B02682,
2014-04-26 17:12:00,40.7815,-73.9758,B02598,
2014-04-29 15:35:00,40.7104,-74.0056,B02682,
2014-04-02 08:44:00,40.7213,-74.0016,B02682,
2014-04-07 03:13:00,40.7519,-74.0039,B02617,
2014-04-10 15:42:00,40.7445,-73.9831,B02512,
2014-04-21 09:04:00,40.7225,-74.0106,B02598,
2014-04-02 20:54:00,40.7664,-73.9882,B02682,
2014-04-16 09:12:00,40.7096,-74.0141,B02617,
2014-04-24 18:27:00,40.762,-73.9788,B02617,
2014-04-09 21:30:00,40.7458,-73.9887,B02682,
2014-04-10 17:48:00,40.7464,-73.9715,B02682,
2014-04-25 22:35:00,40.7152,-73.9072,B02512,
2014-04-13 16:16:00,40.7429,-73.9808,B02617,
2014-04-23 11:32:00,40.7554,-73.9865,B02682,
2014-04-16 22:35:00,40.7496,-73.9923,B02598,
2014-04-15 18:18:00,40.7244,-73.9978,B02682,
2014-04-28 03:20:00,40.7649,-73.9839,B02598,
2014-04-30 10:26:00,40.745,-73.9534,B02682,
2014-04-25 17:16:00,40.7306,-74.009,B02598,
2014-04-29 20:08:00,40.7715,-73.9615,B02682,
2014-04-10 15:19:00,40.7751,-73.9632,B02598,
2014-04-19 22:41:00,40.7676,-73.9808,B02682,
2014-04-10 05:45:00,40.7809,-73.9495,B02682,
2014-04-28 16:16:00,40.7224,-73.9973,B02598,
2014-04-23 21:16:00,40.7385,-73.9918,B02617,
2014-04-18 17:00:00,40.7304,-74.0088,B02682,
2014-04-05 15:05:00,40.7881,-73.9758,B02512,
2014-04-20 21:49:00,40.6881,-74.1833,B02617,
2014-04-02 15:05:00,40.7754,-73.9782,B02598,
2014-04-08 19:08:00,40.677,-74.2037,B02617,
2014-04-23 05:50:00,40.6624,-73.9493,B02617,
2014-04-29 07:21:00,40.7715,-73.9487,B02598,
2014-04-18 11:27:00,40.7136,-73.9592,B02617,
2014-04-23 22:13:00,40.7467,-73.9901,B02682,
2014-04-01 11:50:00,40.7263,-74.0057,B02682,
2014-04-25 18:21:00,40.7645,-73.9771,B02682,
2014-04-22 20:22:00,40.719,-74.0034,B02617,
2014-04-30 15:25:00,40.7533,-73.9921,B02598,
2014-04-10 12:20:00,40.7042,-74.0088,B02598,
2014-04-02 07:59:00,40.7638,-73.9642,B02682,
2014-04-08 07:02:00,40.7487,-73.9731,B02682,
2014-04-04 22:36:00,40.7339,-73.9996,B02682,
2014-04-01 05:54:00,40.716,-74.0087,B02682,
2014-04-05 14:01:00,40.645,-73.7819,B02598,
2014-04-12 10:28:00,40.7301,-73.9928,B02682,
2014-04-15 19:42:00,40.7638,-73.962,B02764,
2014-04-02 14:27:00,40.7611,-73.9686,B02598,
2014-04-28 22:54:00,40.7738,-73.8713,B02682,
2014-04-10 14:45:00,40.7365,-73.9988,B02617,
2014-04-13 08:23:00,40.7557,-73.9921,B02682,
2014-04-09 08:46:00,40.7791,-73.9767,B02682,
2014-04-30 21:19:00,40.753,-73.9788,B02598,
2014-04-26 23:12:00,40.7278,-73.9839,B02682,
2014-04-13 09:55:00,40.8218,-73.945,B02682,
2014-04-03 07:38:00,40.7205,-73.9967,B02617,
2014-04-09 14:29:00,40.7356,-74.0023,B02598,
2014-04-25 14:45:00,40.7497,-73.9953,B02682,
2014-04-29 06:40:00,40.5976,-73.9697,B02598,
2014-04-20 18:24:00,40.6751,-73.989,B02617,
2014-04-21 17:24:00,40.7259,-74.0076,B02598,
2014-04-23 20:34:00,40.774,-73.8718,B02682,
2014-04-04 16:32:00,40.7172,-73.8038,B02617,
2014-04-25 18:45:00,40.7604,-73.9718,B02682,
2014-04-28 16:25:00,40.7589,-73.9769,B02682,
2014-04-15 16:26:00,40.7299,-73.8713,B02617,
2014-04-30 12:51:00,40.7495,-74.0029,B02682,
2014-04-26 06:42:00,40.8538,-73.9286,B02598,
2014-04-10 19:21:00,40.7648,-73.9705,B02512,
2014-04-08 16:20:00,40.7642,-73.9749,B02682,
2014-04-12 19:36:00,40.7752,-73.9635,B02512,
2014-04-25 18:50:00,40.7204,-74.0022,B02682,
2014-04-15 13:25:00,40.7581,-73.9919,B02682,
2014-04-08 16:28:00,40.7732,-73.8855,B02598,
2014-04-07 19:22:00,40.7394,-74.0061,B02598,
2014-04-24 08:01:00,40.7343,-73.9923,B02682,
2014-04-11 12:04:00,40.7284,-74.007,B02617,
2014-04-02 05:21:00,40.7356,-73.9958,B02682,
2014-04-13 18:18:00,40.7115,-73.9573,B02617,
2014-04-20 13:13:00,40.6846,-73.9621,B02682,
2014-04-09 19:36:00,40.7413,-74.005,B02682,
2014-04-02 05:20:00,40.6463,-73.7902,B02617,
2014-04-10 17:38:00,40.7347,-74.0441,B02617,
2014-04-09 14:12:00,40.7266,-73.9957,B02598,
2014-04-28 06:27:00,40.7354,-74.0093,B02598,
2014-04-25 08:27:00,40.7391,-73.9738,B02598,
2014-04-26 21:00:00,40.7786,-73.9596,B02598,
2014-04-16 15:58:00,40.7258,-74.0039,B02598,
2014-04-18 04:24:00,40.764,-73.9605,B02617,
2014-04-29 11:08:00,40.7526,-73.9827,B02682,
2014-04-19 09:35:00,40.7483,-73.9746,B02682,
2014-04-04 19:00:00,40.7767,-73.9491,B02598,
2014-04-22 16:43:00,40.7448,-73.993,B02617,
2014-04-27 07:08:00,40.8121,-73.9437,B02617,
2014-04-06 04:33:00,40.7725,-73.9468,B02617,
2014-04-22 06:28:00,40.7274,-73.9866,B02682,
2014-04-04 14:55:00,40.7244,-73.9959,B02598,
2014-04-23 12:40:00,40.7759,-73.9764,B02617,
2014-04-16 16:34:00,40.7714,-73.9894,B02617,
2014-04-01 11:37:00,40.7782,-73.9849,B02682,
2014-04-28 05:44:00,40.7233,-73.9939,B02682,
2014-04-17 06:47:00,40.67,-73.9915,B02617,
2014-04-16 19:26:00,40.7451,-73.9949,B02682,
2014-04-17 21:33:00,40.7348,-73.9932,B02682,
2014-04-17 20:20:00,40.7305,-73.9928,B02512,
2014-04-22 11:23:00,40.733,-73.9958,B02598,
2014-04-11 23:02:00,40.7269,-73.9892,B02598,
2014-04-26 17:25:00,40.7572,-73.9972,B02682,
2014-04-24 20:44:00,40.6448,-73.7824,B02598,
2014-04-28 10:19:00,40.7668,-73.9694,B02598,
2014-04-15 07:19:00,40.6736,-73.9522,B02617,
2014-04-28 20:06:00,40.7529,-74.004,B02598,
2014-04-24 19:51:00,40.728,-74.0001,B02682,
2014-04-16 15:29:00,40.7686,-73.8626,B02682,
2014-04-26 11:51:00,40.7553,-73.9696,B02617,
2014-04-11 19:05:00,40.7175,-73.9954,B02617,
2014-04-25 09:18:00,40.7876,-73.9677,B02682,
2014-04-21 12:52:00,40.7376,-73.9881,B02617,
2014-04-25 06:50:00,40.7542,-73.969,B02598,
2014-04-15 20:20:00,40.7612,-73.9793,B02617,
2014-04-10 20:01:00,40.7109,-74.0061,B02598,
2014-04-27 13:30:00,40.7541,-73.998,B02598,
2014-04-29 21:43:00,40.7379,-73.9879,B02617,
2014-04-03 20:08:00,40.7649,-73.9724,B02598,
2014-04-15 01:52:00,40.7236,-73.9833,B02682,
2014-04-02 14:37:00,40.7425,-73.9859,B02682,
2014-04-26 14:23:00,40.7984,-73.9351,B02682,
2014-04-16 11:34:00,40.765,-73.9704,B02617,
2014-04-06 21:19:00,40.6948,-74.1772,B02682,
2014-04-05 21:34:00,40.7516,-73.9708,B02682,
2014-04-02 17:05:00,40.6433,-73.7895,B02617,
2014-04-24 17:59:00,40.728,-74.0071,B02682,
2014-04-14 14:03:00,40.7769,-73.9493,B02512,
2014-04-24 17:12:00,40.7511,-74.0055,B02617,
2014-04-15 20:54:00,40.723,-73.9977,B02598,
2014-04-26 02:15:00,40.7211,-73.9935,B02617,
2014-04-17 15:07:00,40.6466,-73.7899,B02512,
2014-04-15 18:58:00,40.7219,-74.0042,B02598,
2014-04-11 11:41:00,40.7463,-73.9911,B02682,
2014-04-07 15:29:00,40.7512,-73.9926,B02617,
2014-04-06 12:45:00,40.7759,-73.9627,B02598,
2014-04-04 17:33:00,40.6877,-74.0013,B02617,
2014-04-29 18:22:00,40.7458,-73.9884,B02617,
2014-04-29 14:16:00,40.7642,-73.979,B02598,
2014-04-30 06:25:00,40.7388,-74.0089,B02682,
2014-04-03 22:22:00,40.7637,-73.9708,B02512,
2014-04-04 15:28:00,40.7218,-73.9976,B02682,
2014-04-20 04:48:00,40.8565,-73.9692,B02682,
2014-04-25 23:35:00,40.7545,-73.9754,B02617,
2014-04-02 11:52:00,40.7744,-73.9812,B02617,
2014-04-20 16:40:00,40.69,-73.9922,B02764,
2014-04-18 16:32:00,40.708,-74.0016,B02598,
2014-04-23 21:36:00,40.7273,-74.0008,B02598,
2014-04-19 20:16:00,40.7503,-73.9831,B02598,
2014-04-05 22:06:00,40.7246,-73.9846,B02598,
2014-04-27 16:43:00,40.6449,-73.7823,B02512,
2014-04-22 12:48:00,40.7539,-73.9773,B02682,
2014-04-17 10:04:00,40.7404,-73.9926,B02598,
2014-04-27 12:09:00,40.7647,-73.976,B02682,
2014-04-23 13:36:00,40.7101,-74.0123,B02598,
2014-04-15 21:11:00,40.7582,-73.979,B02682,
2014-04-18 19:53:00,40.7618,-73.8302,B02598,
2014-04-09 19:16:00,40.7406,-73.993,B02598,
2014-04-17 21:30:00,40.7466,-74.0016,B02682,
2014-04-12 23:12:00,40.6955,-73.9126,B02682,
2014-04-21 04:32:00,40.7083,-74.0056,B02598,
2014-04-15 16:13:00,40.7785,-73.9613,B02682,
2014-04-17 16:14:00,40.7491,-73.9798,B02617,
2014-04-22 20:41:00,40.7457,-74.0055,B02682,
2014-04-05 19:33:00,40.7607,-73.991,B02682,
2014-04-07 14:02:00,40.7323,-74.0077,B02598,
2014-04-06 14:09:00,40.7456,-73.9841,B02682,
2014-04-12 21:31:00,40.7077,-74.0019,B02682,
2014-04-17 14:53:00,40.7316,-74.0032,B02682,
2014-04-24 10:58:00,40.7735,-73.9554,B02598,
2014-04-24 20:32:00,40.7264,-73.9833,B02682,
2014-04-22 16:30:00,40.7603,-73.9758,B02617,
2014-04-23 20:19:00,40.734,-73.991,B02598,
2014-04-11 15:41:00,40.7514,-73.9938,B02598,
2014-04-17 20:50:00,40.731,-73.996,B02682,
2014-04-26 18:24:00,40.7434,-73.9819,B02512,
2014-04-29 21:33:00,40.7264,-74.0059,B02682,
2014-04-29 21:18:00,40.7598,-73.9879,B02682,
2014-04-08 13:51:00,40.7611,-73.9987,B02598,
2014-04-23 18:28:00,40.7349,-73.9933,B02617,
2014-04-27 14:32:00,40.7741,-73.8722,B02598,
2014-04-17 16:36:00,40.7568,-73.9741,B02682,
2014-04-23 17:30:00,40.6993,-73.9665,B02617,
2014-04-23 17:32:00,40.7558,-73.9767,B02682,
2014-04-02 11:09:00,40.7679,-73.9917,B02598,
2014-04-06 14:15:00,40.7386,-73.9854,B02682,
2014-04-15 18:20:00,40.7605,-73.9819,B02598,
2014-04-25 16:50:00,40.7523,-73.9779,B02598,
2014-04-10 12:08:00,40.7605,-73.9861,B02682,
2014-04-01 18:04:00,40.7569,-73.9929,B02682,
2014-04-19 22:01:00,40.7639,-73.9605,B02598,
2014-04-27 18:42:00,40.7209,-73.9937,B02682,
2014-04-24 14:13:00,40.7503,-73.9791,B02682,
2014-04-16 21:17:00,40.7473,-73.9169,B02598,
2014-04-20 09:09:00,40.7359,-74.0388,B02512,
2014-04-22 10:31:00,40.7739,-73.8736,B02598,
2014-04-28 17:26:00,40.7408,-73.9936,B02764,
2014-04-18 20:14:00,40.6948,-74.1779,B02682,
2014-04-07 18:51:00,40.7416,-73.9877,B02617,
2014-04-10 07:29:00,40.7203,-73.9846,B02682,
2014-04-15 03:12:00,40.7207,-73.975,B02512,
2014-04-17 17:49:00,40.7499,-73.975,B02682,
2014-04-17 20:02:00,40.707,-74.0019,B02682,
2014-04-03 05:00:00,40.6574,-73.957,B02682,
2014-04-03 06:58:00,40.7766,-73.9598,B02617,
2014-04-05 12:40:00,40.676,-73.9032,B02617,
2014-04-30 13:54:00,40.7638,-73.9823,B02512,
2014-04-03 18:47:00,40.7348,-73.9991,B02598,
2014-04-02 11:40:00,40.7542,-73.9882,B02598,
2014-04-20 11:34:00,40.7725,-73.8711,B02598,
2014-04-29 08:10:00,40.7962,-73.9734,B02598,
2014-04-22 09:58:00,40.7557,-73.9821,B02512,
2014-04-12 13:45:00,40.7313,-74.0037,B02598,
2014-04-02 20:46:00,40.7584,-73.975,B02682,
2014-04-06 14:59:00,40.7697,-73.9807,B02598,
2014-04-25 14:11:00,40.6778,-74.0066,B02598,
2014-04-15 00:59:00,40.8377,-73.8563,B02598,
2014-04-03 11:39:00,40.724,-73.9767,B02617,
2014-04-26 20:31:00,40.7214,-74.041,B02617,
2014-04-26 16:35:00,40.6835,-73.9609,B02617,
2014-04-08 18:53:00,40.7636,-73.964,B02617,
2014-04-23 18:49:00,40.7242,-73.9831,B02617,
2014-04-07 19:28:00,40.7643,-73.9709,B02682,
2014-04-02 11:43:00,40.7168,-74.0022,B02617,
2014-04-29 16:53:00,40.7311,-73.9888,B02682,
2014-04-28 22:36:00,40.725,-73.9957,B02682,
2014-04-14 05:06:00,40.6459,-73.7768,B02617,
2014-04-19 22:41:00,40.7455,-73.9723,B02682,
2014-04-08 15:33:00,40.7504,-73.9857,B02598,
2014-04-13 00:35:00,40.7192,-73.9453,B02617,
2014-04-15 13:44:00,40.7448,-73.9828,B02682,
2014-04-13 12:17:00,40.8159,-73.9605,B02682,
2014-04-18 19:14:00,40.7204,-74.0032,B02682,
2014-04-28 22:00:00,40.746,-73.9923,B02682,
2014-04-05 03:34:00,40.7443,-74.0067,B02682,
2014-04-13 23:23:00,40.6576,-73.9542,B02682,
2014-04-10 22:09:00,40.7751,-73.9592,B02682,
2014-04-13 15:13:00,40.7381,-74.0085,B02617,
2014-04-19 22:12:00,40.7723,-73.9667,B02598,
2014-04-19 10:42:00,40.6831,-73.9998,B02598,
2014-04-30 16:27:00,40.7419,-73.9747,B02598,
2014-04-28 19:15:00,40.6778,-73.9638,B02598,
2014-04-25 22:46:00,40.7382,-73.9988,B02598,
2014-04-22 21:17:00,40.7152,-74.009,B02682,
2014-04-01 14:33:00,40.744,-73.9915,B02682,
2014-04-07 16:53:00,40.753,-73.9889,B02617,
2014-04-27 23:30:00,40.771,-73.8659,B02598,
2014-04-26 16:01:00,40.7686,-73.9499,B02598,
2014-04-07 17:12:00,40.7335,-74.0081,B02598,
2014-04-21 17:13:00,40.7236,-74.0026,B02764,
2014-04-01 11:52:00,40.7376,-74.0015,B02598,
2014-04-30 18:20:00,40.7406,-74.0056,B02682,
2014-04-12 19:32:00,40.7237,-73.9983,B02617,
2014-04-28 21:38:00,40.7255,-73.9766,B02682,
2014-04-03 15:50:00,40.7947,-73.9662,B02617,
2014-04-25 16:22:00,40.7668,-73.9627,B02682,
2014-04-30 11:14:00,40.756,-73.9907,B02682,
2014-04-18 18:07:00,40.7641,-73.9609,B02598,
2014-04-18 12:08:00,40.7536,-73.9726,B02682,
2014-04-17 16:45:00,40.7566,-73.9829,B02682,
2014-04-04 13:44:00,40.6784,-73.7955,B02682,
2014-04-30 06:17:00,40.7773,-73.9889,B02512,
2014-04-12 16:52:00,40.7328,-74.0101,B02617,
2014-04-21 07:31:00,40.6812,-73.9724,B02512,
2014-04-28 17:39:00,40.7597,-73.9764,B02682,
2014-04-06 07:32:00,40.6992,-73.9938,B02598,
2014-04-29 11:53:00,40.731,-73.984,B02598,
2014-04-04 17:07:00,40.7212,-74.005,B02682,
2014-04-25 09:10:00,40.7001,-73.9152,B02598,
2014-04-21 08:10:00,40.7791,-73.9466,B02682,
2014-04-08 21:22:00,40.7594,-73.9918,B02682,
2014-04-05 23:38:00,40.7359,-73.9895,B02682,
2014-04-28 13:15:00,40.7782,-73.9625,B02617,
2014-04-04 16:40:00,40.7455,-73.8885,B02682,
2014-04-08 21:28:00,40.7302,-74.0006,B02764,
2014-04-12 12:24:00,40.7301,-73.9791,B02598,
2014-04-29 20:51:00,40.7881,-73.9556,B02512,
2014-04-12 17:06:00,40.6705,-73.9887,B02682,
2014-04-08 07:22:00,40.7388,-74.0085,B02682,
2014-04-22 05:46:00,40.687,-73.9238,B02598,
2014-04-08 17:26:00,40.7258,-73.9924,B02682,
2014-04-08 16:18:00,40.7655,-73.9757,B02682,
2014-04-22 17:29:00,40.7556,-73.9751,B02598,
2014-04-23 04:29:00,40.747,-74.0026,B02682,
2014-04-09 13:16:00,40.764,-73.9724,B02682,
2014-04-18 22:29:00,40.7177,-74.0128,B02682,
2014-04-21 11:41:00,40.7384,-73.9872,B02682,
2014-04-09 20:55:00,40.7616,-73.9785,B02512,
2014-04-11 08:17:00,40.7447,-73.9729,B02682,
2014-04-19 01:27:00,40.7652,-73.9618,B02682,
2014-04-10 11:38:00,40.7141,-74.0095,B02512,
2014-04-28 16:14:00,40.901,-73.8178,B02598,
2014-04-19 21:57:00,40.6799,-73.9892,B02682,
2014-04-16 15:51:00,40.7562,-73.9848,B02617,
2014-04-15 17:24:00,40.726,-74.0075,B02598,
2014-04-30 15:36:00,40.7389,-73.9898,B02598,
2014-04-10 18:49:00,40.7626,-73.9771,B02682,
2014-04-01 17:31:00,40.7438,-73.9839,B02598,
2014-04-22 14:17:00,40.7505,-73.981,B02617,
2014-04-22 20:35:00,40.7595,-73.9827,B02598,
2014-04-13 22:51:00,40.7711,-73.9834,B02682,
2014-04-30 08:45:00,40.7141,-74.0096,B02682,
2014-04-24 23:38:00,40.7615,-73.9501,B02598,
2014-04-10 13:59:00,40.7584,-73.9731,B02617,
2014-04-30 15:26:00,40.6942,-73.9245,B02682,
2014-04-12 10:15:00,40.8018,-73.965,B02598,
2014-04-21 23:27:00,40.7134,-73.9587,B02764,
2014-04-26 15:21:00,40.726,-73.9978,B02617,
2014-04-13 16:16:00,40.7193,-73.9888,B02598,
2014-04-10 16:59:00,40.7201,-74.0051,B02512,
2014-04-04 17:55:00,40.7599,-73.9841,B02617,
2014-04-30 10:42:00,40.7412,-73.9867,B02617,
2014-04-07 20:28:00,40.7784,-73.9548,B02598,
2014-04-24 08:29:00,40.7753,-73.9766,B02617,
2014-04-21 08:18:00,40.7849,-73.9704,B02682,
2014-04-11 21:25:00,40.7138,-73.9617,B02682,
2014-04-22 18:53:00,40.7309,-73.9953,B02617,
2014-04-17 14:39:00,40.679,-73.9293,B02682,
2014-04-25 07:45:00,40.7941,-73.9738,B02512,
2014-04-11 19:33:00,40.7298,-73.985,B02598,
2014-04-30 15:43:00,40.7763,-73.9502,B02598,
2014-04-12 23:39:00,40.7295,-74.0017,B02617,
2014-04-30 16:17:00,40.7922,-73.937,B02598,
2014-04-04 14:58:00,40.7374,-73.991,B02512,
2014-04-16 14:14:00,40.7305,-73.9986,B02598,
2014-04-09 11:40:00,40.7203,-74.0022,B02682,
2014-04-04 14:33:00,40.7506,-73.9741,B02598,
2014-04-25 21:44:00,40.7488,-73.9938,B02682,
2014-04-30 15:20:00,40.7302,-74.0082,B02598,
2014-04-15 17:29:00,40.7441,-73.9853,B02682,
2014-04-19 17:45:00,40.7391,-74.001,B02617,
2014-04-04 23:30:00,40.6866,-73.9983,B02617,
2014-04-29 23:14:00,40.7602,-73.9667,B02617,
2014-04-14 16:02:00,40.7256,-74.0052,B02682,
2014-04-05 22:43:00,40.7254,-73.9779,B02598,
2014-04-08 20:45:00,40.753,-73.9792,B02598,
2014-04-05 20:36:00,40.745,-73.9843,B02598,
2014-04-07 17:09:00,40.7556,-73.9864,B02598,
2014-04-19 05:55:00,40.7202,-73.9844,B02682,
2014-04-07 17:15:00,40.7214,-73.9947,B02682,
2014-04-09 21:02:00,40.6782,-73.9686,B02617,
2014-04-05 15:11:00,40.7579,-73.8447,B02617,
2014-04-22 08:15:00,40.6823,-73.939,B02682,
2014-04-24 06:12:00,40.6916,-73.9362,B02617,
2014-04-08 18:06:00,40.7344,-73.9935,B02598,
2014-04-03 08:41:00,40.7208,-73.985,B02598,
2014-04-29 19:04:00,40.7566,-73.9784,B02682,
2014-04-24 07:26:00,40.7615,-73.9998,B02598,
2014-04-23 14:35:00,40.7459,-74.0,B02598,
2014-04-29 15:26:00,40.7274,-73.9849,B02512,
2014-04-28 08:13:00,40.7221,-73.9815,B02764,
2014-04-15 18:35:00,40.7309,-74.0061,B02682,
2014-04-30 18:00:00,40.7031,-73.9867,B02682,
2014-04-03 19:48:00,40.7564,-73.9858,B02682,
2014-04-30 22:41:00,40.7595,-73.9811,B02598,
2014-04-21 12:01:00,40.7747,-73.9637,B02598,
2014-04-21 17:48:00,40.7493,-74.0031,B02598,
2014-04-23 20:21:00,40.7607,-73.974,B02598,
2014-04-21 11:27:00,40.7473,-73.9967,B02617,
2014-04-18 22:26:00,40.7296,-73.9916,B02682,
2014-04-24 13:46:00,40.7379,-73.9922,B02682,
2014-04-30 09:07:00,40.7702,-73.9807,B02617,
2014-04-02 16:58:00,40.7626,-73.9784,B02682,
2014-04-26 01:30:00,40.7415,-74.0071,B02598,
2014-04-10 15:07:00,40.7158,-74.008,B02598,
2014-04-04 17:34:00,40.7155,-74.0145,B02682,
2014-04-03 18:51:00,40.718,-73.998,B02682,
2014-04-21 04:37:00,40.7258,-73.9868,B02598,
2014-04-14 05:32:00,40.7247,-74.0101,B02617,
2014-04-13 18:21:00,40.734,-73.9998,B02682,
2014-04-06 00:14:00,40.7215,-73.9891,B02598,
2014-04-30 17:38:00,40.7498,-73.978,B02682,
2014-04-26 17:27:00,40.6293,-73.9052,B02598,
2014-04-15 18:18:00,40.7632,-73.9736,B02682,
2014-04-04 20:07:00,40.6976,-73.9967,B02617,
2014-04-07 21:07:00,40.7589,-73.9801,B02682,
2014-04-12 13:11:00,40.7518,-73.9764,B02598,
2014-04-09 18:56:00,40.7621,-73.974,B02682,
2014-04-23 12:47:00,40.7273,-74.0052,B02617,
2014-04-04 12:39:00,40.7421,-73.9927,B02598,
2014-04-06 13:05:00,40.701,-73.919,B02598,
2014-04-22 23:42:00,40.7513,-73.9939,B02598,
2014-04-03 22:07:00,40.7357,-73.9981,B02617,
2014-04-16 21:30:00,40.7597,-73.9807,B02598,
2014-04-01 13:11:00,40.7825,-73.9765,B02682,
2014-04-19 18:36:00,40.7634,-73.989,B02598,
2014-04-16 12:53:00,40.6854,-73.9251,B02598,
2014-04-16 18:26:00,40.5995,-73.9506,B02617,
2014-04-17 22:30:00,40.7215,-73.9988,B02682,
2014-04-02 10:25:00,40.7708,-73.9632,B02598,
2014-04-28 22:15:00,40.6979,-73.9695,B02682,
2014-04-05 19:21:00,40.7609,-73.9986,B02682,
2014-04-26 05:24:00,40.6418,-73.7881,B02617,
2014-04-14 21:53:00,40.6682,-73.9906,B02682,
2014-04-24 18:56:00,40.7709,-73.8659,B02617,
2014-04-23 21:46:00,40.7328,-74.0003,B02617,
2014-04-07 20:44:00,40.7313,-74.0031,B02598,
2014-04-05 14:33:00,40.7663,-73.9517,B02598,
2014-04-30 20:50:00,40.7619,-73.9859,B02512,
2014-04-21 23:28:00,40.6902,-73.9612,B02598,
2014-04-08 20:30:00,40.7502,-73.9945,B02598,
2014-04-30 09:25:00,40.7588,-73.974,B02682,
2014-04-30 10:31:00,40.7404,-74.002,B02617,
2014-04-02 19:50:00,40.6856,-73.943,B02682,
2014-04-02 15:21:00,40.7103,-73.9846,B02598,
2014-04-03 18:48:00,40.7559,-73.9744,B02598,
2014-04-28 21:36:00,40.7639,-73.9733,B02598,
2014-04-21 13:48:00,40.7072,-74.0046,B02598,
2014-04-27 21:59:00,40.721,-73.9567,B02598,
2014-04-17 18:49:00,40.6922,-73.9628,B02682,
2014-04-17 17:24:00,40.7419,-73.9809,B02512,
2014-04-23 20:15:00,40.7099,-74.0124,B02617,
2014-04-14 20:45:00,40.7357,-73.9951,B02598,
2014-04-21 08:30:00,40.7131,-73.9665,B02682,
2014-04-11 20:44:00,40.73,-74.0069,B02617,
2014-04-05 14:13:00,40.7226,-73.9951,B02512,
2014-04-03 18:23:00,40.746,-73.9884,B02682,
2014-04-18 15:37:00,40.7392,-73.983,B02598,
2014-04-30 17:04:00,40.7453,-73.9827,B02598,
2014-04-11 00:31:00,40.7332,-73.9598,B02682,
2014-04-22 12:50:00,40.755,-73.9714,B02682,
2014-04-14 12:31:00,40.7428,-74.0062,B02512,
2014-04-16 16:24:00,40.7495,-74.0043,B02617,
2014-04-30 16:16:00,40.7305,-74.009,B02682,
2014-04-26 15:45:00,40.753,-73.9928,B02617,
2014-04-02 15:25:00,40.7641,-73.9787,B02598,
2014-04-18 18:29:00,40.6564,-73.927,B02598,
2014-04-18 18:15:00,40.7662,-73.964,B02598,
2014-04-15 14:37:00,40.7653,-73.9756,B02682,
2014-04-26 22:11:00,40.7828,-73.9737,B02682,
2014-04-18 08:40:00,40.7301,-73.9806,B02598,
2014-04-11 03:39:00,40.8085,-73.9651,B02598,
2014-04-07 17:50:00,40.7657,-73.9705,B02682,
2014-04-14 18:24:00,40.7475,-73.9831,B02682,
2014-04-23 20:07:00,40.746,-74.0077,B02617,
2014-04-05 20:20:00,40.7649,-73.9879,B02617,
2014-04-20 20:35:00,40.7587,-73.9815,B02598,
2014-04-06 17:43:00,40.7319,-73.9998,B02682,
2014-04-11 14:38:00,40.7283,-74.0071,B02682,
2014-04-03 06:52:00,40.7462,-73.9457,B02682,
2014-04-23 18:04:00,40.7555,-73.9817,B02598,
2014-04-03 16:06:00,40.7163,-73.9903,B02682,
2014-04-30 20:41:00,40.753,-73.9719,B02682,
2014-04-27 21:40:00,40.7207,-74.0101,B02682,
2014-04-24 09:59:00,40.7182,-73.9998,B02617,
2014-04-03 19:24:00,40.7429,-73.952,B02598,
2014-04-27 14:20:00,40.7643,-73.9733,B02598,
2014-04-17 20:11:00,40.7384,-73.9877,B02598,
2014-04-02 05:03:00,40.6449,-73.7822,B02617,
2014-04-26 23:13:00,40.7265,-73.9862,B02682,
2014-04-17 14:16:00,40.7533,-73.9347,B02598,
2014-04-25 12:26:00,40.7715,-73.9816,B02682,
2014-04-03 19:25:00,40.7462,-73.9792,B02598,
2014-04-17 18:16:00,40.6962,-73.9925,B02598,
2014-04-07 17:29:00,40.7733,-73.9624,B02598,
2014-04-09 23:25:00,40.7051,-74.0105,B02617,
2014-04-05 17:28:00,40.7665,-73.9687,B02617,
2014-04-29 18:31:00,40.8085,-73.9591,B02598,
2014-04-25 14:33:00,40.6769,-73.9986,B02598,
2014-04-15 21:41:00,40.736,-73.9912,B02598,
2014-04-18 07:58:00,40.7652,-73.9616,B02682,
2014-04-01 07:05:00,40.7218,-74.002,B02617,
2014-04-06 12:59:00,40.77,-73.8643,B02682,
2014-04-03 18:54:00,40.7637,-73.9817,B02617,
2014-04-08 08:41:00,40.73,-73.9807,B02598,
2014-04-19 11:22:00,40.7346,-73.9925,B02682,
2014-04-01 17:12:00,40.6898,-73.9782,B02512,
2014-04-13 22:15:00,40.7343,-73.9805,B02598,
2014-04-03 22:47:00,40.7301,-74.0004,B02682,
2014-04-15 06:45:00,40.7567,-73.9742,B02598,
2014-04-30 12:45:00,40.782,-73.9574,B02512,
2014-04-25 05:27:00,40.7833,-73.9492,B02682,
2014-04-11 05:30:00,40.7359,-73.9858,B02617,
2014-04-17 17:53:00,40.7531,-73.9771,B02682,
2014-04-13 00:29:00,40.7416,-73.9931,B02617,
2014-04-09 16:52:00,40.7435,-73.9923,B02682,
2014-04-30 17:09:00,40.7243,-74.0079,B02598,
2014-04-25 16:39:00,40.7739,-73.8725,B02598,
2014-04-19 16:58:00,40.7354,-73.994,B02682,
2014-04-25 18:28:00,40.7386,-73.9866,B02682,
2014-04-13 18:43:00,40.7368,-73.9805,B02598,
2014-04-04 08:51:00,40.7611,-73.9577,B02682,
2014-04-08 14:08:00,40.7572,-73.9856,B02512,
2014-04-26 01:37:00,40.7419,-74.0036,B02682,
2014-04-03 01:14:00,40.7414,-73.9876,B02598,
2014-04-14 11:48:00,40.7753,-73.9836,B02682,
2014-04-06 12:48:00,40.7493,-73.9725,B02598,
2014-04-18 23:10:00,40.7325,-74.0079,B02682,
2014-04-11 12:33:00,40.7415,-73.985,B02682,
2014-04-23 06:45:00,40.6937,-73.9836,B02682,
2014-04-04 12:50:00,40.722,-73.9834,B02617,
2014-04-29 20:14:00,40.645,-73.7819,B02682,
2014-04-12 22:49:00,40.6791,-73.9718,B02682,
2014-04-28 15:03:00,40.7409,-73.9901,B02682,
2014-04-15 23:24:00,40.7639,-73.9775,B02617,
2014-04-30 12:42:00,40.7709,-73.8659,B02512,
2014-04-30 15:09:00,40.758,-73.9717,B02512,
2014-04-10 08:01:00,40.7789,-73.9799,B02617,
2014-04-07 19:11:00,40.7548,-73.9645,B02617,
2014-04-10 16:10:00,40.7748,-73.9845,B02682,
2014-04-16 17:24:00,40.7488,-73.9911,B02617,
2014-04-26 22:03:00,40.7403,-73.9904,B02617,
2014-04-30 14:55:00,40.7543,-73.9905,B02598,
2014-04-29 06:31:00,40.771,-73.9478,B02598,
2014-04-18 20:25:00,40.724,-73.9825,B02598,
2014-04-25 13:15:00,40.7214,-73.9807,B02764,
2014-04-03 19:49:00,40.7584,-73.9751,B02682,
2014-04-17 10:10:00,40.7461,-74.0051,B02598,
2014-04-02 06:33:00,40.7929,-73.9672,B02682,
2014-04-07 18:59:00,40.7751,-73.9637,B02617,
2014-04-26 13:02:00,40.7602,-73.9754,B02598,
2014-04-21 23:06:00,40.7287,-74.0016,B02598,
2014-04-29 08:01:00,40.7339,-74.0062,B02617,
2014-04-04 13:15:00,40.742,-73.9748,B02682,
2014-04-06 00:32:00,40.7452,-74.0004,B02617,
2014-04-30 15:18:00,40.7517,-73.9923,B02598,
2014-04-26 19:25:00,40.7463,-73.9874,B02682,
2014-04-02 06:53:00,40.7406,-73.9789,B02682,
2014-04-25 21:49:00,40.6885,-73.9124,B02598,
2014-04-25 22:04:00,40.7791,-73.9547,B02682,
2014-04-18 12:26:00,40.7249,-73.9924,B02682,
2014-04-28 09:40:00,40.7318,-74.0034,B02617,
2014-04-05 17:13:00,40.6928,-73.9718,B02598,
2014-04-26 22:47:00,40.7216,-74.0097,B02512,
2014-04-17 06:35:00,40.7454,-73.9887,B02598,
2014-04-15 18:07:00,40.759,-73.9802,B02682,
2014-04-03 09:41:00,40.78,-73.9568,B02617,
2014-04-21 19:45:00,40.7409,-73.9878,B02682,
2014-04-14 10:40:00,40.7552,-73.9751,B02682,
2014-04-23 18:46:00,40.765,-73.9821,B02598,
2014-04-20 21:50:00,40.75,-73.9951,B02682,
2014-04-10 01:25:00,40.7212,-73.9832,B02682,
2014-04-30 18:16:00,40.7779,-73.9609,B02617,
2014-04-30 10:48:00,40.7301,-73.9928,B02598,
2014-04-11 16:20:00,40.7469,-74.0061,B02764,
2014-04-30 16:39:00,40.7666,-73.9539,B02682,
2014-04-13 09:09:00,40.7308,-73.9929,B02512,
2014-04-18 10:58:00,40.7443,-73.9804,B02598,
2014-04-23 19:25:00,40.7256,-74.0055,B02682,
2014-04-26 21:09:00,40.7723,-73.9826,B02598,
2014-04-14 04:59:00,40.6882,-73.9589,B02598,
2014-04-09 18:08:00,40.7646,-73.9784,B02598,
2014-04-15 06:38:00,40.7388,-74.006,B02682,
2014-04-28 16:57:00,40.7151,-73.9965,B02682,
2014-04-12 15:55:00,40.7529,-73.9779,B02682,
2014-04-22 18:17:00,40.7563,-73.9707,B02682,
2014-04-04 22:21:00,40.7308,-74.0045,B02617,
2014-04-22 15:19:00,40.7614,-73.9714,B02682,
2014-04-23 10:29:00,40.8116,-73.952,B02598,
2014-04-24 14:10:00,40.72,-74.0052,B02682,
2014-04-07 17:37:00,40.7806,-74.008,B02682,
2014-04-30 19:57:00,40.7508,-73.9944,B02617,
2014-04-22 16:31:00,40.7116,-74.0076,B02682,
2014-04-24 16:15:00,40.7445,-73.9908,B02682,
2014-04-27 21:03:00,40.6629,-73.993,B02617,
2014-04-15 17:07:00,40.7507,-73.9788,B02598,
2014-04-30 17:22:00,40.7023,-74.0118,B02598,
2014-04-29 22:11:00,40.7589,-73.9839,B02682,
2014-04-02 08:03:00,40.7608,-73.9962,B02682,
2014-04-11 14:14:00,40.7117,-74.0082,B02598,
2014-04-12 14:16:00,40.7708,-73.9823,B02598,
2014-04-28 11:34:00,40.6971,-73.9585,B02682,
2014-04-30 12:01:00,40.7639,-73.9826,B02617,
2014-04-30 18:24:00,40.7595,-73.9731,B02598,
2014-04-16 17:12:00,40.7591,-73.9921,B02682,
2014-04-02 16:05:00,40.759,-73.9762,B02598,
2014-04-27 16:32:00,40.7191,-74.0051,B02598,
2014-04-06 08:46:00,40.7608,-73.9613,B02682,
2014-04-25 21:37:00,40.7732,-73.8858,B02682,
2014-04-11 14:27:00,40.7546,-73.9895,B02598,
2014-04-19 00:48:00,40.7211,-73.9878,B02598,
2014-04-05 17:40:00,40.7756,-73.9436,B02617,
2014-04-13 11:02:00,40.7233,-73.9912,B02682,
2014-04-30 13:52:00,40.7193,-73.9888,B02598,
2014-04-01 06:54:00,40.7704,-73.8651,B02598,
2014-04-09 08:45:00,40.7829,-73.9838,B02598,
2014-04-29 13:28:00,40.7453,-73.9767,B02598,
2014-04-27 16:43:00,40.6461,-73.7768,B02682,
2014-04-25 21:31:00,40.7377,-73.9936,B02598,
2014-04-24 18:50:00,40.7208,-73.9974,B02617,
2014-04-17 18:56:00,40.6945,-73.9568,B02682,
2014-04-25 05:07:00,40.723,-73.9447,B02682,
2014-04-30 16:10:00,40.7632,-73.9724,B02682,
2014-04-09 12:15:00,40.7686,-73.987,B02598,
2014-04-22 18:02:00,40.7469,-73.9849,B02598,
2014-04-07 20:58:00,40.7348,-73.9929,B02682,
2014-04-20 19:33:00,40.7551,-73.9808,B02598,
2014-04-07 19:48:00,40.7556,-73.9751,B02617,
2014-04-07 06:50:00,40.7684,-73.8624,B02598,
2014-04-05 21:04:00,40.753,-73.9838,B02598,
2014-04-02 20:33:00,40.7508,-73.9863,B02764,
2014-04-17 16:48:00,40.7263,-73.996,B02682,
2014-04-15 11:10:00,40.7642,-73.9809,B02617,
2014-04-03 04:26:00,40.7771,-73.9594,B02598,
2014-04-04 21:08:00,40.7227,-73.9978,B02512,
2014-04-01 19:59:00,40.805,-73.9545,B02617,
2014-04-23 15:18:00,40.7178,-74.0127,B02598,
2014-04-25 14:56:00,40.7147,-73.9637,B02598,
2014-04-25 15:59:00,40.7632,-73.9825,B02682,
2014-04-26 01:35:00,40.7325,-73.9969,B02617,
2014-04-14 12:55:00,40.733,-74.0039,B02617,
2014-04-22 16:02:00,40.7555,-73.9838,B02512,
2014-04-03 08:12:00,40.775,-73.9905,B02617,
2014-04-06 01:05:00,40.6557,-73.6456,B02682,
2014-04-26 15:18:00,40.6463,-73.7911,B02682,
2014-04-10 18:07:00,41.0322,-73.7692,B02598,
2014-04-16 11:11:00,40.7552,-73.9711,B02617,
2014-04-07 08:51:00,40.7367,-73.9787,B02682,
2014-04-12 09:59:00,40.7105,-73.9655,B02598,
2014-04-08 17:49:00,40.7575,-73.9778,B02598,
2014-04-02 16:05:00,40.7395,-73.9941,B02682,
2014-04-08 19:58:00,40.7509,-73.9727,B02598,
2014-04-07 20:56:00,40.6753,-73.9813,B02682,
2014-04-02 04:51:00,40.7203,-73.9543,B02682,
2014-04-23 06:51:00,40.7217,-73.9945,B02598,
2014-04-14 15:05:00,40.7306,-73.9743,B02598,
2014-04-29 04:50:00,40.7459,-73.9917,B02598,
2014-04-01 10:43:00,40.7622,-73.9741,B02682,
2014-04-02 16:13:00,40.7262,-73.996,B02682,
2014-04-26 19:26:00,40.7334,-74.0042,B02617,
2014-04-24 19:57:00,40.6844,-73.9667,B02682,
2014-04-02 11:55:00,40.705,-74.0113,B02512,
2014-04-03 20:48:00,40.7379,-74.0045,B02682,
2014-04-25 17:09:00,40.7589,-73.9721,B02512,
2014-04-30 05:34:00,40.6708,-73.9773,B02682,
2014-04-07 09:37:00,40.7766,-73.9628,B02682,
2014-04-10 11:28:00,40.7627,-73.9699,B02598,
2014-04-07 06:39:00,40.7821,-73.9763,B02682,
2014-04-22 03:39:00,40.7355,-74.0081,B02598,
2014-04-16 07:30:00,40.7609,-73.9118,B02682,
2014-04-06 21:46:00,40.7519,-73.9937,B02598,
2014-04-22 07:40:00,40.7382,-74.0084,B02512,
2014-04-21 06:46:00,40.7582,-73.965,B02682,
2014-04-13 09:15:00,40.7897,-73.8517,B02682,
2014-04-23 19:16:00,40.7116,-74.0105,B02617,
2014-04-10 18:35:00,40.7646,-73.9705,B02617,
2014-04-17 14:25:00,40.7555,-73.9681,B02598,
2014-04-30 16:20:00,40.7665,-73.9884,B02682,
2014-04-27 12:39:00,40.7376,-74.0051,B02682,
2014-04-05 20:40:00,40.7549,-73.9705,B02598,
2014-04-30 06:19:00,40.6465,-73.7893,B02598,
2014-04-15 12:12:00,40.6894,-73.9915,B02682,
2014-04-21 18:59:00,40.7613,-73.9832,B02598,
2014-04-16 05:47:00,40.7212,-74.0013,B02617,
2014-04-11 22:23:00,40.7396,-74.0022,B02598,
2014-04-10 17:27:00,40.7431,-74.0076,B02682,
2014-04-18 15:49:00,40.7433,-73.9913,B02617,
2014-04-30 14:55:00,40.7515,-73.9939,B02598,
2014-04-15 22:37:00,40.7739,-73.8716,B02598,
2014-04-14 13:37:00,40.7749,-73.9908,B02682,
2014-04-23 07:24:00,40.7232,-74.0031,B02682,
2014-04-06 08:05:00,40.7739,-73.8736,B02682,
2014-04-18 11:18:00,40.7397,-73.9929,B02764,
2014-04-29 16:07:00,40.76,-73.972,B02512,
2014-04-03 15:05:00,40.695,-74.1782,B02682,
2014-04-12 07:38:00,40.7118,-74.0078,B02682,
2014-04-28 23:08:00,40.647,-73.789,B02682,
2014-04-03 22:35:00,40.8779,-73.8574,B02617,
2014-04-28 12:43:00,40.708,-74.0093,B02617,
2014-04-01 06:42:00,40.8678,-73.9641,B02682,
2014-04-10 06:40:00,40.7926,-73.9734,B02598,
2014-04-25 15:13:00,40.7175,-73.9954,B02598,
2014-04-02 09:04:00,40.7641,-73.9789,B02598,
2014-04-01 17:19:00,40.7319,-73.9955,B02682,
2014-04-23 12:24:00,40.7627,-73.9684,B02617,
2014-04-26 17:41:00,40.7617,-73.9785,B02598,
2014-04-30 13:28:00,40.717,-74.0091,B02598,
2014-04-29 06:19:00,40.719,-73.9641,B02598,
2014-04-05 15:32:00,40.716,-74.0121,B02682,
2014-04-24 21:59:00,40.7381,-74.0307,B02682,
2014-04-03 17:36:00,40.7425,-73.9869,B02617,
2014-04-18 20:30:00,40.7452,-73.9943,B02617,
2014-04-10 18:10:00,40.767,-73.9676,B02764,
2014-04-03 16:44:00,40.7563,-73.9642,B02598,
2014-04-26 21:22:00,40.6921,-74.0001,B02598,
2014-04-02 09:51:00,40.7645,-73.9797,B02512,
2014-04-27 05:06:00,40.7112,-74.0053,B02598,
2014-04-16 17:19:00,40.7447,-73.9949,B02682,
2014-04-07 22:31:00,40.7755,-73.9601,B02682,
2014-04-20 10:28:00,40.7179,-73.9933,B02598,
2014-04-30 23:54:00,40.7249,-73.9984,B02598,
2014-04-01 09:57:00,40.8135,-73.9352,B02682,
2014-04-10 22:14:00,40.7677,-73.9811,B02682,
2014-04-26 00:39:00,40.7234,-74.0103,B02598,
2014-04-30 00:11:00,40.7739,-73.8714,B02682,
2014-04-30 20:29:00,40.7625,-73.9861,B02682,
2014-04-02 14:29:00,40.7522,-73.9869,B02682,
2014-04-22 11:06:00,40.8041,-73.9643,B02682,
2014-04-11 17:30:00,40.7306,-73.9924,B02682,
2014-04-04 08:12:00,40.7272,-73.9862,B02598,
2014-04-09 17:17:00,40.7208,-73.9985,B02682,
2014-04-30 10:41:00,40.7806,-73.956,B02682,
2014-04-27 20:23:00,40.7752,-73.9633,B02682,
2014-04-12 21:40:00,40.7591,-73.9884,B02682,
2014-04-04 21:10:00,40.7269,-73.9946,B02682,
2014-04-24 16:18:00,40.7942,-73.9666,B02512,
2014-04-21 04:26:00,40.7363,-73.988,B02598,
2014-04-19 13:42:00,40.6844,-73.9338,B02682,
2014-04-26 18:41:00,40.717,-73.9655,B02682,
2014-04-24 20:28:00,40.7574,-73.9777,B02617,
2014-04-30 14:36:00,40.7379,-73.996,B02512,
2014-04-30 13:53:00,40.7055,-74.0092,B02682,
2014-04-14 07:43:00,40.7341,-73.9775,B02682,
2014-04-17 15:30:00,40.7332,-73.991,B02682,
2014-04-25 13:20:00,40.7042,-74.009,B02617,
2014-04-22 05:24:00,40.8027,-73.9396,B02598,
2014-04-12 14:07:00,40.7259,-74.0057,B02682,
2014-04-03 18:25:00,40.7681,-73.862,B02682,
2014-04-21 06:05:00,40.724,-73.9788,B02682,
2014-04-10 08:05:00,40.7238,-73.9762,B02682,
2014-04-30 15:51:00,40.7646,-73.9707,B02682,
2014-04-30 17:53:00,40.7686,-73.8627,B02598,
2014-04-06 05:58:00,40.6443,-73.7835,B02598,
2014-04-30 15:00:00,40.7395,-73.9942,B02682,
2014-04-20 01:40:00,40.6849,-73.9491,B02682,
2014-04-07 18:34:00,40.7154,-74.0109,B02682,
2014-04-12 00:52:00,40.738,-73.988,B02598,
2014-04-04 19:12:00,40.7418,-73.9989,B02764,
2014-04-05 20:50:00,40.6336,-74.0142,B02764,
2014-04-25 03:57:00,40.7077,-74.0069,B02598,
2014-04-02 07:02:00,40.778,-73.9844,B02682,
2014-04-25 22:43:00,40.7617,-73.965,B02682,
2014-04-04 14:17:00,40.7445,-73.9909,B02682,
2014-04-17 15:02:00,40.7143,-74.015,B02598,
2014-04-05 10:18:00,40.6763,-73.9713,B02682,
2014-04-06 00:12:00,40.6794,-73.9651,B02682,
2014-04-04 19:07:00,40.7589,-73.9729,B02682,
2014-04-29 17:32:00,40.7699,-73.9609,B02598,
2014-04-12 13:33:00,40.746,-73.9766,B02682,
2014-04-29 23:08:00,40.7683,-73.9511,B02598,
2014-04-12 06:51:00,40.7282,-73.9999,B02682,
2014-04-24 11:08:00,40.7731,-73.9664,B02512,
2014-04-20 19:53:00,40.7685,-73.8873,B02617,
2014-04-11 17:54:00,40.7703,-73.9661,B02682,
2014-04-15 22:21:00,40.769,-73.8633,B02682,
2014-04-30 20:16:00,40.742,-73.9982,B02682,
2014-04-27 00:37:00,40.6372,-73.9681,B02682,
2014-04-19 22:07:00,40.77,-73.9926,B02682,
2014-04-04 18:20:00,40.7601,-73.9946,B02598,
2014-04-19 14:50:00,40.6954,-73.9872,B02682,
2014-04-28 15:30:00,40.7554,-73.9834,B02598,
2014-04-26 14:25:00,40.7622,-73.9745,B02682,
2014-04-22 16:40:00,40.7241,-73.9849,B02598,
2014-04-05 14:30:00,40.7164,-74.0109,B02682,
2014-04-26 15:56:00,40.7532,-73.9811,B02682,
2014-04-10 20:14:00,40.8029,-73.9202,B02598,
2014-04-11 00:00:00,40.8014,-73.9603,B02682,
2014-04-13 12:46:00,40.7514,-73.9938,B02598,
2014-04-29 07:56:00,40.7475,-74.0057,B02617,
2014-04-02 15:19:00,40.7096,-74.0114,B02598,
2014-04-19 18:14:00,40.7613,-73.9779,B02682,
2014-04-05 20:37:00,40.7605,-73.9846,B02682,
2014-04-16 23:14:00,40.7603,-73.9701,B02598,
2014-04-22 16:30:00,40.7589,-73.9723,B02682,
2014-04-22 12:37:00,40.7455,-73.9716,B02598,
2014-04-05 20:18:00,40.7199,-73.988,B02682,
2014-04-11 17:10:00,40.7613,-73.9838,B02764,
2014-04-21 19:55:00,40.7545,-73.9841,B02617,
2014-04-17 14:31:00,40.7281,-74.0037,B02617,
2014-04-10 18:21:00,40.6679,-73.9451,B02598,
2014-04-29 07:54:00,40.7342,-73.9851,B02682,
2014-04-01 15:45:00,40.7639,-73.9733,B02617,
2014-04-28 18:41:00,40.7739,-73.8717,B02598,
2014-04-08 08:22:00,40.7759,-73.8919,B02598,
2014-04-30 11:53:00,40.7606,-73.9816,B02682,
2014-04-26 19:18:00,40.7215,-74.0104,B02682,
2014-04-26 09:24:00,40.6465,-74.0079,B02617,
2014-04-05 18:56:00,40.753,-73.9813,B02617,
2014-04-17 16:47:00,40.7543,-73.9719,B02682,
2014-04-28 06:59:00,40.799,-73.9688,B02598,
2014-04-09 07:54:00,40.7591,-73.9884,B02682,
2014-04-09 00:15:00,40.732,-74.0066,B02682,
2014-04-04 20:40:00,40.7118,-74.0078,B02617,
2014-04-14 07:50:00,40.7266,-73.9994,B02764,
2014-04-04 17:41:00,40.7297,-74.0112,B02598,
2014-04-20 23:16:00,40.7222,-73.9887,B02598,
2014-04-06 10:57:00,40.7396,-73.9963,B02682,
2014-04-26 19:39:00,40.7492,-73.9766,B02598,
2014-04-16 20:36:00,40.7536,-73.9849,B02682,
2014-04-06 01:03:00,40.6813,-73.9415,B02682,
2014-04-10 20:21:00,40.7264,-74.009,B02682,
2014-04-05 23:40:00,40.721,-73.9937,B02682,
2014-04-09 19:54:00,40.7727,-73.9896,B02682,
2014-04-04 11:47:00,40.742,-73.9845,B02598,
2014-04-06 01:38:00,40.7406,-74.0065,B02617,
2014-04-23 19:20:00,40.7759,-73.9552,B02617,
2014-04-23 18:37:00,40.7508,-74.004,B02682,
2014-04-25 23:44:00,40.7522,-73.9898,B02598,
2014-04-24 16:48:00,40.6754,-73.9707,B02598,
2014-04-06 05:50:00,40.7118,-73.9236,B02682,
2014-04-17 17:48:00,40.7475,-73.9844,B02682,
2014-04-10 21:25:00,40.7551,-73.9839,B02598,
2014-04-21 18:38:00,40.742,-74.0046,B02598,
2014-04-28 16:36:00,40.7557,-73.9882,B02598,
2014-04-20 03:56:00,40.7142,-73.9949,B02617,
2014-04-29 08:58:00,40.7334,-73.9779,B02598,
2014-04-22 06:05:00,40.766,-73.9848,B02598,
2014-04-23 07:20:00,40.6886,-73.985,B02598,
2014-04-02 21:32:00,40.7279,-73.9911,B02617,
2014-04-22 17:19:00,40.7527,-73.9847,B02682,
2014-04-03 18:40:00,40.7385,-73.9843,B02598,
2014-04-26 06:35:00,40.7346,-73.9829,B02617,
2014-04-21 22:22:00,40.6694,-73.9283,B02598,
2014-04-27 21:14:00,40.6882,-73.9402,B02617,
2014-04-24 17:28:00,40.758,-73.9818,B02512,
2014-04-17 19:56:00,40.7429,-73.9347,B02617,
2014-04-29 10:48:00,40.7223,-73.9969,B02617,
2014-04-24 21:35:00,40.6871,-73.9913,B02682,
2014-04-04 07:21:00,40.7327,-73.9876,B02682,
2014-04-15 21:39:00,40.7231,-73.9976,B02682,
2014-04-02 06:23:00,40.7868,-73.9812,B02682,
2014-04-19 01:20:00,40.7441,-74.0066,B02682,
2014-04-08 20:54:00,40.7131,-73.9576,B02617,
2014-04-24 22:01:00,40.7335,-73.9997,B02682,
2014-04-24 22:28:00,40.7588,-73.9886,B02682,
2014-04-04 22:48:00,40.7641,-73.9789,B02682,
2014-04-30 08:15:00,40.7325,-73.976,B02682,
2014-04-10 07:13:00,40.7828,-73.9554,B02682,
2014-04-03 19:21:00,40.7677,-73.9821,B02617,
2014-04-04 16:23:00,40.7719,-73.9516,B02617,
2014-04-12 10:46:00,40.7684,-73.9554,B02682,
2014-04-03 08:24:00,40.7462,-73.991,B02598,
2014-04-17 18:24:00,40.7568,-73.9633,B02617,
2014-04-04 17:23:00,40.7152,-74.013,B02617,
2014-04-26 09:18:00,40.6799,-73.9496,B02682,
2014-04-25 21:24:00,40.7283,-73.9892,B02512,
2014-04-11 08:53:00,40.7103,-74.0099,B02617,
2014-04-14 10:29:00,40.7368,-74.01,B02682,
2014-04-12 17:50:00,40.7517,-74.0078,B02682,
2014-04-09 20:49:00,40.7624,-73.9864,B02598,
2014-04-26 11:09:00,40.7292,-73.9909,B02682,
2014-04-09 21:25:00,40.7597,-73.9896,B02682,
2014-04-05 16:52:00,40.6678,-73.9835,B02682,
2014-04-10 21:06:00,40.7636,-73.9749,B02682,
2014-04-04 15:39:00,40.7472,-73.9813,B02682,
2014-04-21 20:10:00,40.7594,-73.987,B02682,
2014-04-05 00:06:00,40.7201,-74.0099,B02617,
2014-04-19 15:51:00,40.6457,-73.7767,B02617,
2014-04-07 05:51:00,40.7182,-73.9514,B02682,
2014-04-27 16:02:00,40.7516,-73.9939,B02598,
2014-04-13 12:44:00,40.7212,-74.0017,B02598,
2014-04-30 10:10:00,40.7389,-73.9874,B02598,
2014-04-15 15:51:00,40.7685,-73.9915,B02598,
2014-04-01 12:12:00,40.7737,-73.964,B02682,
2014-04-17 11:39:00,40.7049,-74.0071,B02682,
2014-04-01 07:42:00,40.7352,-74.0018,B02682,
2014-04-29 09:06:00,40.6724,-73.9532,B02617,
2014-04-05 14:55:00,40.7644,-73.9767,B02512,
2014-04-27 16:22:00,40.7082,-74.0064,B02617,
2014-04-11 18:57:00,40.7387,-73.9906,B02682,
2014-04-29 17:03:00,40.7595,-73.9723,B02598,
2014-04-21 00:08:00,40.7463,-74.0008,B02598,
2014-04-04 13:26:00,40.777,-73.9594,B02598,
2014-04-25 21:34:00,40.7601,-73.984,B02598,
2014-04-11 17:52:00,40.7262,-73.9986,B02598,
2014-04-05 20:06:00,40.6589,-73.9893,B02617,
2014-04-30 18:12:00,40.6503,-74.0236,B02598,
2014-04-19 15:27:00,40.7618,-73.9827,B02682,
2014-04-29 10:06:00,40.7545,-73.9849,B02598,
2014-04-11 15:40:00,40.7154,-74.0094,B02682,
2014-04-30 20:36:00,40.769,-73.9596,B02598,
2014-04-21 11:59:00,40.7364,-73.9966,B02598,
2014-04-24 02:14:00,40.8175,-73.941,B02617,
2014-04-15 09:06:00,40.6495,-73.9733,B02682,
2014-04-15 20:59:00,40.7208,-74.005,B02682,
2014-04-13 15:18:00,40.6716,-73.916,B02598,
2014-04-02 07:22:00,40.7217,-73.9837,B02682,
2014-04-15 22:43:00,40.714,-73.9443,B02682,
2014-04-28 12:37:00,40.6821,-74.0028,B02764,
2014-04-05 01:17:00,40.7336,-74.0062,B02598,
2014-04-19 19:54:00,40.7283,-73.8914,B02682,
2014-04-04 11:46:00,40.7822,-73.9599,B02682,
2014-04-07 08:01:00,40.7601,-73.9612,B02682,
2014-04-26 20:19:00,40.7261,-73.9917,B02682,
2014-04-13 16:34:00,40.6747,-73.9406,B02682,
2014-04-07 04:32:00,40.7381,-73.991,B02682,
2014-04-28 22:07:00,40.8589,-73.9305,B02682,
2014-04-21 16:21:00,40.753,-73.9967,B02682,
2014-04-07 17:00:00,40.7761,-73.9572,B02512,
2014-04-14 09:48:00,40.7727,-73.9464,B02682,
2014-04-05 20:47:00,40.735,-73.9892,B02682,
2014-04-15 12:08:00,40.6942,-73.815,B02682,
2014-04-18 02:06:00,40.715,-73.9928,B02598,
2014-04-04 18:03:00,40.7571,-73.9935,B02682,
2014-04-08 15:10:00,40.7586,-73.9687,B02682,
2014-04-24 19:25:00,40.7246,-73.9916,B02598,
2014-04-08 22:04:00,40.7283,-73.9887,B02617,
2014-04-01 19:34:00,40.7553,-73.9705,B02682,
2014-04-28 05:34:00,40.6417,-73.7888,B02598,
2014-04-17 13:59:00,40.7395,-74.0065,B02682,
2014-04-05 12:07:00,40.6965,-73.9892,B02617,
2014-04-12 08:53:00,40.7441,-73.9916,B02682,
2014-04-06 13:08:00,40.7031,-74.0123,B02682,
2014-04-04 20:10:00,40.7682,-73.9824,B02682,
2014-04-05 16:05:00,40.7463,-73.9793,B02598,
2014-04-26 10:25:00,40.7745,-73.9829,B02598,
2014-04-10 23:09:00,40.7178,-74.006,B02682,
2014-04-20 06:03:00,40.6849,-73.9817,B02682,
2014-04-03 19:45:00,40.7128,-73.9888,B02617,
2014-04-15 23:14:00,40.774,-73.8722,B02682,
2014-04-07 16:38:00,40.7647,-73.97,B02682,
2014-04-04 18:12:00,40.7631,-73.9624,B02682,
2014-04-02 16:54:00,40.8002,-73.9712,B02682,
2014-04-22 14:44:00,40.7773,-73.9594,B02682,
2014-04-09 08:03:00,40.7498,-73.9994,B02598,
2014-04-09 23:07:00,40.7596,-73.9873,B02598,
2014-04-14 22:48:00,40.7193,-74.0089,B02598,
2014-04-24 18:39:00,40.7393,-73.9882,B02682,
2014-04-24 17:44:00,40.7735,-73.945,B02598,
2014-04-30 15:08:00,40.6917,-74.1782,B02682,
2014-04-16 21:19:00,40.7502,-73.9833,B02682,
2014-04-16 05:36:00,40.7491,-73.9737,B02598,
2014-04-11 19:02:00,40.7031,-74.0121,B02598,
2014-04-13 13:24:00,40.7661,-73.9797,B02682,
2014-04-30 23:28:00,40.7407,-74.007,B02682,
2014-04-02 12:20:00,40.7454,-74.0008,B02598,
2014-04-26 01:03:00,40.7006,-73.9241,B02682,
2014-04-25 17:30:00,40.7388,-74.0081,B02598,
2014-04-15 19:05:00,40.7709,-73.9836,B02598,
2014-04-28 17:00:00,40.7551,-73.9751,B02598,
2014-04-16 23:39:00,40.7223,-73.9575,B02682,
2014-04-28 12:57:00,40.7571,-73.979,B02682,
2014-04-22 16:12:00,40.7542,-73.974,B02617,
2014-04-23 22:15:00,40.7493,-73.9925,B02598,
2014-04-09 08:42:00,40.7604,-73.9585,B02682,
2014-04-13 15:35:00,40.7487,-73.9752,B02617,
2014-04-11 16:29:00,40.7451,-73.9941,B02598,
2014-04-10 12:15:00,40.653,-73.7337,B02682,
2014-04-09 17:26:00,40.7823,-73.9724,B02598,
2014-04-26 13:56:00,40.8003,-73.9695,B02598,
2014-04-10 20:47:00,40.7341,-73.9997,B02682,
2014-04-07 22:20:00,40.7143,-73.9872,B02617,
2014-04-23 22:49:00,40.7683,-73.8672,B02598,
2014-04-25 08:36:00,40.7666,-73.9783,B02598,
2014-04-26 17:57:00,40.7292,-73.9794,B02682,
2014-04-29 17:44:00,40.7603,-73.9803,B02512,
2014-04-29 12:21:00,40.7146,-73.965,B02617,
2014-04-14 22:11:00,40.7233,-73.9885,B02682,
2014-04-30 21:14:00,40.7581,-73.9625,B02598,
2014-04-23 23:02:00,40.6949,-74.1783,B02682,
2014-04-04 08:01:00,40.7438,-73.9997,B02682,
2014-04-12 01:55:00,40.7202,-73.9931,B02682,
2014-04-02 15:01:00,40.7232,-74.0017,B02617,
2014-04-06 00:40:00,40.7401,-74.0032,B02598,
2014-04-30 20:06:00,41.0528,-73.5365,B02682,
2014-04-16 21:07:00,40.7123,-73.9641,B02682,
2014-04-03 06:52:00,40.7787,-73.9478,B02617,
2014-04-02 09:10:00,40.7553,-73.9677,B02682,
2014-04-18 13:02:00,40.7309,-73.9919,B02512,
2014-04-29 09:13:00,40.7531,-73.9966,B02682,
2014-04-07 07:19:00,40.7154,-73.9553,B02682,
2014-04-18 16:21:00,40.7038,-73.9866,B02682,
2014-04-24 16:04:00,40.7698,-73.9585,B02598,
2014-04-12 21:16:00,40.7436,-73.9842,B02682,
2014-04-14 17:04:00,40.7605,-73.982,B02598,
2014-04-21 12:24:00,40.7165,-74.0081,B02682,
2014-04-17 21:32:00,40.734,-73.9891,B02682,
2014-04-28 10:31:00,40.7727,-73.8738,B02598,
2014-04-27 01:01:00,40.7847,-73.9497,B02764,
2014-04-14 16:36:00,40.7622,-73.9763,B02598,
2014-04-22 21:56:00,40.7442,-74.0052,B02682,
2014-04-17 17:25:00,40.7502,-73.9731,B02682,
2014-04-23 20:07:00,40.7422,-73.9933,B02617,
2014-04-30 20:35:00,40.7599,-74.0224,B02617,
2014-04-16 21:04:00,40.7028,-73.9867,B02682,
2014-04-29 21:16:00,40.7405,-74.0057,B02682,
2014-04-11 11:23:00,40.7063,-74.0129,B02682,
2014-04-25 20:01:00,40.7535,-73.975,B02598,
2014-04-12 12:20:00,40.7369,-74.0038,B02682,
2014-04-24 18:21:00,40.7499,-73.9914,B02682,
2014-04-17 09:05:00,40.7375,-74.0077,B02598,
2014-04-11 07:06:00,40.7687,-73.9208,B02598,
2014-04-22 20:46:00,40.6861,-73.9742,B02617,
2014-04-30 18:58:00,40.7542,-73.9727,B02764,
2014-04-18 06:31:00,40.7729,-73.9799,B02682,
2014-04-13 17:15:00,40.6432,-73.7896,B02598,
2014-04-01 20:47:00,40.7565,-73.983,B02682,
2014-04-05 23:17:00,40.8982,-73.8673,B02682,
2014-04-26 20:39:00,40.757,-74.0013,B02682,
2014-04-26 15:41:00,40.758,-73.9642,B02682,
2014-04-19 21:10:00,40.7229,-73.9946,B02682,
2014-04-24 19:42:00,40.7324,-74.0004,B02682,
2014-04-17 11:33:00,40.7515,-73.9903,B02598,
2014-04-04 21:27:00,40.7419,-74.0035,B02682,
2014-04-12 23:52:00,40.731,-74.0046,B02682,
2014-04-23 09:46:00,40.7234,-73.9764,B02682,
2014-04-15 08:17:00,40.6466,-73.7896,B02617,
2014-04-27 21:07:00,40.7047,-74.0092,B02617,
2014-04-07 15:19:00,40.7054,-74.0122,B02682,
2014-04-19 04:03:00,40.7385,-73.9843,B02598,
2014-04-10 08:02:00,40.7666,-73.9572,B02598,
2014-04-26 19:06:00,40.78,-73.9449,B02598,
2014-04-22 13:25:00,40.8906,-73.8988,B02598,
2014-04-17 22:02:00,40.757,-73.9856,B02617,
2014-04-29 18:14:00,40.6471,-73.7885,B02682,
2014-04-30 12:19:00,40.7806,-73.9582,B02598,
2014-04-21 17:49:00,40.7298,-73.9975,B02682,
2014-04-04 18:41:00,40.7438,-73.9904,B02598,
2014-04-26 17:14:00,40.7624,-73.9786,B02598,
2014-04-17 19:55:00,40.7308,-74.0068,B02682,
2014-04-24 07:24:00,40.7795,-73.9878,B02598,
2014-04-08 16:34:00,40.7753,-73.9634,B02617,
2014-04-17 23:01:00,40.767,-73.9834,B02682,
2014-04-02 19:33:00,40.7679,-73.9683,B02682,
2014-04-21 06:48:00,40.7741,-73.9589,B02682,
2014-04-22 17:58:00,40.746,-73.9553,B02682,
2014-04-29 18:49:00,40.7091,-73.9685,B02598,
2014-04-23 09:02:00,40.7164,-73.9567,B02617,
2014-04-26 19:52:00,40.7376,-74.0039,B02598,
2014-04-20 12:22:00,40.762,-73.9143,B02617,
2014-04-02 07:31:00,40.7832,-73.9551,B02512,
2014-04-30 15:09:00,40.7475,-73.9831,B02598,
2014-04-12 15:24:00,40.7411,-74.0074,B02682,
2014-04-12 17:45:00,40.794,-73.9744,B02682,
2014-04-20 18:52:00,40.7488,-73.9913,B02598,
2014-04-18 12:59:00,40.7214,-74.0,B02598,
2014-04-13 11:49:00,40.7628,-73.9786,B02682,
2014-04-27 17:30:00,40.7596,-73.9856,B02598,
2014-04-25 08:16:00,40.7276,-73.9874,B02617,
2014-04-17 19:52:00,40.7669,-73.9617,B02598,
2014-04-02 11:48:00,40.7225,-74.0037,B02598,
2014-04-12 07:35:00,40.7224,-73.9951,B02598,
2014-04-23 06:02:00,40.8728,-73.9045,B02598,
2014-04-22 20:51:00,40.7592,-73.9827,B02598,
2014-04-30 05:40:00,40.645,-73.782,B02598,
2014-04-10 08:06:00,40.6659,-74.2328,B02682,
2014-04-18 06:54:00,40.7255,-73.9946,B02682,
2014-04-25 21:35:00,40.7226,-73.986,B02598,
2014-04-11 21:00:00,40.7153,-74.0103,B02617,
2014-04-08 14:25:00,40.7884,-73.9708,B02512,
2014-04-01 17:03:00,40.755,-73.9754,B02598,
2014-04-09 04:54:00,40.7766,-73.9789,B02682,
2014-04-04 19:54:00,40.7229,-74.0081,B02598,
2014-04-06 08:20:00,40.7616,-73.9745,B02682,
2014-04-15 19:21:00,40.7793,-73.9068,B02682,
2014-04-23 10:18:00,40.7369,-73.9735,B02682,
2014-04-10 03:13:00,40.7188,-73.9871,B02598,
2014-04-22 18:58:00,40.7568,-73.9966,B02682,
2014-04-24 09:01:00,40.7528,-73.989,B02682,
2014-04-16 21:04:00,40.7311,-73.992,B02682,
2014-04-14 19:53:00,40.774,-73.873,B02682,
2014-04-24 16:05:00,40.7199,-74.0055,B02512,
2014-04-29 11:12:00,40.7642,-73.9734,B02682,
2014-04-13 06:12:00,40.6042,-73.9681,B02512,
2014-04-05 23:00:00,40.7257,-73.9978,B02617,
2014-04-02 15:41:00,40.7499,-74.0054,B02682,
2014-04-04 01:52:00,40.6891,-73.9133,B02598,
2014-04-27 15:37:00,40.6436,-73.9776,B02617,
2014-04-15 20:03:00,40.7267,-74.0075,B02617,
2014-04-25 18:05:00,40.7436,-73.985,B02617,
2014-04-11 14:50:00,40.6794,-74.0117,B02617,
2014-04-07 16:02:00,40.7741,-73.9812,B02617,
2014-04-19 14:55:00,40.7623,-73.9745,B02598,
2014-04-01 23:37:00,40.7387,-73.9886,B02598,
2014-04-30 16:58:00,40.7335,-73.9975,B02682,
2014-04-24 19:59:00,40.7217,-73.9957,B02682,
2014-04-04 06:31:00,40.7449,-74.0061,B02512,
2014-04-15 14:02:00,40.7593,-73.9748,B02682,
2014-04-04 15:21:00,40.7367,-73.9818,B02598,
2014-04-24 22:41:00,40.6725,-73.9802,B02682,
2014-04-07 03:38:00,40.7441,-73.9856,B02682,
2014-04-25 22:23:00,40.7379,-73.9936,B02682,
2014-04-26 16:04:00,40.7239,-74.006,B02682,
2014-04-08 05:16:00,40.7243,-74.0014,B02682,
2014-04-18 17:43:00,40.7207,-74.0039,B02682,
2014-04-29 11:07:00,40.7806,-73.9757,B02598,
2014-04-04 07:21:00,40.7724,-73.9508,B02682,
2014-04-03 04:21:00,40.7193,-73.9643,B02682,
2014-04-03 09:28:00,40.7052,-74.0095,B02682,
2014-04-26 20:24:00,40.7019,-73.9897,B02598,
2014-04-24 14:10:00,40.6451,-73.7985,B02682,
2014-04-24 16:36:00,40.7648,-73.9823,B02598,
2014-04-26 02:03:00,40.6328,-74.0243,B02682,
2014-04-28 15:01:00,40.774,-73.8727,B02682,
2014-04-13 07:42:00,40.7698,-73.961,B02617,
2014-04-25 15:31:00,40.725,-73.9905,B02682,
2014-04-11 16:27:00,40.7175,-74.0073,B02598,
2014-04-30 20:03:00,40.7634,-73.9789,B02682,
2014-04-30 13:34:00,40.7731,-73.8855,B02598,
2014-04-24 05:18:00,40.7353,-73.9866,B02682,
2014-04-08 07:56:00,40.7293,-73.9819,B02598,
2014-04-01 08:24:00,40.7908,-73.9536,B02682,
2014-04-01 14:28:00,40.7549,-73.9843,B02617,
2014-04-16 08:53:00,40.7447,-73.9992,B02598,
2014-04-14 12:16:00,40.8786,-73.918,B02598,
2014-04-08 06:52:00,40.7452,-74.0039,B02617,
2014-04-17 06:43:00,40.7986,-73.9707,B02598,
2014-04-13 16:17:00,40.6849,-73.9662,B02682,
2014-04-06 18:50:00,40.7882,-73.9807,B02598,
2014-04-19 22:44:00,40.7448,-73.9241,B02617,
2014-04-01 18:19:00,40.7103,-73.9846,B02682,
2014-04-26 20:07:00,40.7293,-73.9872,B02598,
2014-04-21 15:43:00,40.7616,-73.9728,B02598,
2014-04-21 21:58:00,40.6907,-74.1781,B02598,
2014-04-06 01:54:00,40.724,-73.9961,B02598,
2014-04-24 17:19:00,40.7515,-73.9918,B02512,
2014-04-30 21:02:00,40.7289,-74.0034,B02682,
2014-04-06 16:58:00,40.7601,-73.9809,B02682,
2014-04-29 22:02:00,40.7852,-73.9713,B02682,
2014-04-09 06:27:00,40.767,-73.9841,B02598,
2014-04-23 18:08:00,40.7472,-73.9915,B02682,
2014-04-15 22:40:00,40.7201,-74.0101,B02682,
2014-04-11 06:43:00,40.7962,-73.9707,B02598,
2014-04-01 13:03:00,40.7187,-74.0024,B02512,
2014-04-28 07:51:00,40.7405,-73.9819,B02598,
2014-04-04 19:17:00,40.7222,-73.987,B02682,
2014-04-16 16:54:00,40.7757,-73.9466,B02512,
2014-04-07 17:13:00,40.7727,-73.9616,B02682,
2014-04-07 17:31:00,40.7453,-73.991,B02617,
2014-04-18 14:45:00,40.7436,-74.0071,B02598,
2014-04-28 08:36:00,40.7731,-73.9566,B02682,
2014-04-14 16:26:00,40.7247,-74.0007,B02682,
2014-04-17 17:09:00,40.7533,-73.9787,B02682,
2014-04-20 21:44:00,40.7154,-73.9916,B02598,
2014-04-20 20:56:00,40.7278,-74.0015,B02598,
2014-04-19 19:01:00,40.7233,-74.003,B02682,
2014-04-24 06:14:00,40.6976,-73.931,B02682,
2014-04-11 22:04:00,40.728,-73.993,B02682,
2014-04-21 05:50:00,40.7248,-73.9806,B02617,
2014-04-14 08:37:00,40.7183,-74.0018,B02598,
2014-04-09 14:14:00,40.7203,-74.0032,B02682,
2014-04-08 06:32:00,40.708,-74.0176,B02682,
2014-04-07 17:27:00,40.7599,-73.9741,B02682,
2014-04-27 16:53:00,40.6783,-73.9995,B02682,
2014-04-02 16:34:00,40.762,-73.9826,B02682,
2014-04-10 19:01:00,40.7303,-73.9864,B02682,
2014-04-25 20:19:00,40.7589,-73.9729,B02682,
2014-04-20 10:37:00,40.7882,-73.9672,B02617,
2014-04-08 13:11:00,40.8184,-73.9508,B02617,
2014-04-03 08:16:00,40.7166,-74.0069,B02682,
2014-04-30 01:26:00,40.7217,-73.9581,B02617,
2014-04-23 16:46:00,40.7396,-73.9869,B02682,
2014-04-28 06:26:00,40.7376,-73.9801,B02598,
2014-04-13 08:30:00,40.6746,-73.9736,B02682,
2014-04-04 18:30:00,40.7521,-73.9697,B02682,
2014-04-23 19:02:00,40.7266,-73.9777,B02598,
2014-04-30 12:29:00,40.7628,-73.9692,B02617,
2014-04-23 21:27:00,40.7707,-73.8656,B02598,
2014-04-24 09:39:00,40.7648,-73.9785,B02617,
2014-04-30 16:15:00,40.7226,-74.0074,B02598,
2014-04-17 21:50:00,40.7539,-73.9772,B02598,
2014-04-29 18:27:00,40.7646,-73.9787,B02617,
2014-04-17 10:36:00,40.7048,-73.7105,B02764,
2014-04-27 00:57:00,40.7196,-73.9994,B02682,
2014-04-15 10:26:00,40.6931,-73.996,B02598,
2014-04-18 21:26:00,40.7321,-74.0036,B02682,
2014-04-08 10:49:00,40.7513,-74.0068,B02598,
2014-04-04 13:48:00,40.7468,-74.0062,B02617,
2014-04-23 05:49:00,40.8426,-73.8362,B02682,
2014-04-19 18:37:00,40.7929,-73.9761,B02682,
2014-04-29 14:06:00,40.7266,-74.0062,B02598,
2014-04-30 07:44:00,40.7325,-73.9969,B02682,
2014-04-07 18:33:00,40.7474,-73.9852,B02682,
2014-04-01 06:53:00,40.7789,-73.9521,B02617,
2014-04-02 07:43:00,40.7688,-73.9697,B02512,
2014-04-19 23:07:00,40.7641,-73.9557,B02598,
2014-04-01 17:15:00,40.7074,-73.9505,B02682,
2014-04-07 09:05:00,40.7403,-74.0053,B02512,
2014-04-01 16:50:00,40.7264,-73.9931,B02682,
2014-04-10 09:55:00,40.7657,-73.9599,B02617,
2014-04-15 18:59:00,40.7104,-74.0176,B02682,
2014-04-08 10:39:00,40.7157,-73.9896,B02682,
2014-04-28 05:59:00,40.7754,-73.9782,B02598,
2014-04-06 04:11:00,40.7163,-73.9406,B02598,
2014-04-03 07:33:00,40.7254,-73.9947,B02598,
2014-04-30 19:32:00,40.7375,-74.0039,B02598,
2014-04-23 19:49:00,40.7212,-74.0065,B02598,
2014-04-06 00:23:00,40.7335,-74.0033,B02682,
2014-04-09 09:06:00,40.7519,-73.9948,B02512,
2014-04-04 13:13:00,40.7285,-73.9799,B02682,
2014-04-18 16:28:00,40.7438,-73.9926,B02682,
2014-04-14 12:45:00,40.7551,-73.9899,B02682,
2014-04-13 19:02:00,40.7145,-74.0091,B02617,
2014-04-22 07:10:00,40.7705,-73.957,B02682,
2014-04-07 19:16:00,40.7455,-73.9919,B02682,
2014-04-03 18:46:00,40.7758,-73.98,B02617,
2014-04-02 20:52:00,40.7251,-74.0004,B02617,
2014-04-15 15:09:00,40.7473,-73.9833,B02682,
2014-04-22 18:32:00,40.7685,-73.8626,B02682,
2014-04-01 17:07:00,40.7636,-73.981,B02617,
2014-04-02 11:46:00,40.7513,-74.0069,B02682,
2014-04-07 16:07:00,40.7464,-73.9881,B02617,
2014-04-28 21:19:00,40.7617,-73.9726,B02598,
2014-04-15 21:10:00,40.7366,-73.9873,B02682,
2014-04-20 06:06:00,40.7219,-73.9889,B02617,
2014-04-30 08:20:00,40.7425,-74.0013,B02682,
2014-04-12 03:32:00,40.6777,-73.9838,B02682,
2014-04-24 22:13:00,40.7568,-73.9827,B02598,
2014-04-06 13:24:00,40.7577,-73.9642,B02617,
2014-04-30 23:29:00,40.7635,-73.979,B02617,
2014-04-02 15:09:00,40.7753,-73.9649,B02598,
2014-04-01 12:30:00,40.6797,-73.9138,B02617,
2014-04-24 07:58:00,40.7862,-73.976,B02598,
2014-04-29 17:41:00,40.7562,-73.9725,B02598,
2014-04-12 11:05:00,40.7266,-73.9484,B02598,
2014-04-04 12:47:00,40.7251,-73.9953,B02598,
2014-04-26 23:51:00,40.7648,-73.9176,B02682,
2014-04-11 14:46:00,40.645,-73.782,B02682,
2014-04-05 22:31:00,40.7547,-74.0314,B02682,
2014-04-30 15:49:00,40.724,-73.998,B02617,
2014-04-12 17:15:00,40.7323,-73.9887,B02682,
2014-04-25 12:58:00,40.7029,-73.9906,B02682,
2014-04-01 17:22:00,40.7611,-73.9732,B02617,
2014-04-05 14:22:00,40.7273,-73.9996,B02598,
2014-04-08 19:22:00,40.7483,-73.9769,B02598,
2014-04-06 08:00:00,40.799,-73.9755,B02598,
2014-04-22 17:38:00,40.6133,-74.0368,B02598,
2014-04-16 08:47:00,40.7153,-74.016,B02682,
2014-04-17 19:34:00,40.7053,-74.0148,B02617,
2014-04-21 20:34:00,40.645,-73.7818,B02617,
2014-04-10 20:57:00,40.7543,-73.983,B02598,
2014-04-07 18:09:00,40.7149,-73.9649,B02617,
2014-04-11 16:36:00,40.7559,-73.9768,B02598,
2014-04-24 21:31:00,40.7449,-73.9775,B02617,
2014-04-10 18:38:00,40.7052,-73.9276,B02598,
2014-04-18 15:57:00,40.7167,-73.9947,B02598,
2014-04-05 08:34:00,40.8022,-73.9619,B02682,
2014-04-26 08:09:00,40.7102,-74.0078,B02682,
2014-04-03 07:53:00,40.7138,-74.0092,B02512,
2014-04-08 08:11:00,40.7243,-73.9905,B02617,
2014-04-18 14:31:00,40.7689,-73.9433,B02598,
2014-04-04 08:24:00,40.6677,-73.9763,B02598,
2014-04-27 10:47:00,40.771,-73.8661,B02682,
2014-04-30 12:41:00,40.7678,-73.9834,B02682,
2014-04-25 17:03:00,40.6418,-73.7892,B02682,
2014-04-08 10:45:00,40.7187,-74.0026,B02617,
2014-04-25 20:58:00,40.7396,-74.0064,B02682,
2014-04-04 14:16:00,40.7633,-73.9737,B02682,
2014-04-29 22:57:00,40.6413,-73.911,B02598,
2014-04-07 20:21:00,40.7568,-73.9909,B02598,
2014-04-04 12:05:00,40.678,-73.9958,B02598,
2014-04-05 01:54:00,40.7143,-74.0138,B02682,
2014-04-21 00:15:00,40.62,-74.0043,B02682,
2014-04-17 23:37:00,40.7201,-73.9553,B02682,
2014-04-02 20:37:00,40.7611,-73.9788,B02617,
2014-04-29 15:44:00,40.7356,-73.9939,B02598,
2014-04-27 21:36:00,40.7149,-73.9983,B02598,
2014-04-04 17:57:00,40.7246,-73.9915,B02617,
2014-04-26 02:43:00,40.7193,-73.9886,B02617,
2014-04-05 09:17:00,40.7202,-73.9871,B02598,
2014-04-28 12:57:00,40.7685,-73.8625,B02598,
2014-04-02 19:02:00,40.719,-74.0063,B02617,
2014-04-22 17:33:00,40.7427,-73.9846,B02598,
2014-04-11 21:40:00,40.6978,-73.9928,B02682,
2014-04-05 16:12:00,40.7492,-73.9781,B02617,
2014-04-27 17:37:00,40.7619,-73.9684,B02682,
2014-04-11 16:37:00,40.7304,-73.9929,B02617,
2014-04-26 11:01:00,40.7646,-73.9782,B02682,
2014-04-26 19:18:00,40.7109,-74.0059,B02598,
2014-04-29 17:10:00,40.7247,-73.9922,B02598,
2014-04-09 17:45:00,40.759,-73.9923,B02617,
2014-04-03 20:53:00,40.737,-73.9572,B02598,
2014-04-08 17:14:00,40.7321,-74.0037,B02598,
2014-04-01 17:23:00,40.731,-73.9911,B02682,
2014-04-08 17:16:00,40.725,-74.0077,B02682,
2014-04-11 12:23:00,40.7452,-73.9871,B02512,
2014-04-24 14:38:00,40.7005,-73.9864,B02598,
2014-04-18 12:10:00,40.7349,-74.0077,B02682,
2014-04-04 14:52:00,40.7113,-74.0101,B02598,
2014-04-21 14:51:00,40.7559,-73.9633,B02617,
2014-04-24 20:59:00,40.7545,-73.9816,B02682,
2014-04-27 23:45:00,40.6691,-73.9399,B02598,
2014-04-21 21:50:00,40.721,-73.9937,B02682,
2014-04-28 08:50:00,40.7651,-73.9751,B02512,
2014-04-06 10:58:00,40.7686,-73.8627,B02682,
2014-04-15 18:57:00,40.7502,-73.9946,B02682,
2014-04-12 01:54:00,40.7394,-74.0068,B02598,
2014-04-22 17:38:00,40.7142,-74.0148,B02598,
2014-04-27 11:06:00,40.7711,-73.9519,B02682,
2014-04-01 06:59:00,40.7684,-73.9603,B02682,
2014-04-02 20:44:00,40.7424,-74.0005,B02682,
2014-04-18 20:34:00,40.753,-73.9836,B02682,
2014-04-19 15:24:00,40.7239,-73.9921,B02598,
2014-04-16 13:15:00,40.7613,-73.9832,B02682,
2014-04-21 11:44:00,40.7643,-73.9812,B02682,
2014-04-29 10:01:00,40.7619,-73.9865,B02598,
2014-04-28 03:19:00,40.6886,-73.8206,B02617,
2014-04-02 16:17:00,40.7103,-73.9846,B02682,
2014-04-10 19:33:00,40.7443,-73.9876,B02682,
2014-04-30 18:35:00,40.7406,-74.0018,B02598,
2014-04-24 20:41:00,40.7681,-73.862,B02512,
2014-04-05 23:40:00,40.7288,-74.0005,B02682,
2014-04-30 15:07:00,40.7715,-73.9533,B02682,
2014-04-28 06:26:00,40.77,-73.9576,B02682,
2014-04-17 20:57:00,40.7222,-73.9889,B02682,
2014-04-30 16:33:00,40.7639,-73.9706,B02598,
2014-04-03 18:36:00,40.7349,-73.9971,B02598,
2014-04-17 22:08:00,40.7381,-73.9854,B02598,
2014-04-28 13:07:00,40.7466,-73.984,B02682,
2014-04-21 11:38:00,40.7709,-73.9654,B02682,
2014-04-30 20:12:00,40.7614,-73.9859,B02682,
2014-04-16 06:18:00,40.7481,-73.9928,B02598,
2014-04-02 13:48:00,40.7746,-73.9582,B02598,
2014-04-15 09:32:00,40.7787,-73.9584,B02598,
2014-04-27 09:54:00,40.7518,-73.9848,B02682,
2014-04-10 19:48:00,40.74,-74.001,B02598,
2014-04-04 22:49:00,40.7752,-73.9816,B02617,
2014-04-12 10:14:00,40.6696,-73.9837,B02682,
2014-04-23 05:50:00,40.7361,-73.9852,B02682,
2014-04-10 16:39:00,40.7394,-74.0071,B02598,
2014-04-12 22:31:00,40.6551,-73.955,B02598,
2014-04-23 14:59:00,40.7628,-73.9783,B02682,
2014-04-19 17:09:00,40.7312,-73.9882,B02682,
2014-04-06 10:17:00,40.7742,-73.9632,B02682,
2014-04-11 23:41:00,40.734,-74.0027,B02617,
2014-04-25 21:30:00,40.777,-73.9536,B02682,
2014-04-24 15:31:00,40.757,-73.9989,B02598,
2014-04-16 20:51:00,40.7259,-73.955,B02682,
2014-04-29 15:48:00,40.7599,-73.9842,B02682,
2014-04-26 12:45:00,40.7627,-73.9817,B02512,
2014-04-23 08:01:00,40.6914,-73.9844,B02598,
2014-04-13 14:48:00,40.6449,-73.7822,B02617,
2014-04-05 18:49:00,40.7809,-73.9546,B02682,
2014-04-24 00:05:00,40.7054,-74.0077,B02598,
2014-04-28 13:52:00,40.781,-73.9607,B02682,
2014-04-12 09:03:00,40.7171,-73.9954,B02617,
2014-04-25 14:31:00,40.7657,-73.9789,B02682,
2014-04-02 12:11:00,40.7378,-74.0045,B02682,
2014-04-18 12:59:00,40.6886,-73.9784,B02682,
2014-04-30 08:29:00,40.7628,-73.9776,B02512,
2014-04-02 16:50:00,40.7545,-73.9715,B02682,
2014-04-25 04:34:00,40.8219,-73.8876,B02598,
2014-04-08 21:44:00,40.7607,-73.9863,B02617,
2014-04-30 20:52:00,40.774,-73.8722,B02682,
2014-04-20 19:28:00,40.771,-73.8661,B02682,
2014-04-30 19:59:00,40.7362,-73.991,B02682,
2014-04-20 16:17:00,40.7401,-73.9866,B02682,
2014-04-26 08:02:00,40.6728,-73.834,B02682,
2014-04-29 07:08:00,40.7648,-73.9868,B02598,
2014-04-08 11:04:00,40.7323,-73.9847,B02682,
2014-04-28 16:18:00,40.7209,-73.9832,B02682,
2014-04-02 14:20:00,40.7846,-73.9558,B02682,
2014-04-02 21:15:00,40.7364,-74.0015,B02682,
2014-04-05 15:46:00,40.7192,-73.9945,B02682,
2014-04-30 17:05:00,40.7455,-74.0068,B02512,
2014-04-08 17:19:00,40.7592,-73.9726,B02682,
2014-04-22 02:54:00,40.7436,-73.9753,B02682,
2014-04-18 19:59:00,40.7731,-73.9514,B02682,
2014-04-25 21:18:00,40.7286,-74.0052,B02598,
2014-04-07 14:01:00,40.7124,-73.9474,B02617,
2014-04-09 15:59:00,40.7871,-73.9682,B02512,
2014-04-08 15:40:00,40.7214,-74.0013,B02682,
2014-04-01 07:35:00,40.726,-73.9918,B02617,
2014-04-12 14:05:00,40.7269,-73.9997,B02598,
2014-04-13 21:50:00,40.6458,-73.7768,B02682,
2014-04-07 13:58:00,40.7247,-73.9937,B02682,
2014-04-18 17:18:00,40.755,-73.9943,B02598,
2014-04-22 18:43:00,40.7277,-74.0003,B02682,
2014-04-07 20:50:00,40.7367,-73.9912,B02598,
2014-04-03 14:12:00,40.7009,-73.9453,B02598,
2014-04-18 01:50:00,40.7272,-74.0018,B02682,
2014-04-11 02:18:00,40.7164,-74.0024,B02682,
2014-04-15 19:17:00,40.7101,-74.0107,B02598,
2014-04-04 18:46:00,40.7586,-73.9957,B02617,
2014-04-02 22:45:00,40.7281,-73.982,B02682,
2014-04-04 04:54:00,40.7269,-73.9917,B02682,
2014-04-27 03:26:00,40.721,-73.9939,B02598,
2014-04-09 09:21:00,40.7066,-74.009,B02682,
2014-04-04 17:29:00,40.7464,-74.0083,B02617,
2014-04-24 10:31:00,40.7462,-73.9726,B02598,
2014-04-25 21:55:00,40.7521,-73.9899,B02682,
2014-04-04 19:36:00,40.7588,-73.9739,B02598,
2014-04-18 22:30:00,40.7816,-73.9795,B02682,
2014-04-12 14:50:00,40.7372,-73.997,B02617,
2014-04-02 20:11:00,40.7257,-74.0055,B02617,
2014-04-02 18:14:00,40.7642,-73.9545,B02682,
2014-04-29 14:22:00,40.7744,-73.9636,B02598,
2014-04-07 09:23:00,40.771,-73.8658,B02682,
2014-04-28 06:00:00,40.7362,-73.979,B02617,
2014-04-06 00:21:00,40.7174,-74.0051,B02682,
2014-04-25 10:25:00,40.7599,-73.9717,B02682,
2014-04-26 21:37:00,40.6985,-73.9011,B02682,
2014-04-19 22:59:00,40.7894,-73.9758,B02682,
2014-04-15 13:44:00,40.758,-73.982,B02598,
2014-04-08 16:10:00,40.7552,-73.9848,B02598,
2014-04-30 12:23:00,40.7646,-73.9661,B02598,
2014-04-25 09:02:00,40.6938,-73.9936,B02617,
2014-04-20 18:49:00,40.748,-73.9846,B02598,
2014-04-24 20:19:00,40.7047,-74.0119,B02617,
2014-04-28 06:20:00,40.7749,-73.9547,B02682,
2014-04-28 11:41:00,40.645,-73.7819,B02598,
2014-04-30 18:20:00,40.7336,-74.0076,B02598,
2014-04-16 09:25:00,40.7124,-73.966,B02598,
2014-04-08 15:16:00,40.7739,-73.8727,B02617,
2014-04-07 20:56:00,40.7567,-73.9747,B02682,
2014-04-23 17:06:00,40.6626,-73.9361,B02682,
2014-04-05 23:11:00,40.7289,-73.979,B02598,
2014-04-28 17:48:00,40.749,-74.0051,B02682,
2014-04-18 01:32:00,40.7442,-73.9511,B02682,
2014-04-03 17:38:00,40.7601,-73.9676,B02682,
2014-04-29 06:37:00,40.775,-73.9491,B02617,
2014-04-19 20:31:00,40.7036,-74.0111,B02682,
2014-04-10 02:56:00,40.7215,-73.9951,B02682,
2014-04-23 07:51:00,40.737,-73.9863,B02764,
2014-04-30 05:20:00,40.645,-73.7821,B02598,
2014-04-14 09:37:00,40.6888,-73.989,B02617,
2014-04-05 12:20:00,40.7539,-73.977,B02598,
2014-04-25 19:44:00,40.7846,-73.9561,B02598,
2014-04-02 05:16:00,40.7464,-73.9797,B02598,
2014-04-07 19:54:00,40.7635,-73.9748,B02617,
2014-04-04 23:27:00,40.7328,-74.0084,B02682,
2014-04-30 05:49:00,40.7956,-73.9366,B02598,
2014-04-07 07:17:00,40.7644,-73.9821,B02598,
2014-04-12 17:05:00,40.7185,-74.0027,B02598,
2014-04-12 06:51:00,40.6855,-73.9569,B02682,
2014-04-26 17:21:00,40.7431,-73.9963,B02598,
2014-04-01 06:39:00,40.7741,-73.9516,B02617,
2014-04-14 17:17:00,40.7671,-73.5276,B02617,
2014-04-03 22:44:00,40.6973,-73.9923,B02682,
2014-04-18 18:19:00,40.7271,-74.0479,B02682,
2014-04-26 00:18:00,40.7252,-73.9815,B02682,
2014-04-29 07:52:00,40.7215,-74.0102,B02598,
2014-04-04 21:43:00,40.7764,-73.916,B02617,
2014-04-15 18:47:00,40.7411,-73.9913,B02598,
2014-04-08 15:06:00,40.7203,-74.0108,B02512,
2014-04-15 21:22:00,40.6937,-73.9843,B02682,
2014-04-15 07:39:00,40.6448,-73.7823,B02617,
2014-04-26 02:12:00,40.7274,-73.994,B02598,
2014-04-29 22:15:00,40.7467,-74.0076,B02682,
2014-04-30 07:12:00,40.7369,-74.0055,B02682,
2014-04-05 22:13:00,40.7607,-73.9706,B02682,
2014-04-18 10:52:00,40.7203,-74.0055,B02512,
2014-04-25 21:25:00,40.7328,-73.9838,B02682,
2014-04-07 22:12:00,40.7387,-74.0084,B02617,
2014-04-30 20:30:00,40.7553,-73.9796,B02764,
2014-04-10 22:35:00,40.642,-73.7889,B02598,
2014-04-16 16:00:00,40.7528,-73.9894,B02682,
2014-04-05 20:56:00,40.7409,-73.9816,B02682,
2014-04-03 08:24:00,40.7266,-73.9769,B02598,
2014-04-19 16:03:00,40.7556,-74.0021,B02598,
2014-04-25 08:46:00,40.6909,-73.9965,B02598,
2014-04-11 20:04:00,40.7851,-74.0083,B02617,
2014-04-16 20:32:00,40.7488,-73.9932,B02617,
2014-04-09 09:39:00,40.695,-74.1774,B02512,
2014-04-13 03:08:00,40.7632,-73.9883,B02598,
2014-04-11 19:29:00,40.6809,-73.9917,B02682,
2014-04-02 18:08:00,40.7281,-74.0021,B02682,
2014-04-30 10:58:00,40.7186,-73.9987,B02512,
2014-04-07 10:29:00,40.7405,-73.925,B02617,
2014-04-09 19:29:00,40.7544,-73.9802,B02682,
2014-04-05 18:16:00,40.7534,-73.9805,B02598,
2014-04-29 17:13:00,40.7248,-74.0078,B02598,
2014-04-18 16:41:00,40.7167,-73.9957,B02682,
2014-04-23 12:17:00,40.7707,-73.992,B02598,
2014-04-04 17:20:00,40.7605,-73.9704,B02682,
2014-04-17 18:06:00,40.7222,-73.9899,B02682,
2014-04-01 07:22:00,40.735,-74.0026,B02617,
2014-04-30 11:07:00,40.7571,-73.9835,B02617,
2014-04-22 07:41:00,40.7777,-73.9749,B02598,
2014-04-12 14:45:00,40.7754,-73.9585,B02682,
2014-04-22 15:43:00,40.7583,-73.9727,B02682,
2014-04-03 17:29:00,40.7558,-73.9823,B02682,
2014-04-18 14:20:00,40.7194,-74.0103,B02598,
2014-04-30 09:37:00,40.7598,-73.9937,B02598,
2014-04-14 16:54:00,40.8601,-73.9702,B02598,
2014-04-24 08:43:00,40.7742,-73.8722,B02598,
2014-04-10 14:47:00,40.7553,-73.984,B02617,
2014-04-29 20:09:00,40.7446,-73.9889,B02682,
2014-04-30 17:51:00,40.726,-73.9984,B02598,
2014-04-10 04:41:00,40.7563,-73.9179,B02682,
2014-04-15 17:30:00,40.7386,-73.9898,B02512,
2014-04-02 06:53:00,40.7725,-73.9612,B02512,
2014-04-03 06:52:00,40.7349,-73.9985,B02764,
2014-04-29 19:47:00,40.7542,-73.9804,B02682,
2014-04-04 16:36:00,40.7556,-73.9702,B02682,
2014-04-14 15:38:00,40.7453,-73.9891,B02512,
2014-04-24 22:28:00,40.7444,-73.9917,B02682,
2014-04-08 11:49:00,40.7331,-74.0024,B02617,
2014-04-09 18:26:00,40.7037,-73.9866,B02598,
2014-04-07 09:34:00,40.7664,-73.9684,B02617,
2014-04-25 12:41:00,40.7273,-73.992,B02598,
2014-04-03 19:48:00,40.7642,-73.9821,B02682,
2014-04-12 02:31:00,40.7481,-73.9395,B02682,
2014-04-05 22:52:00,40.8037,-73.9532,B02682,
2014-04-04 19:35:00,40.7755,-73.9608,B02598,
2014-04-18 23:10:00,40.7332,-74.0033,B02598,
2014-04-17 07:46:00,40.733,-74.0037,B02617,
2014-04-04 16:50:00,40.7554,-73.9839,B02512,
2014-04-04 16:29:00,40.7076,-74.0019,B02682,
2014-04-22 17:09:00,40.7454,-74.0082,B02598,
2014-04-19 19:25:00,40.7187,-74.0004,B02617,
2014-04-24 18:27:00,40.7393,-73.9937,B02598,
2014-04-17 19:01:00,40.7493,-74.0042,B02682,
2014-04-24 22:37:00,40.7417,-73.9875,B02598,
2014-04-21 17:52:00,40.7649,-73.9551,B02682,
2014-04-09 08:35:00,40.7437,-73.9859,B02682,
2014-04-30 13:41:00,40.7617,-73.9686,B02617,
2014-04-04 08:33:00,40.7284,-73.9997,B02682,
2014-04-09 15:27:00,40.7557,-73.9767,B02598,
2014-04-26 10:57:00,40.7269,-73.9963,B02764,
2014-04-08 14:12:00,40.7607,-73.9862,B02682,
2014-04-14 23:04:00,40.7498,-73.9691,B02598,
2014-04-28 11:16:00,40.7261,-74.0006,B02598,
2014-04-09 21:27:00,40.7557,-73.9835,B02598,
2014-04-08 14:20:00,40.7617,-73.9886,B02598,
2014-04-07 21:26:00,40.7058,-74.0085,B02598,
2014-04-09 09:37:00,40.7619,-74.0008,B02617,
2014-04-15 18:26:00,40.7372,-73.9865,B02598,
2014-04-07 16:50:00,40.7556,-73.977,B02598,
2014-04-08 13:46:00,40.7814,-73.9462,B02682,
2014-04-15 11:10:00,40.8056,-73.9566,B02598,
2014-04-07 15:14:00,40.7208,-73.995,B02682,
2014-04-24 20:43:00,40.7207,-73.9978,B02682,
2014-04-17 05:46:00,40.7633,-73.9188,B02617,
2014-04-04 18:33:00,40.767,-73.9619,B02617,
2014-04-14 18:24:00,40.7226,-73.998,B02598,
2014-04-08 08:49:00,40.7839,-73.9523,B02617,
2014-04-24 14:22:00,40.7504,-73.9901,B02598,
2014-04-10 07:41:00,40.7907,-73.9691,B02682,
2014-04-30 22:42:00,40.7401,-73.9937,B02682,
2014-04-10 14:42:00,40.6469,-73.7897,B02598,
2014-04-13 11:17:00,40.6922,-73.963,B02682,
2014-04-09 17:47:00,40.742,-74.0039,B02682,
2014-04-03 16:13:00,40.7605,-73.9718,B02598,
2014-04-18 08:06:00,40.688,-74.1829,B02764,
2014-04-01 18:13:00,40.7533,-73.9872,B02598,
2014-04-04 15:54:00,40.7071,-74.0046,B02682,
2014-04-19 20:26:00,40.8288,-73.9489,B02598,
2014-04-03 12:31:00,40.7303,-73.976,B02682,
2014-04-01 19:04:00,40.7642,-73.9769,B02598,
2014-04-26 23:50:00,40.6953,-73.9122,B02598,
2014-04-08 21:10:00,40.7597,-74.0272,B02598,
2014-04-04 08:30:00,40.7635,-73.9948,B02617,
2014-04-29 10:43:00,40.7606,-73.9743,B02682,
2014-04-04 13:34:00,40.7407,-74.0076,B02617,
2014-04-21 22:08:00,40.7581,-73.9854,B02682,
2014-04-15 20:48:00,40.7805,-73.958,B02682,
2014-04-26 19:56:00,40.7216,-73.999,B02617,
2014-04-20 12:03:00,40.7584,-73.9751,B02682,
2014-04-16 17:34:00,40.7672,-73.9585,B02598,
2014-04-03 15:32:00,40.7614,-73.9681,B02682,
2014-04-16 08:48:00,40.7883,-73.9754,B02682,
2014-04-03 10:46:00,40.7627,-73.9699,B02617,
2014-04-19 17:20:00,40.7494,-73.9764,B02682,
2014-04-16 19:21:00,40.7292,-74.0001,B02598,
2014-04-26 00:29:00,40.7407,-74.0087,B02617,
2014-04-02 06:41:00,40.7732,-73.9649,B02682,
2014-04-22 16:54:00,40.7262,-74.0075,B02598,
2014-04-28 20:16:00,40.7559,-73.9893,B02682,
2014-04-15 17:21:00,40.7639,-73.9624,B02598,
2014-04-04 18:26:00,40.7351,-74.0099,B02682,
2014-04-28 17:13:00,40.7583,-73.9816,B02598,
2014-04-19 08:26:00,40.7844,-73.9555,B02682,
2014-04-30 13:13:00,40.7497,-73.9747,B02598,
2014-04-17 14:56:00,40.7437,-73.9789,B02617,
2014-04-03 18:36:00,40.747,-73.9935,B02682,
2014-04-30 21:21:00,40.707,-74.0051,B02598,
2014-04-29 08:11:00,40.7179,-73.958,B02617,
2014-04-22 16:13:00,40.7559,-73.9806,B02512,
2014-04-14 18:01:00,40.7753,-73.9635,B02682,
2014-04-07 15:09:00,40.7204,-74.0103,B02617,
2014-04-07 22:49:00,40.727,-74.0019,B02682,
2014-04-15 13:53:00,40.7404,-74.0021,B02682,
2014-04-02 15:45:00,40.7312,-74.0039,B02598,
2014-04-09 19:44:00,40.7733,-73.955,B02598,
2014-04-17 18:43:00,40.7492,-73.9777,B02617,
2014-04-26 14:36:00,40.7284,-73.9535,B02617,
2014-04-24 21:24:00,40.7267,-74.0029,B02682,
2014-04-30 19:45:00,40.7524,-73.9842,B02598,
2014-04-01 22:31:00,40.7461,-74.01,B02598,
2014-04-30 14:27:00,40.7671,-73.9623,B02682,
2014-04-01 19:58:00,40.7236,-74.0027,B02512,
2014-04-27 20:44:00,40.7381,-74.0062,B02512,
2014-04-04 13:35:00,40.7093,-74.0174,B02682,
2014-04-05 02:51:00,40.732,-73.9899,B02598,
2014-04-04 16:02:00,40.7438,-73.9907,B02617,
2014-04-16 14:21:00,40.6952,-74.1772,B02682,
2014-04-29 14:54:00,40.7549,-74.0026,B02682,
2014-04-10 15:05:00,40.644,-73.7828,B02682,
2014-04-03 17:57:00,40.7805,-73.9821,B02617,
2014-04-21 14:49:00,40.6756,-73.974,B02682,
2014-04-03 11:40:00,40.7596,-73.9855,B02617,
2014-04-02 09:22:00,40.7234,-73.9973,B02598,
2014-04-19 21:12:00,40.8672,-73.9008,B02617,
2014-04-28 06:42:00,40.7368,-73.9804,B02598,
2014-04-19 18:14:00,40.7275,-73.9854,B02617,
2014-04-04 20:35:00,40.6878,-73.9192,B02682,
2014-04-02 13:53:00,40.744,-73.9366,B02598,
2014-04-12 06:50:00,40.7582,-73.9742,B02682,
2014-04-03 22:19:00,40.7353,-74.0016,B02682,
2014-04-24 06:31:00,40.6672,-73.977,B02682,
2014-04-27 23:47:00,40.7185,-73.99,B02598,
2014-04-07 16:15:00,40.7634,-73.9963,B02682,
2014-04-27 04:08:00,40.7438,-73.9795,B02598,
2014-04-04 23:19:00,40.7348,-74.0002,B02682,
2014-04-19 17:47:00,40.7664,-73.9818,B02682,
2014-04-04 14:42:00,40.7095,-74.0065,B02682,
2014-04-03 18:07:00,40.7612,-73.971,B02598,
2014-04-03 11:02:00,40.7534,-73.9736,B02682,
2014-04-01 14:10:00,40.7387,-73.9939,B02682,
2014-04-29 18:01:00,40.7436,-73.9729,B02598,
2014-04-12 22:08:00,40.6933,-73.9985,B02598,
2014-04-21 11:05:00,40.6672,-73.9596,B02598,
2014-04-19 19:08:00,40.7401,-74.008,B02598,
2014-04-21 04:20:00,40.7266,-73.9957,B02682,
2014-04-29 13:48:00,40.7347,-73.9965,B02617,
2014-04-28 14:45:00,40.7587,-73.916,B02682,
2014-04-30 16:56:00,40.7513,-74.0069,B02598,
2014-04-17 04:57:00,40.8237,-73.9499,B02764,
2014-04-08 02:39:00,40.7733,-73.9808,B02682,
2014-04-25 11:26:00,40.7678,-73.962,B02598,
2014-04-05 19:11:00,40.7842,-73.983,B02682,
2014-04-11 14:03:00,40.7926,-73.9193,B02764,
2014-04-26 17:33:00,40.7912,-73.9775,B02682,
2014-04-23 19:30:00,40.6761,-74.0144,B02617,
2014-04-30 04:17:00,40.7683,-73.955,B02598,
2014-04-21 04:20:00,40.7612,-73.9975,B02617,
2014-04-11 14:32:00,40.7502,-73.9766,B02598,
2014-04-20 20:47:00,40.7513,-73.9941,B02682,
2014-04-09 16:15:00,40.755,-73.9798,B02617,
2014-04-23 20:21:00,40.7321,-73.9863,B02598,
2014-04-12 19:29:00,40.6927,-73.9862,B02598,
2014-04-04 22:33:00,40.7067,-74.0084,B02598,
2014-04-26 01:01:00,40.6924,-73.9895,B02598,
2014-04-10 20:03:00,40.755,-73.9773,B02598,
2014-04-25 15:58:00,40.7292,-73.9958,B02682,
2014-04-21 06:30:00,40.7821,-73.946,B02764,
2014-04-04 14:31:00,40.7062,-73.7891,B02598,
2014-04-30 17:09:00,40.729,-73.9869,B02598,
2014-04-29 15:40:00,40.7849,-73.9565,B02682,
2014-04-05 15:37:00,40.6478,-73.9981,B02682,
2014-04-07 23:22:00,40.7741,-73.8723,B02598,
2014-04-06 14:56:00,40.7417,-73.9974,B02682,
2014-04-04 20:55:00,40.7094,-74.0093,B02682,
2014-04-23 04:59:00,40.6877,-73.9737,B02598,
2014-04-23 06:11:00,40.7272,-73.992,B02598,
2014-04-27 16:52:00,40.645,-73.782,B02598,
2014-04-28 16:13:00,40.7223,-74.0035,B02598,
2014-04-01 08:21:00,40.7122,-73.9615,B02598,
2014-04-26 14:15:00,40.7202,-73.996,B02598,
2014-04-07 18:58:00,40.7452,-73.9768,B02682,
2014-04-15 20:13:00,40.75,-74.0358,B02682,
2014-04-25 14:55:00,40.7318,-73.9914,B02598,
2014-04-03 17:45:00,40.7607,-73.9703,B02598,
2014-04-19 21:49:00,40.734,-73.9968,B02598,
2014-04-18 17:28:00,40.7682,-73.9823,B02682,
2014-04-18 21:17:00,40.7506,-74.0034,B02598,
2014-04-22 12:39:00,40.7686,-73.8628,B02617,
2014-04-17 08:37:00,40.7747,-73.9521,B02682,
2014-04-09 22:41:00,40.7365,-73.9892,B02598,
2014-04-18 18:08:00,40.7066,-74.0125,B02682,
2014-04-21 05:10:00,40.7363,-73.991,B02598,
2014-04-23 21:19:00,40.7406,-74.002,B02682,
2014-04-09 09:58:00,40.7146,-73.9841,B02682,
2014-04-22 04:04:00,40.7558,-73.9729,B02598,
2014-04-24 21:12:00,40.7186,-73.9908,B02682,
2014-04-23 11:34:00,40.7497,-73.9717,B02598,
2014-04-03 22:11:00,40.7611,-74.0011,B02598,
2014-04-25 23:27:00,40.7312,-73.9904,B02598,
2014-04-29 16:02:00,40.717,-74.0039,B02617,
2014-04-12 19:21:00,40.6227,-73.725,B02682,
2014-04-14 18:27:00,40.753,-74.004,B02598,
2014-04-27 23:36:00,40.6417,-73.7878,B02682,
2014-04-21 12:12:00,40.7685,-73.9497,B02682,
2014-04-30 16:06:00,40.7741,-73.9528,B02598,
2014-04-01 18:10:00,40.678,-73.9535,B02682,
2014-04-06 02:43:00,40.749,-73.988,B02598,
2014-04-22 13:58:00,40.6456,-73.7768,B02598,
2014-04-11 23:25:00,40.7406,-74.0077,B02617,
2014-04-25 05:55:00,40.6854,-73.9252,B02682,
2014-04-30 14:14:00,40.7626,-73.9653,B02682,
2014-04-26 08:45:00,40.7477,-73.9492,B02682,
2014-04-11 15:39:00,40.7767,-73.949,B02512,
2014-04-15 15:43:00,40.7458,-73.9865,B02682,
2014-04-05 20:00:00,40.7074,-74.0024,B02764,
2014-04-07 19:28:00,40.6906,-73.9276,B02682,
2014-04-25 20:57:00,40.7202,-74.0022,B02598,
2014-04-25 17:47:00,40.7326,-74.0039,B02598,
2014-04-03 17:32:00,40.7063,-73.9077,B02617,
2014-04-27 19:31:00,40.6418,-73.7889,B02617,
2014-04-15 23:03:00,40.7283,-73.9788,B02682,
2014-04-06 20:44:00,40.6457,-73.7768,B02682,
2014-04-07 07:15:00,40.7677,-73.958,B02682,
2014-04-10 08:54:00,40.743,-73.9777,B02682,
2014-04-08 06:22:00,40.732,-73.9981,B02617,
2014-04-21 15:56:00,40.718,-74.0145,B02682,
2014-04-24 23:48:00,40.7562,-73.9675,B02598,
2014-04-08 18:57:00,40.7786,-73.9858,B02617,
2014-04-04 17:21:00,40.7083,-74.0006,B02617,
2014-04-16 08:49:00,40.7612,-73.9943,B02682,
2014-04-16 16:07:00,40.74,-73.9895,B02682,
2014-04-03 09:05:00,40.732,-73.9935,B02617,
2014-04-15 17:27:00,40.7667,-73.953,B02598,
2014-04-10 19:51:00,40.7514,-73.9939,B02617,
2014-04-30 07:05:00,40.7255,-73.9896,B02598,
2014-04-29 09:00:00,40.7262,-73.9863,B02682,
2014-04-29 07:11:00,40.7779,-73.9799,B02598,
2014-04-24 20:43:00,40.7587,-73.9684,B02682,
2014-04-02 07:14:00,40.7925,-73.9708,B02617,
2014-04-18 23:58:00,40.7185,-73.991,B02598,
2014-04-09 20:36:00,40.7047,-73.9007,B02598,
2014-04-17 21:06:00,40.7185,-74.009,B02617,
2014-04-30 16:49:00,40.757,-73.9715,B02682,
2014-04-19 17:22:00,40.7447,-74.0084,B02682,
2014-04-26 15:29:00,40.7204,-73.9545,B02682,
2014-04-10 20:05:00,40.752,-73.9851,B02682,
2014-04-24 13:44:00,40.8795,-73.8253,B02617,
2014-04-03 07:38:00,40.7406,-73.9932,B02682,
2014-04-26 16:15:00,40.6477,-73.9581,B02598,
2014-04-21 05:31:00,40.7634,-73.9772,B02598,
2014-04-20 20:53:00,40.7489,-73.9903,B02682,
2014-04-30 14:56:00,40.7539,-73.9722,B02598,
2014-04-30 18:23:00,40.7497,-73.9837,B02598,
2014-04-27 21:49:00,40.7521,-73.9774,B02512,
2014-04-16 15:07:00,40.8271,-73.9239,B02598,
2014-04-12 00:57:00,40.7063,-74.0091,B02598,
2014-04-01 19:41:00,40.7594,-73.9828,B02512,
2014-04-02 06:58:00,40.7326,-73.9917,B02682,
2014-04-30 09:14:00,40.718,-74.0105,B02598,
2014-04-30 17:29:00,40.7332,-73.9796,B02598,
2014-04-11 21:08:00,40.7734,-73.9633,B02682,
2014-04-02 21:40:00,40.7197,-73.9995,B02598,
2014-04-30 22:10:00,40.738,-73.9889,B02598,
2014-04-15 17:15:00,40.7635,-73.9751,B02598,
2014-04-04 18:42:00,40.7846,-73.9719,B02617,
2014-04-30 17:52:00,40.7625,-73.9823,B02682,
2014-04-23 20:06:00,40.6654,-73.9828,B02598,
2014-04-11 18:33:00,40.7698,-73.9943,B02682,
2014-04-05 10:52:00,40.7389,-74.0055,B02617,
2014-04-05 11:05:00,40.7741,-73.8721,B02682,
2014-04-26 22:07:00,40.6427,-73.9576,B02682,
2014-04-09 12:19:00,40.7678,-73.9803,B02512,
2014-04-01 07:29:00,40.7805,-73.9611,B02682,
2014-04-11 18:08:00,40.6826,-73.9667,B02598,
2014-04-23 13:29:00,40.6973,-73.9968,B02682,
