id,id_ville,ville,nom,url,note,latitude,longitude,nom_ville,temp_moy,ressenti,humidity_moy,prob_pluie_moy,uv_moy,meteo_score
e10874a5-ddc7-4d41-b8d6-ab30b8bf5b69,fb1372c111d5,Mont Saint Michel,Les Terrasses Poulard,https://www.booking.com/hotel/fr/les-terrasses-poulard.fr.html?aid=304142&label=gen173nr-10CAQoggJCGHNlYXJjaF9tb250IHNhaW50IG1pY2hlbEgNWARoTYgBAZgBM7gBF8gBDNgBA-gBAfgBAYgCAagCAbgC3IL_yQbAAgHSAiQ2OTdlYjA3Ni0zNjlhLTQxNmYtYTViYy1kMmRmYTAwZWY0ZTfYAgHgAgE&ucfs=1&arphpl=1&group_adults=2&req_adults=2&no_rooms=1&group_children=0&req_children=0&hpos=1&hapos=1&sr_order=popularity&srpvid=5d1538ee0e5c001f&srepoch=1765785939&from=searchresults,"Avec une note de 7,4
7,4
Bien 
3 605 expériences vécues",48.6359541,-1.51146,Mont Saint Michel,9.2,7.7,82.7,391.0,0.7,20.6
a10f8229-08d7-4ae5-a6ae-0d3f8bf60f69,fb1372c111d5,Mont Saint Michel,Mercure Mont Saint Michel,https://www.booking.com/hotel/fr/mont-saint-michel.fr.html?aid=304142&label=gen173nr-10CAQoggJCGHNlYXJjaF9tb250IHNhaW50IG1pY2hlbEgNWARoTYgBAZgBM7gBF8gBDNgBA-gBAfgBAYgCAagCAbgC3IL_yQbAAgHSAiQ2OTdlYjA3Ni0zNjlhLTQxNmYtYTViYy1kMmRmYTAwZWY0ZTfYAgHgAgE&ucfs=1&arphpl=1&group_adults=2&req_adults=2&no_rooms=1&group_children=0&req_children=0&hpos=2&hapos=2&sr_order=popularity&srpvid=5d1538ee0e5c001f&srepoch=1765785939&from=searchresults,"Avec une note de 8,3
8,3
Très bien
3 668 expériences vécues",48.6359541,-1.51146,Mont Saint Michel,9.2,7.7,82.7,391.0,0.7,20.6
55afa455-22b3-4ecb-8c36-bef12bc7ac67,fb1372c111d5,Mont Saint Michel,La Mère Poulard,https://www.booking.com/hotel/fr/la-mere-poulard.fr.html?aid=304142&label=gen173nr-10CAQoggJCGHNlYXJjaF9tb250IHNhaW50IG1pY2hlbEgNWARoTYgBAZgBM7gBF8gBDNgBA-gBAfgBAYgCAagCAbgC3IL_yQbAAgHSAiQ2OTdlYjA3Ni0zNjlhLTQxNmYtYTViYy1kMmRmYTAwZWY0ZTfYAgHgAgE&ucfs=1&arphpl=1&group_adults=2&req_adults=2&no_rooms=1&group_children=0&req_children=0&hpos=3&hapos=3&sr_order=popularity&srpvid=5d1538ee0e5c001f&srepoch=1765785939&from=searchresults,"Avec une note de 7,6
7,6
Bien 
3 380 expériences vécues",48.6359541,-1.51146,Mont Saint Michel,9.2,7.7,82.7,391.0,0.7,20.6
f61016a1-6e4f-408e-8e81-d8b0c28356c6,fb1372c111d5,Mont Saint Michel,Hotel Gabriel,https://www.booking.com/hotel/fr/hotel-gabriel.fr.html?aid=304142&label=gen173nr-10CAQoggJCGHNlYXJjaF9tb250IHNhaW50IG1pY2hlbEgNWARoTYgBAZgBM7gBF8gBDNgBA-gBAfgBAYgCAagCAbgC3IL_yQbAAgHSAiQ2OTdlYjA3Ni0zNjlhLTQxNmYtYTViYy1kMmRmYTAwZWY0ZTfYAgHgAgE&ucfs=1&arphpl=1&group_adults=2&req_adults=2&no_rooms=1&group_children=0&req_children=0&hpos=4&hapos=4&sr_order=popularity&srpvid=5d1538ee0e5c001f&srepoch=1765785939&from=searchresults,"Avec une note de 8,3
8,3
Très bien
2 568 expériences vécues",48.6359541,-1.51146,Mont Saint Michel,9.2,7.7,82.7,391.0,0.7,20.6
fdb57245-b8f3-4af3-8678-95d54230fe3f,fb1372c111d5,Mont Saint Michel,Le Relais Saint Michel,https://www.booking.com/hotel/fr/le-relais-saint-michel.fr.html?aid=304142&label=gen173nr-10CAQoggJCGHNlYXJjaF9tb250IHNhaW50IG1pY2hlbEgNWARoTYgBAZgBM7gBF8gBDNgBA-gBAfgBAYgCAagCAbgC3IL_yQbAAgHSAiQ2OTdlYjA3Ni0zNjlhLTQxNmYtYTViYy1kMmRmYTAwZWY0ZTfYAgHgAgE&ucfs=1&arphpl=1&group_adults=2&req_adults=2&no_rooms=1&group_children=0&req_children=0&hpos=5&hapos=5&sr_order=popularity&srpvid=5d1538ee0e5c001f&srepoch=1765785939&from=searchresults,"Avec une note de 8,3
8,3
Très bien
4 262 expériences vécues",48.6359541,-1.51146,Mont Saint Michel,9.2,7.7,82.7,391.0,0.7,20.6
1e895dcc-45e9-4781-97af-ac402f6e70a7,b1926dc4d399,Saint Malo,Les Bois Flottés,https://www.booking.com/hotel/fr/les-bois-flottes-saint-malo.fr.html?aid=304142&label=gen173nr-10CAQoggJCEXNlYXJjaF9zYWludCBtYWxvSA1YBGhNiAEBmAEzuAEXyAEM2AED6AEB-AEBiAIBqAIBuALhgv_JBsACAdICJDlmY2MxZDE0LWJkODgtNDhiMC1iZTI3LWY2MmY2NDZjNjhjYtgCAeACAQ&ucfs=1&arphpl=1&group_adults=2&req_adults=2&no_rooms=1&group_children=0&req_children=0&hpos=1&hapos=1&sr_order=popularity&srpvid=7c9c38f04ffe0351&srepoch=1765785944&from=searchresults,"Avec une note de 9,1
9,1
Fabuleux 
100 expériences vécues",48.649518,-2.0260409,Saint Malo,9.8,8.1,80.7,333.0,0.6,19.7
9b21af24-b574-44e4-86fe-e8517759502c,b1926dc4d399,Saint Malo,T2 terrasse de charme à Rochebonne 400 m plage,https://www.booking.com/hotel/fr/t2-de-charme-a-rochebonne.fr.html?aid=304142&label=gen173nr-10CAQoggJCEXNlYXJjaF9zYWludCBtYWxvSA1YBGhNiAEBmAEzuAEXyAEM2AED6AEB-AEBiAIBqAIBuALhgv_JBsACAdICJDlmY2MxZDE0LWJkODgtNDhiMC1iZTI3LWY2MmY2NDZjNjhjYtgCAeACAQ&ucfs=1&arphpl=1&group_adults=2&req_adults=2&no_rooms=1&group_children=0&req_children=0&hpos=2&hapos=2&sr_order=popularity&srpvid=7c9c38f04ffe0351&srepoch=1765785944&from=searchresults,"Avec une note de 9,5
9,5
Exceptionnel
70 expériences vécues",48.649518,-2.0260409,Saint Malo,9.8,8.1,80.7,333.0,0.6,19.7
3295d08e-c835-44a7-9087-8b603d161920,b1926dc4d399,Saint Malo,Kyriad Prestige Saint-Malo,https://www.booking.com/hotel/fr/kyriad-prestige-saint-malo-xml.fr.html?aid=304142&label=gen173nr-10CAQoggJCEXNlYXJjaF9zYWludCBtYWxvSA1YBGhNiAEBmAEzuAEXyAEM2AED6AEB-AEBiAIBqAIBuALhgv_JBsACAdICJDlmY2MxZDE0LWJkODgtNDhiMC1iZTI3LWY2MmY2NDZjNjhjYtgCAeACAQ&ucfs=1&arphpl=1&group_adults=2&req_adults=2&no_rooms=1&group_children=0&req_children=0&hpos=3&hapos=3&sr_order=popularity&srpvid=7c9c38f04ffe0351&srepoch=1765785944&from=searchresults,"Avec une note de 8,8
8,8
Superbe
6 253 expériences vécues",48.649518,-2.0260409,Saint Malo,9.8,8.1,80.7,333.0,0.6,19.7
533c1b88-bbf4-4f52-b65f-41a253c42ec8,b1926dc4d399,Saint Malo,Bonne rencontre,https://www.booking.com/hotel/fr/bonne-rencontre.fr.html?aid=304142&label=gen173nr-10CAQoggJCEXNlYXJjaF9zYWludCBtYWxvSA1YBGhNiAEBmAEzuAEXyAEM2AED6AEB-AEBiAIBqAIBuALhgv_JBsACAdICJDlmY2MxZDE0LWJkODgtNDhiMC1iZTI3LWY2MmY2NDZjNjhjYtgCAeACAQ&ucfs=1&arphpl=1&group_adults=2&req_adults=2&no_rooms=1&group_children=0&req_children=0&hpos=4&hapos=4&sr_order=popularity&srpvid=7c9c38f04ffe0351&srepoch=1765785944&from=searchresults,"Avec une note de 9,6
9,6
Exceptionnel
9 expériences vécues",48.649518,-2.0260409,Saint Malo,9.8,8.1,80.7,333.0,0.6,19.7
d26f4c9f-a711-4fcc-801f-ffbad6b325ea,b1926dc4d399,Saint Malo,Résidence Pierre & Vacances Ty Mat,https://www.booking.com/hotel/fr/maevatymat.fr.html?aid=304142&label=gen173nr-10CAQoggJCEXNlYXJjaF9zYWludCBtYWxvSA1YBGhNiAEBmAEzuAEXyAEM2AED6AEB-AEBiAIBqAIBuALhgv_JBsACAdICJDlmY2MxZDE0LWJkODgtNDhiMC1iZTI3LWY2MmY2NDZjNjhjYtgCAeACAQ&ucfs=1&arphpl=1&group_adults=2&req_adults=2&no_rooms=1&group_children=0&req_children=0&hpos=5&hapos=5&sr_order=popularity&srpvid=7c9c38f04ffe0351&srepoch=1765785944&from_sustainable_property_sr=1&from=searchresults,"Avec une note de 8,1
8,1
Très bien
2 732 expériences vécues",48.649518,-2.0260409,Saint Malo,9.8,8.1,80.7,333.0,0.6,19.7
720be52b-162d-46c8-b264-031ace00e424,5fd0187b51b2,Bayeux,Villa Normande large house with private parking,https://www.booking.com/hotel/fr/villa-normande-grande-maison-parking-prive.fr.html?aid=304142&label=gen173nr-10CAQoggJCDXNlYXJjaF9iYXlldXhIDVgEaE2IAQGYATO4ARfIAQzYAQPoAQH4AQGIAgGoAgG4AuqC_8kGwAIB0gIkYmM5ZjVlODQtMTY5Yi00MmE3LWE1Y2EtYzI4YmM4ZGQwMTI32AIB4AIB&ucfs=1&arphpl=1&group_adults=2&req_adults=2&no_rooms=1&group_children=0&req_children=0&hpos=1&hapos=1&sr_order=popularity&srpvid=385d38f5d53b0263&srepoch=1765785953&from=searchresults,,49.2764624,-0.7024738,Bayeux,8.8,6.7,79.7,256.0,0.7,18.8
4e67dc20-b3a5-4174-8f94-d8ed4bc2b0c9,5fd0187b51b2,Bayeux,Ibis Budget Bayeux,https://www.booking.com/hotel/fr/etap-bayeux.fr.html?aid=304142&label=gen173nr-10CAQoggJCDXNlYXJjaF9iYXlldXhIDVgEaE2IAQGYATO4ARfIAQzYAQPoAQH4AQGIAgGoAgG4AuqC_8kGwAIB0gIkYmM5ZjVlODQtMTY5Yi00MmE3LWE1Y2EtYzI4YmM4ZGQwMTI32AIB4AIB&ucfs=1&arphpl=1&group_adults=2&req_adults=2&no_rooms=1&group_children=0&req_children=0&hpos=2&hapos=2&sr_order=popularity&srpvid=385d38f5d53b0263&srepoch=1765785953&from=searchresults,"Avec une note de 8,0
8,0
Très bien
2 309 expériences vécues",49.2764624,-0.7024738,Bayeux,8.8,6.7,79.7,256.0,0.7,18.8
82698964-7b03-4306-96a8-9aa792f2e4ac,5fd0187b51b2,Bayeux,B&B Nathalie,https://www.booking.com/hotel/fr/imagine-bayeux.fr.html?aid=304142&label=gen173nr-10CAQoggJCDXNlYXJjaF9iYXlldXhIDVgEaE2IAQGYATO4ARfIAQzYAQPoAQH4AQGIAgGoAgG4AuqC_8kGwAIB0gIkYmM5ZjVlODQtMTY5Yi00MmE3LWE1Y2EtYzI4YmM4ZGQwMTI32AIB4AIB&ucfs=1&arphpl=1&group_adults=2&req_adults=2&no_rooms=1&group_children=0&req_children=0&hpos=3&hapos=3&sr_order=popularity&srpvid=385d38f5d53b0263&srepoch=1765785953&from=searchresults,"Avec une note de 9,5
9,5
Exceptionnel
337 expériences vécues",49.2764624,-0.7024738,Bayeux,8.8,6.7,79.7,256.0,0.7,18.8
bfc9f212-c715-4881-96c4-1e0d70dbeb65,5fd0187b51b2,Bayeux,Gites les Pourquoi Pas - Résidence de Tourisme DSV Bayeux,https://www.booking.com/hotel/fr/gites-les-pourquoi-pas-residence-de-tourisme-dsv-bayeux.fr.html?aid=304142&label=gen173nr-10CAQoggJCDXNlYXJjaF9iYXlldXhIDVgEaE2IAQGYATO4ARfIAQzYAQPoAQH4AQGIAgGoAgG4AuqC_8kGwAIB0gIkYmM5ZjVlODQtMTY5Yi00MmE3LWE1Y2EtYzI4YmM4ZGQwMTI32AIB4AIB&ucfs=1&arphpl=1&group_adults=2&req_adults=2&no_rooms=1&group_children=0&req_children=0&hpos=4&hapos=4&sr_order=popularity&srpvid=385d38f5d53b0263&srepoch=1765785953&from=searchresults,"Avec une note de 9,1
9,1
Fabuleux 
564 expériences vécues",49.2764624,-0.7024738,Bayeux,8.8,6.7,79.7,256.0,0.7,18.8
ef831412-8965-4a1c-a97c-25f256ab15ba,5fd0187b51b2,Bayeux,Le Petit Malo,https://www.booking.com/hotel/fr/le-petit-malo.fr.html?aid=304142&label=gen173nr-10CAQoggJCDXNlYXJjaF9iYXlldXhIDVgEaE2IAQGYATO4ARfIAQzYAQPoAQH4AQGIAgGoAgG4AuqC_8kGwAIB0gIkYmM5ZjVlODQtMTY5Yi00MmE3LWE1Y2EtYzI4YmM4ZGQwMTI32AIB4AIB&ucfs=1&arphpl=1&group_adults=2&req_adults=2&no_rooms=1&group_children=0&req_children=0&hpos=5&hapos=5&sr_order=popularity&srpvid=385d38f5d53b0263&srepoch=1765785953&from=searchresults,"Avec une note de 9,5
9,5
Exceptionnel
76 expériences vécues",49.2764624,-0.7024738,Bayeux,8.8,6.7,79.7,256.0,0.7,18.8
a0f8b0c8-04b5-41c1-a718-1f0d256cf5ed,4e9b8cad09f6,Le Havre,SAINT FRANCOIS Le Havre,https://www.booking.com/hotel/fr/saint-francois-le-havre-le-havre.fr.html?aid=304142&label=gen173nr-10CAQoggJCD3NlYXJjaF9sZSBoYXZyZUgNWARoTYgBAZgBM7gBF8gBDNgBA-gBAfgBAYgCAagCAbgCkYP_yQbAAgHSAiQ3NTliODNkNS0wZDMzLTQwZDAtOWJkNS1iMjU1NTNlNjljNjbYAgHgAgE&ucfs=1&arphpl=1&group_adults=2&req_adults=2&no_rooms=1&group_children=0&req_children=0&hpos=1&hapos=1&sr_order=popularity&srpvid=ce39390890ff053d&srepoch=1765785992&from=searchresults,"Avec une note de 9,0
9,0
Fabuleux 
3 expériences vécues",49.4938975,0.1079732,Le Havre,9.5,7.4,76.4,367.0,0.7,19.4
88b748ca-1f12-44bc-9553-f187de38c537,4e9b8cad09f6,Le Havre,Hotel Spa Le Pasino,https://www.booking.com/hotel/fr/pasino.fr.html?aid=304142&label=gen173nr-10CAQoggJCD3NlYXJjaF9sZSBoYXZyZUgNWARoTYgBAZgBM7gBF8gBDNgBA-gBAfgBAYgCAagCAbgCkYP_yQbAAgHSAiQ3NTliODNkNS0wZDMzLTQwZDAtOWJkNS1iMjU1NTNlNjljNjbYAgHgAgE&ucfs=1&arphpl=1&group_adults=2&req_adults=2&no_rooms=1&group_children=0&req_children=0&hpos=2&hapos=2&sr_order=popularity&srpvid=ce39390890ff053d&srepoch=1765785992&from=searchresults,"Avec une note de 8,2
8,2
Très bien
973 expériences vécues",49.4938975,0.1079732,Le Havre,9.5,7.4,76.4,367.0,0.7,19.4
60596760-2df0-4c08-9b88-fa57749c810d,4e9b8cad09f6,Le Havre,All Suites Appart Hôtel - Le Havre Centre - Les docks,https://www.booking.com/hotel/fr/all-suites-appart-le-havre.fr.html?aid=304142&label=gen173nr-10CAQoggJCD3NlYXJjaF9sZSBoYXZyZUgNWARoTYgBAZgBM7gBF8gBDNgBA-gBAfgBAYgCAagCAbgCkYP_yQbAAgHSAiQ3NTliODNkNS0wZDMzLTQwZDAtOWJkNS1iMjU1NTNlNjljNjbYAgHgAgE&ucfs=1&arphpl=1&group_adults=2&req_adults=2&no_rooms=1&group_children=0&req_children=0&hpos=3&hapos=3&sr_order=popularity&srpvid=ce39390890ff053d&srepoch=1765785992&from_sustainable_property_sr=1&from=searchresults,"Avec une note de 8,6
8,6
Superbe
3 227 expériences vécues",49.4938975,0.1079732,Le Havre,9.5,7.4,76.4,367.0,0.7,19.4
8c29724e-022f-49a2-a3a3-535e4e6d571e,4e9b8cad09f6,Le Havre,Appart Hotel Odalys City Le Havre Centre Les Docks,https://www.booking.com/hotel/fr/odalys-city-le-havre-centre-les-docks.fr.html?aid=304142&label=gen173nr-10CAQoggJCD3NlYXJjaF9sZSBoYXZyZUgNWARoTYgBAZgBM7gBF8gBDNgBA-gBAfgBAYgCAagCAbgCkYP_yQbAAgHSAiQ3NTliODNkNS0wZDMzLTQwZDAtOWJkNS1iMjU1NTNlNjljNjbYAgHgAgE&ucfs=1&arphpl=1&group_adults=2&req_adults=2&no_rooms=1&group_children=0&req_children=0&hpos=4&hapos=4&sr_order=popularity&srpvid=ce39390890ff053d&srepoch=1765785992&from_sustainable_property_sr=1&from=searchresults,"Avec une note de 8,5
8,5
Très bien
2 268 expériences vécues",49.4938975,0.1079732,Le Havre,9.5,7.4,76.4,367.0,0.7,19.4
829c79d1-f54a-4c03-b2c6-ea2572cb196f,4e9b8cad09f6,Le Havre,The People Le Havre,https://www.booking.com/hotel/fr/residence-la-fregate.fr.html?aid=304142&label=gen173nr-10CAQoggJCD3NlYXJjaF9sZSBoYXZyZUgNWARoTYgBAZgBM7gBF8gBDNgBA-gBAfgBAYgCAagCAbgCkYP_yQbAAgHSAiQ3NTliODNkNS0wZDMzLTQwZDAtOWJkNS1iMjU1NTNlNjljNjbYAgHgAgE&ucfs=1&arphpl=1&group_adults=2&req_adults=2&no_rooms=1&group_children=0&req_children=0&hpos=5&hapos=5&sr_order=popularity&srpvid=ce39390890ff053d&srepoch=1765785992&from_sustainable_property_sr=1&from=searchresults,"Avec une note de 8,4
8,4
Très bien
1 386 expériences vécues",49.4938975,0.1079732,Le Havre,9.5,7.4,76.4,367.0,0.7,19.4
dc09ecd0-2a77-49af-86af-e7e2d1d58154,e76e9773c33d,Rouen,ibis budget Rouen Centre Rive Gauche,https://www.booking.com/hotel/fr/ibis-budget-rouen-centre-rive-gauche.fr.html?aid=304142&label=gen173nr-10CAQoggJCDHNlYXJjaF9yb3VlbkgNWARoTYgBAZgBM7gBF8gBDNgBA-gBAfgBAYgCAagCAbgCmoP_yQbAAgHSAiQ1YzlmZjEzMi05OTBkLTRiYWQtOWNiZi02M2M4YWUyMTkyZWbYAgHgAgE&ucfs=1&arphpl=1&group_adults=2&req_adults=2&no_rooms=1&group_children=0&req_children=0&hpos=1&hapos=1&sr_order=popularity&srpvid=5240390d99be0231&srepoch=1765786001&from_sustainable_property_sr=1&from=searchresults,"Avec une note de 8,4
8,4
Très bien
4 483 expériences vécues",49.4404591,1.0939658,Rouen,9.0,7.2,77.4,185.0,0.7,20.4
572950cb-9233-4b13-ab7b-5f848d64af4a,e76e9773c33d,Rouen,"Radisson Blu Hotel, Rouen Centre",https://www.booking.com/hotel/fr/radisson-blu-rouen-centre.fr.html?aid=304142&label=gen173nr-10CAQoggJCDHNlYXJjaF9yb3VlbkgNWARoTYgBAZgBM7gBF8gBDNgBA-gBAfgBAYgCAagCAbgCmoP_yQbAAgHSAiQ1YzlmZjEzMi05OTBkLTRiYWQtOWNiZi02M2M4YWUyMTkyZWbYAgHgAgE&ucfs=1&arphpl=1&group_adults=2&req_adults=2&no_rooms=1&group_children=0&req_children=0&hpos=2&hapos=2&sr_order=popularity&srpvid=5240390d99be0231&srepoch=1765786001&from_sustainable_property_sr=1&from=searchresults,"Avec une note de 8,9
8,9
Superbe
4 935 expériences vécues",49.4404591,1.0939658,Rouen,9.0,7.2,77.4,185.0,0.7,20.4
5fb37282-c4bc-4009-b74f-73c971d718cb,e76e9773c33d,Rouen,Hyatt Place Rouen,https://www.booking.com/hotel/fr/hyatt-place-rouen.fr.html?aid=304142&label=gen173nr-10CAQoggJCDHNlYXJjaF9yb3VlbkgNWARoTYgBAZgBM7gBF8gBDNgBA-gBAfgBAYgCAagCAbgCmoP_yQbAAgHSAiQ1YzlmZjEzMi05OTBkLTRiYWQtOWNiZi02M2M4YWUyMTkyZWbYAgHgAgE&ucfs=1&arphpl=1&group_adults=2&req_adults=2&no_rooms=1&group_children=0&req_children=0&hpos=3&hapos=3&sr_order=popularity&srpvid=5240390d99be0231&srepoch=1765786001&from=searchresults,"Avec une note de 8,6
8,6
Superbe
1 378 expériences vécues",49.4404591,1.0939658,Rouen,9.0,7.2,77.4,185.0,0.7,20.4
daa5d890-ac8c-49b7-8c0a-3c006019876a,e76e9773c33d,Rouen,Novotel Rouen Centre Cathédrale,https://www.booking.com/hotel/fr/novotel-rouen-centre-cathedrale.fr.html?aid=304142&label=gen173nr-10CAQoggJCDHNlYXJjaF9yb3VlbkgNWARoTYgBAZgBM7gBF8gBDNgBA-gBAfgBAYgCAagCAbgCmoP_yQbAAgHSAiQ1YzlmZjEzMi05OTBkLTRiYWQtOWNiZi02M2M4YWUyMTkyZWbYAgHgAgE&ucfs=1&arphpl=1&group_adults=2&req_adults=2&no_rooms=1&group_children=0&req_children=0&hpos=4&hapos=4&sr_order=popularity&srpvid=5240390d99be0231&srepoch=1765786001&from=searchresults,"Avec une note de 8,5
8,5
Très bien
1 160 expériences vécues",49.4404591,1.0939658,Rouen,9.0,7.2,77.4,185.0,0.7,20.4
5b756374-55ea-4ca2-b3b6-18bab46f2f71,e76e9773c33d,Rouen,Mercure Rouen Centre Cathédrale,https://www.booking.com/hotel/fr/mercure-rouen-centre.fr.html?aid=304142&label=gen173nr-10CAQoggJCDHNlYXJjaF9yb3VlbkgNWARoTYgBAZgBM7gBF8gBDNgBA-gBAfgBAYgCAagCAbgCmoP_yQbAAgHSAiQ1YzlmZjEzMi05OTBkLTRiYWQtOWNiZi02M2M4YWUyMTkyZWbYAgHgAgE&ucfs=1&arphpl=1&group_adults=2&req_adults=2&no_rooms=1&group_children=0&req_children=0&hpos=5&hapos=5&sr_order=popularity&srpvid=5240390d99be0231&srepoch=1765786001&from=searchresults,"Avec une note de 8,5
8,5
Très bien
3 331 expériences vécues",49.4404591,1.0939658,Rouen,9.0,7.2,77.4,185.0,0.7,20.4
8b19cd7e-1686-40c4-9164-4fdf9515b60b,ccbee73cd81c,Paris,Hilton Garden Inn Paris La Villette,https://www.booking.com/hotel/fr/hilton-garden-inn-paris-la-villette.fr.html?aid=304142&label=gen173nr-10CAQoggJCDHNlYXJjaF9wYXJpc0gNWARoTYgBAZgBM7gBF8gBDNgBA-gBAfgBAYgCAagCAbgCo4P_yQbAAgHSAiRkNmEzZDMyYi1iZDY2LTQyYzUtODc3ZS0wMWY5MzMxYTUxYWPYAgHgAgE&ucfs=1&arphpl=1&group_adults=2&req_adults=2&no_rooms=1&group_children=0&req_children=0&hpos=1&hapos=1&sr_order=popularity&srpvid=7ee33911534701d0&srepoch=1765786009&from_sustainable_property_sr=1&from=searchresults,"Avec une note de 8,5
8,5
Très bien
689 expériences vécues",48.8534951,2.3483915,Paris,9.2,7.8,72.3,184.0,0.7,23.1
0580db96-f6df-42a3-a800-8c52df364d5c,ccbee73cd81c,Paris,Moxy Paris Bastille,https://www.booking.com/hotel/fr/moxy-paris-bastille.fr.html?aid=304142&label=gen173nr-10CAQoggJCDHNlYXJjaF9wYXJpc0gNWARoTYgBAZgBM7gBF8gBDNgBA-gBAfgBAYgCAagCAbgCo4P_yQbAAgHSAiRkNmEzZDMyYi1iZDY2LTQyYzUtODc3ZS0wMWY5MzMxYTUxYWPYAgHgAgE&ucfs=1&arphpl=1&group_adults=2&req_adults=2&no_rooms=1&group_children=0&req_children=0&hpos=2&hapos=2&sr_order=popularity&srpvid=7ee33911534701d0&srepoch=1765786009&from=searchresults,"Avec une note de 8,0
8,0
Très bien
792 expériences vécues",48.8534951,2.3483915,Paris,9.2,7.8,72.3,184.0,0.7,23.1
39f04e53-0c1f-4133-a13a-ccd3052c406f,ccbee73cd81c,Paris,BnBNova - 1BR - Eiffel Tower & Champ de Mars,https://www.booking.com/hotel/fr/charming-1br-near-eiffel-tower-sleeps-4-paris1.fr.html?aid=304142&label=gen173nr-10CAQoggJCDHNlYXJjaF9wYXJpc0gNWARoTYgBAZgBM7gBF8gBDNgBA-gBAfgBAYgCAagCAbgCo4P_yQbAAgHSAiRkNmEzZDMyYi1iZDY2LTQyYzUtODc3ZS0wMWY5MzMxYTUxYWPYAgHgAgE&ucfs=1&arphpl=1&group_adults=2&req_adults=2&no_rooms=1&group_children=0&req_children=0&hpos=3&hapos=3&sr_order=popularity&srpvid=7ee33911534701d0&srepoch=1765786009&from=searchresults,,48.8534951,2.3483915,Paris,9.2,7.8,72.3,184.0,0.7,23.1
7271f928-d252-46fa-98ad-a38f85ffe76b,ccbee73cd81c,Paris,Spacious 3 Bedroom Apartment - Luxe Trocadero,https://www.booking.com/hotel/fr/spacious-3-bedroom-apartment-luxe-trocadero-paris.fr.html?aid=304142&label=gen173nr-10CAQoggJCDHNlYXJjaF9wYXJpc0gNWARoTYgBAZgBM7gBF8gBDNgBA-gBAfgBAYgCAagCAbgCo4P_yQbAAgHSAiRkNmEzZDMyYi1iZDY2LTQyYzUtODc3ZS0wMWY5MzMxYTUxYWPYAgHgAgE&ucfs=1&arphpl=1&group_adults=2&req_adults=2&no_rooms=1&group_children=0&req_children=0&hpos=4&hapos=4&sr_order=popularity&srpvid=7ee33911534701d0&srepoch=1765786009&from=searchresults,,48.8534951,2.3483915,Paris,9.2,7.8,72.3,184.0,0.7,23.1
381ee732-fb71-4226-8801-120e834423f6,ccbee73cd81c,Paris,Un Trésor au Champs-Elysées,https://www.booking.com/hotel/fr/un-tresor-a-victor-hugo.fr.html?aid=304142&label=gen173nr-10CAQoggJCDHNlYXJjaF9wYXJpc0gNWARoTYgBAZgBM7gBF8gBDNgBA-gBAfgBAYgCAagCAbgCo4P_yQbAAgHSAiRkNmEzZDMyYi1iZDY2LTQyYzUtODc3ZS0wMWY5MzMxYTUxYWPYAgHgAgE&ucfs=1&arphpl=1&group_adults=2&req_adults=2&no_rooms=1&group_children=0&req_children=0&hpos=5&hapos=5&sr_order=popularity&srpvid=7ee33911534701d0&srepoch=1765786009&from=searchresults,,48.8534951,2.3483915,Paris,9.2,7.8,72.3,184.0,0.7,23.1
4bfe870f-27b3-4fcf-95b7-3b8be505cbaa,ebffa599f435,Amiens,Holiday Inn Express Amiens by IHG,https://www.booking.com/hotel/fr/express-by-holiday-inn.fr.html?aid=304142&label=gen173nr-10CAQoggJCDXNlYXJjaF9hbWllbnNIDVgEaE2IAQGYATO4ARfIAQzYAQPoAQH4AQGIAgGoAgG4AoWE_8kGwAIB0gIkMDZhMzM4Y2UtZjJhMC00ZTAxLWI1YTUtMTc0ZDEzNWZiMDA02AIB4AIB&ucfs=1&arphpl=1&group_adults=2&req_adults=2&no_rooms=1&group_children=0&req_children=0&hpos=1&hapos=1&sr_order=popularity&srpvid=b6e93942cb70028e&srepoch=1765786107&from=searchresults,"Avec une note de 8,0
8,0
Très bien
3 414 expériences vécues",49.8941708,2.2956951,Amiens,8.7,6.8,79.3,100.0,0.7,19.7
3d283094-83f3-4910-839a-a8e2e590f2d4,ebffa599f435,Amiens,ibis Styles Amiens Centre,https://www.booking.com/hotel/fr/ibis-styles-amiens-centre.fr.html?aid=304142&label=gen173nr-10CAQoggJCDXNlYXJjaF9hbWllbnNIDVgEaE2IAQGYATO4ARfIAQzYAQPoAQH4AQGIAgGoAgG4AoWE_8kGwAIB0gIkMDZhMzM4Y2UtZjJhMC00ZTAxLWI1YTUtMTc0ZDEzNWZiMDA02AIB4AIB&ucfs=1&arphpl=1&group_adults=2&req_adults=2&no_rooms=1&group_children=0&req_children=0&hpos=2&hapos=2&sr_order=popularity&srpvid=b6e93942cb70028e&srepoch=1765786107&from_sustainable_property_sr=1&from=searchresults,"Avec une note de 8,5
8,5
Très bien
1 586 expériences vécues",49.8941708,2.2956951,Amiens,8.7,6.8,79.3,100.0,0.7,19.7
f43e7dd6-f5f4-4fcd-af2e-a8761dc36362,ebffa599f435,Amiens,Ibis Budget Amiens Centre Gare,https://www.booking.com/hotel/fr/ibis-budget-amiens-centre-gare.fr.html?aid=304142&label=gen173nr-10CAQoggJCDXNlYXJjaF9hbWllbnNIDVgEaE2IAQGYATO4ARfIAQzYAQPoAQH4AQGIAgGoAgG4AoWE_8kGwAIB0gIkMDZhMzM4Y2UtZjJhMC00ZTAxLWI1YTUtMTc0ZDEzNWZiMDA02AIB4AIB&ucfs=1&arphpl=1&group_adults=2&req_adults=2&no_rooms=1&group_children=0&req_children=0&hpos=3&hapos=3&sr_order=popularity&srpvid=b6e93942cb70028e&srepoch=1765786107&from_sustainable_property_sr=1&from=searchresults,"Avec une note de 8,2
8,2
Très bien
3 097 expériences vécues",49.8941708,2.2956951,Amiens,8.7,6.8,79.3,100.0,0.7,19.7
9781e1ed-7a18-414a-a786-ed9b9d305917,ebffa599f435,Amiens,Ginkgo Maison d'hôtes,https://www.booking.com/hotel/fr/ginkgo-maison-d-39-hotes.fr.html?aid=304142&label=gen173nr-10CAQoggJCDXNlYXJjaF9hbWllbnNIDVgEaE2IAQGYATO4ARfIAQzYAQPoAQH4AQGIAgGoAgG4AoWE_8kGwAIB0gIkMDZhMzM4Y2UtZjJhMC00ZTAxLWI1YTUtMTc0ZDEzNWZiMDA02AIB4AIB&ucfs=1&arphpl=1&group_adults=2&req_adults=2&no_rooms=1&group_children=0&req_children=0&hpos=4&hapos=4&sr_order=popularity&srpvid=b6e93942cb70028e&srepoch=1765786107&from=searchresults,"Avec une note de 9,3
9,3
Fabuleux 
1 070 expériences vécues",49.8941708,2.2956951,Amiens,8.7,6.8,79.3,100.0,0.7,19.7
74d736ba-2bd0-46b2-ac0e-7ddf3b2fae98,ebffa599f435,Amiens,Nemea Appart Hotel Coliseum Amiens Centre,https://www.booking.com/hotel/fr/nemea-appart-coliseum.fr.html?aid=304142&label=gen173nr-10CAQoggJCDXNlYXJjaF9hbWllbnNIDVgEaE2IAQGYATO4ARfIAQzYAQPoAQH4AQGIAgGoAgG4AoWE_8kGwAIB0gIkMDZhMzM4Y2UtZjJhMC00ZTAxLWI1YTUtMTc0ZDEzNWZiMDA02AIB4AIB&ucfs=1&arphpl=1&group_adults=2&req_adults=2&no_rooms=1&group_children=0&req_children=0&hpos=5&hapos=5&sr_order=popularity&srpvid=b6e93942cb70028e&srepoch=1765786107&from=searchresults,"Avec une note de 8,5
8,5
Très bien
1 186 expériences vécues",49.8941708,2.2956951,Amiens,8.7,6.8,79.3,100.0,0.7,19.7
3055ef16-d382-43cf-b4b7-6e8dcd737fb7,964a8bed31d6,Lille,CENTRAL Hostel Lille Centre,https://www.booking.com/hotel/fr/central-hostel-lille-centre.fr.html?aid=304142&label=gen173nr-10CAQoggJCDHNlYXJjaF9saWxsZUgNWARoTYgBAZgBM7gBF8gBDNgBA-gBAfgBAYgCAagCAbgCjYT_yQbAAgHSAiRkNWU5ZjFmOC00YTJjLTRiMmMtOWJiOS1kZGIzZWY3ZmMyN2LYAgHgAgE&ucfs=1&arphpl=1&group_adults=2&req_adults=2&no_rooms=1&group_children=0&req_children=0&hpos=1&hapos=1&sr_order=popularity&srpvid=29063946f9b40627&srepoch=1765786116&from=searchresults,"Avec une note de 9,1
9,1
Fabuleux 
919 expériences vécues",50.6365654,3.0635282,Lille,8.5,6.6,77.3,120.0,0.6,19.6
f85f0252-5814-422e-9bc4-84eb828a7d20,964a8bed31d6,Lille,Hotel Lille Europe,https://www.booking.com/hotel/fr/lille-europe.fr.html?aid=304142&label=gen173nr-10CAQoggJCDHNlYXJjaF9saWxsZUgNWARoTYgBAZgBM7gBF8gBDNgBA-gBAfgBAYgCAagCAbgCjYT_yQbAAgHSAiRkNWU5ZjFmOC00YTJjLTRiMmMtOWJiOS1kZGIzZWY3ZmMyN2LYAgHgAgE&ucfs=1&arphpl=1&group_adults=2&req_adults=2&no_rooms=1&group_children=0&req_children=0&hpos=2&hapos=2&sr_order=popularity&srpvid=29063946f9b40627&srepoch=1765786116&from=searchresults,"Avec une note de 8,1
8,1
Très bien
7 426 expériences vécues",50.6365654,3.0635282,Lille,8.5,6.6,77.3,120.0,0.6,19.6
bc8be41f-7829-4411-b2f4-28d8fc7d9f2e,964a8bed31d6,Lille,ibis Lille Centre Grand Palais,https://www.booking.com/hotel/fr/ibis-lille-centre-grand-palais.fr.html?aid=304142&label=gen173nr-10CAQoggJCDHNlYXJjaF9saWxsZUgNWARoTYgBAZgBM7gBF8gBDNgBA-gBAfgBAYgCAagCAbgCjYT_yQbAAgHSAiRkNWU5ZjFmOC00YTJjLTRiMmMtOWJiOS1kZGIzZWY3ZmMyN2LYAgHgAgE&ucfs=1&arphpl=1&group_adults=2&req_adults=2&no_rooms=1&group_children=0&req_children=0&hpos=3&hapos=3&sr_order=popularity&srpvid=29063946f9b40627&srepoch=1765786116&from=searchresults,"Avec une note de 8,3
8,3
Très bien
2 221 expériences vécues",50.6365654,3.0635282,Lille,8.5,6.6,77.3,120.0,0.6,19.6
571e3381-093a-46ab-a5d1-3fdbaa5ccb2e,964a8bed31d6,Lille,Grand Hotel Bellevue - Grand Place,https://www.booking.com/hotel/fr/grandhotelbellevue.fr.html?aid=304142&label=gen173nr-10CAQoggJCDHNlYXJjaF9saWxsZUgNWARoTYgBAZgBM7gBF8gBDNgBA-gBAfgBAYgCAagCAbgCjYT_yQbAAgHSAiRkNWU5ZjFmOC00YTJjLTRiMmMtOWJiOS1kZGIzZWY3ZmMyN2LYAgHgAgE&ucfs=1&arphpl=1&group_adults=2&req_adults=2&no_rooms=1&group_children=0&req_children=0&hpos=4&hapos=4&sr_order=popularity&srpvid=29063946f9b40627&srepoch=1765786116&from_sustainable_property_sr=1&from=searchresults,"Avec une note de 8,3
8,3
Très bien
3 169 expériences vécues",50.6365654,3.0635282,Lille,8.5,6.6,77.3,120.0,0.6,19.6
88154318-5ba4-46db-81e4-18c5745cd594,964a8bed31d6,Lille,Campanile Lille Euralille,https://www.booking.com/hotel/fr/campanile-lille-euralille-xml.fr.html?aid=304142&label=gen173nr-10CAQoggJCDHNlYXJjaF9saWxsZUgNWARoTYgBAZgBM7gBF8gBDNgBA-gBAfgBAYgCAagCAbgCjYT_yQbAAgHSAiRkNWU5ZjFmOC00YTJjLTRiMmMtOWJiOS1kZGIzZWY3ZmMyN2LYAgHgAgE&ucfs=1&arphpl=1&group_adults=2&req_adults=2&no_rooms=1&group_children=0&req_children=0&hpos=5&hapos=5&sr_order=popularity&srpvid=29063946f9b40627&srepoch=1765786116&from=searchresults,"Avec une note de 8,2
8,2
Très bien
4 313 expériences vécues",50.6365654,3.0635282,Lille,8.5,6.6,77.3,120.0,0.6,19.6
8d25cccc-71ef-4a49-888d-70061b60f127,bb29bb72d5fe,Strasbourg,petit studio proche gare Strasbourg,https://www.booking.com/hotel/fr/petit-studio-proche-gare-strasbourg.fr.html?aid=304142&label=gen173nr-10CAQoggJCEXNlYXJjaF9zdHJhc2JvdXJnSA1YBGhNiAEBmAEzuAEXyAEM2AED6AEB-AEBiAIBqAIBuAKWhP_JBsACAdICJDljZTE2OGI3LTBlMzgtNDc5ZS04MmNlLTNjNjAyZDA2YmEzONgCAeACAQ&ucfs=1&arphpl=1&group_adults=2&req_adults=2&no_rooms=1&group_children=0&req_children=0&hpos=1&hapos=1&sr_order=popularity&srpvid=5252394ba11c023d&srepoch=1765786124&from=searchresults,,48.584614,7.7507127,Strasbourg,7.2,5.9,76.9,295.0,0.7,22.5
a5d7ea6d-e395-46b9-a65d-5ef7d3bac751,bb29bb72d5fe,Strasbourg,Chambre proche du campus n2,https://www.booking.com/hotel/fr/chambre-2-avec-balcon.fr.html?aid=304142&label=gen173nr-10CAQoggJCEXNlYXJjaF9zdHJhc2JvdXJnSA1YBGhNiAEBmAEzuAEXyAEM2AED6AEB-AEBiAIBqAIBuAKWhP_JBsACAdICJDljZTE2OGI3LTBlMzgtNDc5ZS04MmNlLTNjNjAyZDA2YmEzONgCAeACAQ&ucfs=1&arphpl=1&group_adults=2&req_adults=2&no_rooms=1&group_children=0&req_children=0&hpos=2&hapos=2&sr_order=popularity&srpvid=5252394ba11c023d&srepoch=1765786124&from=searchresults,"Avec une note de 8,1
8,1
Très bien
14 expériences vécues",48.584614,7.7507127,Strasbourg,7.2,5.9,76.9,295.0,0.7,22.5
c59e9e16-bb83-4bf6-8ba6-7648509b6121,bb29bb72d5fe,Strasbourg,Chambre 2 avec un lit simple,https://www.booking.com/hotel/fr/chambre-3-bis.fr.html?aid=304142&label=gen173nr-10CAQoggJCEXNlYXJjaF9zdHJhc2JvdXJnSA1YBGhNiAEBmAEzuAEXyAEM2AED6AEB-AEBiAIBqAIBuAKWhP_JBsACAdICJDljZTE2OGI3LTBlMzgtNDc5ZS04MmNlLTNjNjAyZDA2YmEzONgCAeACAQ&ucfs=1&arphpl=1&group_adults=2&req_adults=2&no_rooms=1&group_children=0&req_children=0&hpos=3&hapos=3&sr_order=popularity&srpvid=5252394ba11c023d&srepoch=1765786124&from=searchresults,"Avec une note de 8,9
8,9
Superbe
12 expériences vécues",48.584614,7.7507127,Strasbourg,7.2,5.9,76.9,295.0,0.7,22.5
8bb62fb0-a8ee-4729-874f-3d23d9bb0e2c,bb29bb72d5fe,Strasbourg,The People - Strasbourg,https://www.booking.com/hotel/fr/the-people-hostel-strasbourg.fr.html?aid=304142&label=gen173nr-10CAQoggJCEXNlYXJjaF9zdHJhc2JvdXJnSA1YBGhNiAEBmAEzuAEXyAEM2AED6AEB-AEBiAIBqAIBuAKWhP_JBsACAdICJDljZTE2OGI3LTBlMzgtNDc5ZS04MmNlLTNjNjAyZDA2YmEzONgCAeACAQ&ucfs=1&arphpl=1&group_adults=2&req_adults=2&no_rooms=1&group_children=0&req_children=0&hpos=4&hapos=4&sr_order=popularity&srpvid=5252394ba11c023d&srepoch=1765786124&from_sustainable_property_sr=1&from=searchresults,"Avec une note de 7,9
7,9
Bien 
6 020 expériences vécues",48.584614,7.7507127,Strasbourg,7.2,5.9,76.9,295.0,0.7,22.5
99ffa305-bef8-4dfd-8472-eecb69fd69e7,bb29bb72d5fe,Strasbourg,City Residence Access Strasbourg,https://www.booking.com/hotel/fr/city-residence-access-strasbourg-strasbourg.fr.html?aid=304142&label=gen173nr-10CAQoggJCEXNlYXJjaF9zdHJhc2JvdXJnSA1YBGhNiAEBmAEzuAEXyAEM2AED6AEB-AEBiAIBqAIBuAKWhP_JBsACAdICJDljZTE2OGI3LTBlMzgtNDc5ZS04MmNlLTNjNjAyZDA2YmEzONgCAeACAQ&ucfs=1&arphpl=1&group_adults=2&req_adults=2&no_rooms=1&group_children=0&req_children=0&hpos=5&hapos=5&sr_order=popularity&srpvid=5252394ba11c023d&srepoch=1765786124&from=searchresults,"Avec une note de 7,1
7,1
Bien 
6 395 expériences vécues",48.584614,7.7507127,Strasbourg,7.2,5.9,76.9,295.0,0.7,22.5
168bdd88-1f03-41d3-8547-f1ba938e5fa4,794f211090be,Chateau du Haut Koenigsbourg,Domaine du Haut-Koenigsbourg,https://www.booking.com/hotel/fr/les-chambres-du-haut-koenigsbourg.fr.html?aid=304142&label=gen173nr-10CAQoggJCI3NlYXJjaF9jaGF0ZWF1IGR1IGhhdXQga29lbmlnc2JvdXJnSA1YBGhNiAEBmAEzuAEXyAEM2AED6AEB-AEBiAIBqAIBuAK8hP_JBsACAdICJDAxOGZhZWYxLTc1NjctNDVmNi05ZTc3LTdhYjViNzI5MDczNNgCAeACAQ&ucfs=1&arphpl=1&group_adults=2&req_adults=2&no_rooms=1&group_children=0&req_children=0&hpos=1&hapos=1&sr_order=popularity&srpvid=501f395e54af04ea&srepoch=1765786163&from=searchresults,"Avec une note de 8,2
8,2
Très bien
719 expériences vécues",48.2494107,7.3443202,Chateau du Haut Koenigsbourg,5.9,5.4,77.0,271.0,0.8,26.2
27c7a000-6545-48c2-9bc6-c47874c5ee22,794f211090be,Chateau du Haut Koenigsbourg,La forêt Enchantée - Cozy Immo,https://www.booking.com/hotel/fr/la-foret-enchantee-cozy-immo.fr.html?aid=304142&label=gen173nr-10CAQoggJCI3NlYXJjaF9jaGF0ZWF1IGR1IGhhdXQga29lbmlnc2JvdXJnSA1YBGhNiAEBmAEzuAEXyAEM2AED6AEB-AEBiAIBqAIBuAK8hP_JBsACAdICJDAxOGZhZWYxLTc1NjctNDVmNi05ZTc3LTdhYjViNzI5MDczNNgCAeACAQ&ucfs=1&arphpl=1&group_adults=2&req_adults=2&no_rooms=1&group_children=0&req_children=0&hpos=2&hapos=2&sr_order=popularity&srpvid=501f395e54af04ea&srepoch=1765786163&from=searchresults,"Avec une note de 9,3
9,3
Fabuleux 
39 expériences vécues",48.2494107,7.3443202,Chateau du Haut Koenigsbourg,5.9,5.4,77.0,271.0,0.8,26.2
9b3002ce-d57b-4748-af8c-50078de23f1d,794f211090be,Chateau du Haut Koenigsbourg,Au pied du Château,https://www.booking.com/hotel/fr/au-pied-du-chateau-orschwiller.fr.html?aid=304142&label=gen173nr-10CAQoggJCI3NlYXJjaF9jaGF0ZWF1IGR1IGhhdXQga29lbmlnc2JvdXJnSA1YBGhNiAEBmAEzuAEXyAEM2AED6AEB-AEBiAIBqAIBuAK8hP_JBsACAdICJDAxOGZhZWYxLTc1NjctNDVmNi05ZTc3LTdhYjViNzI5MDczNNgCAeACAQ&ucfs=1&arphpl=1&group_adults=2&req_adults=2&no_rooms=1&group_children=0&req_children=0&hpos=3&hapos=3&sr_order=popularity&srpvid=501f395e54af04ea&srepoch=1765786163&from=searchresults,"Avec une note de 10
10
Exceptionnel
3 expériences vécues",48.2494107,7.3443202,Chateau du Haut Koenigsbourg,5.9,5.4,77.0,271.0,0.8,26.2
d40f1f8e-c7c3-4fdf-92de-6847f1ccf469,794f211090be,Chateau du Haut Koenigsbourg,Logis Hotel Le Parc & Spa,https://www.booking.com/hotel/fr/logis-le-parc-st-hippolyte.fr.html?aid=304142&label=gen173nr-10CAQoggJCI3NlYXJjaF9jaGF0ZWF1IGR1IGhhdXQga29lbmlnc2JvdXJnSA1YBGhNiAEBmAEzuAEXyAEM2AED6AEB-AEBiAIBqAIBuAK8hP_JBsACAdICJDAxOGZhZWYxLTc1NjctNDVmNi05ZTc3LTdhYjViNzI5MDczNNgCAeACAQ&ucfs=1&arphpl=1&group_adults=2&req_adults=2&no_rooms=1&group_children=0&req_children=0&hpos=4&hapos=4&sr_order=popularity&srpvid=501f395e54af04ea&srepoch=1765786163&from=searchresults,"Avec une note de 8,8
8,8
Superbe
1 658 expériences vécues",48.2494107,7.3443202,Chateau du Haut Koenigsbourg,5.9,5.4,77.0,271.0,0.8,26.2
ca6156f7-889e-4009-9d0d-171977469e95,794f211090be,Chateau du Haut Koenigsbourg,"Gîte ""AU CADRAN SOLAIRE""",https://www.booking.com/hotel/fr/gite-au-cadran-solaire.fr.html?aid=304142&label=gen173nr-10CAQoggJCI3NlYXJjaF9jaGF0ZWF1IGR1IGhhdXQga29lbmlnc2JvdXJnSA1YBGhNiAEBmAEzuAEXyAEM2AED6AEB-AEBiAIBqAIBuAK8hP_JBsACAdICJDAxOGZhZWYxLTc1NjctNDVmNi05ZTc3LTdhYjViNzI5MDczNNgCAeACAQ&ucfs=1&arphpl=1&group_adults=2&req_adults=2&no_rooms=1&group_children=0&req_children=0&hpos=5&hapos=5&sr_order=popularity&srpvid=501f395e54af04ea&srepoch=1765786163&from=searchresults,"Avec une note de 9,0
9,0
Fabuleux 
45 expériences vécues",48.2494107,7.3443202,Chateau du Haut Koenigsbourg,5.9,5.4,77.0,271.0,0.8,26.2
744c3bdb-5b1a-4110-a8b3-e04c5b33bf4b,83b47b11c640,Colmar,Colmar Hotel,https://www.booking.com/hotel/fr/colmar.fr.html?aid=304142&label=gen173nr-10CAQoggJCDXNlYXJjaF9jb2xtYXJIDVgEaE2IAQGYATO4ARfIAQzYAQPoAQH4AQGIAgGoAgG4AsWE_8kGwAIB0gIkNzdiMjQ3MTktYTA4ZC00ZGU4LWI5ZDEtNGRjYjAwZjgzMjMy2AIB4AIB&ucfs=1&arphpl=1&group_adults=2&req_adults=2&no_rooms=1&group_children=0&req_children=0&hpos=1&hapos=1&sr_order=popularity&srpvid=af4039629cab0160&srepoch=1765786171&from=searchresults,"Avec une note de 9,0
9,0
Fabuleux 
9 597 expériences vécues",48.0777517,7.3579641,Colmar,8.3,7.7,76.0,281.0,0.8,26.0
118a99f0-2b11-4e53-8b77-efc02b857a20,83b47b11c640,Colmar,Appartements centre ville Colmar 4 familles,https://www.booking.com/hotel/fr/appartement-centre-ville-colmar-2-colmar.fr.html?aid=304142&label=gen173nr-10CAQoggJCDXNlYXJjaF9jb2xtYXJIDVgEaE2IAQGYATO4ARfIAQzYAQPoAQH4AQGIAgGoAgG4AsWE_8kGwAIB0gIkNzdiMjQ3MTktYTA4ZC00ZGU4LWI5ZDEtNGRjYjAwZjgzMjMy2AIB4AIB&ucfs=1&arphpl=1&group_adults=2&req_adults=2&no_rooms=1&group_children=0&req_children=0&hpos=2&hapos=2&sr_order=popularity&srpvid=af4039629cab0160&srepoch=1765786171&from=searchresults,"Avec une note de 9,6
9,6
Exceptionnel
313 expériences vécues",48.0777517,7.3579641,Colmar,8.3,7.7,76.0,281.0,0.8,26.0
f60b9fad-4a97-4845-80d9-1bd0204a952a,83b47b11c640,Colmar,Appartement Duplex 2a Rue d'Alspach,https://www.booking.com/hotel/fr/appartement-duplex-2a-rue-d-39-alspach.fr.html?aid=304142&label=gen173nr-10CAQoggJCDXNlYXJjaF9jb2xtYXJIDVgEaE2IAQGYATO4ARfIAQzYAQPoAQH4AQGIAgGoAgG4AsWE_8kGwAIB0gIkNzdiMjQ3MTktYTA4ZC00ZGU4LWI5ZDEtNGRjYjAwZjgzMjMy2AIB4AIB&ucfs=1&arphpl=1&group_adults=2&req_adults=2&no_rooms=1&group_children=0&req_children=0&hpos=3&hapos=3&sr_order=popularity&srpvid=af4039629cab0160&srepoch=1765786171&from=searchresults,"Avec une note de 8,7
8,7
Superbe
82 expériences vécues",48.0777517,7.3579641,Colmar,8.3,7.7,76.0,281.0,0.8,26.0
1e4b1a11-82e9-4bf7-a1a8-5f3a010f1317,83b47b11c640,Colmar,Hôtel Maison Turenne,https://www.booking.com/hotel/fr/turenne-colmar.fr.html?aid=304142&label=gen173nr-10CAQoggJCDXNlYXJjaF9jb2xtYXJIDVgEaE2IAQGYATO4ARfIAQzYAQPoAQH4AQGIAgGoAgG4AsWE_8kGwAIB0gIkNzdiMjQ3MTktYTA4ZC00ZGU4LWI5ZDEtNGRjYjAwZjgzMjMy2AIB4AIB&ucfs=1&arphpl=1&group_adults=2&req_adults=2&no_rooms=1&group_children=0&req_children=0&hpos=4&hapos=4&sr_order=popularity&srpvid=af4039629cab0160&srepoch=1765786171&from_sustainable_property_sr=1&from=searchresults,"Avec une note de 8,6
8,6
Superbe
5 533 expériences vécues",48.0777517,7.3579641,Colmar,8.3,7.7,76.0,281.0,0.8,26.0
1b1e31df-8218-49da-a26d-8c0f127d9f3f,83b47b11c640,Colmar,Suites Residences Spa,https://www.booking.com/hotel/fr/suites-residences-spa.fr.html?aid=304142&label=gen173nr-10CAQoggJCDXNlYXJjaF9jb2xtYXJIDVgEaE2IAQGYATO4ARfIAQzYAQPoAQH4AQGIAgGoAgG4AsWE_8kGwAIB0gIkNzdiMjQ3MTktYTA4ZC00ZGU4LWI5ZDEtNGRjYjAwZjgzMjMy2AIB4AIB&ucfs=1&arphpl=1&group_adults=2&req_adults=2&no_rooms=1&group_children=0&req_children=0&hpos=5&hapos=5&sr_order=popularity&srpvid=af4039629cab0160&srepoch=1765786171&from=searchresults,"Avec une note de 7,8
7,8
Bien 
1 707 expériences vécues",48.0777517,7.3579641,Colmar,8.3,7.7,76.0,281.0,0.8,26.0
26827dd8-dbbe-4559-a7cc-2ddf91131c69,b33bc6c3bd6e,Eguisheim,Hotel SPA Husseren Collections - Proche Colmar - Eguisheim,https://www.booking.com/hotel/fr/husseren-les-chateaux.fr.html?aid=304142&label=gen173nr-10CAQoggJCEHNlYXJjaF9lZ3Vpc2hlaW1IDVgEaE2IAQGYATO4ARfIAQzYAQPoAQH4AQGIAgGoAgG4As2E_8kGwAIB0gIkY2U3YWYyYTUtZjkzYi00OWEyLThjMGEtMjZhNGMyYjNjNWFi2AIB4AIB&ucfs=1&arphpl=1&group_adults=2&req_adults=2&no_rooms=1&group_children=0&req_children=0&hpos=1&hapos=1&sr_order=popularity&srpvid=d7cd3966a685022c&srepoch=1765786180&from=searchresults,"Avec une note de 8,9
8,9
Superbe
6 603 expériences vécues",48.0447968,7.3079618,Eguisheim,8.1,7.5,75.7,271.0,0.8,26.0
c992bf4f-3942-45b7-86c0-f4726c67a721,b33bc6c3bd6e,Eguisheim,Résidence Pierre & Vacances Le Clos d'Eguisheim,https://www.booking.com/hotel/fr/residence-pierre-et-vacances-le-clos-d-eguisheim.fr.html?aid=304142&label=gen173nr-10CAQoggJCEHNlYXJjaF9lZ3Vpc2hlaW1IDVgEaE2IAQGYATO4ARfIAQzYAQPoAQH4AQGIAgGoAgG4As2E_8kGwAIB0gIkY2U3YWYyYTUtZjkzYi00OWEyLThjMGEtMjZhNGMyYjNjNWFi2AIB4AIB&ucfs=1&arphpl=1&group_adults=2&req_adults=2&no_rooms=1&group_children=0&req_children=0&hpos=2&hapos=2&sr_order=popularity&srpvid=d7cd3966a685022c&srepoch=1765786180&from_sustainable_property_sr=1&from=searchresults,"Avec une note de 8,0
8,0
Très bien
1 305 expériences vécues",48.0447968,7.3079618,Eguisheim,8.1,7.5,75.7,271.0,0.8,26.0
2ffa3173-274f-4238-bfe1-9e8ef26b166b,b33bc6c3bd6e,Eguisheim,Hotel Colmar Vignes Eguisheim,https://www.booking.com/hotel/fr/auberge-des-comtes.fr.html?aid=304142&label=gen173nr-10CAQoggJCEHNlYXJjaF9lZ3Vpc2hlaW1IDVgEaE2IAQGYATO4ARfIAQzYAQPoAQH4AQGIAgGoAgG4As2E_8kGwAIB0gIkY2U3YWYyYTUtZjkzYi00OWEyLThjMGEtMjZhNGMyYjNjNWFi2AIB4AIB&ucfs=1&arphpl=1&group_adults=2&req_adults=2&no_rooms=1&group_children=0&req_children=0&hpos=3&hapos=3&sr_order=popularity&srpvid=d7cd3966a685022c&srepoch=1765786180&from=searchresults,"Avec une note de 9,1
9,1
Fabuleux 
1 693 expériences vécues",48.0447968,7.3079618,Eguisheim,8.1,7.5,75.7,271.0,0.8,26.0
eb340400-dc2a-4815-a41e-73d89e37ee2d,b33bc6c3bd6e,Eguisheim,La petite tuilerie d Eguisheim,https://www.booking.com/hotel/fr/les-tuileries-eguisheim.fr.html?aid=304142&label=gen173nr-10CAQoggJCEHNlYXJjaF9lZ3Vpc2hlaW1IDVgEaE2IAQGYATO4ARfIAQzYAQPoAQH4AQGIAgGoAgG4As2E_8kGwAIB0gIkY2U3YWYyYTUtZjkzYi00OWEyLThjMGEtMjZhNGMyYjNjNWFi2AIB4AIB&ucfs=1&arphpl=1&group_adults=2&req_adults=2&no_rooms=1&group_children=0&req_children=0&hpos=4&hapos=4&sr_order=popularity&srpvid=d7cd3966a685022c&srepoch=1765786180&from=searchresults,"Avec une note de 9,0
9,0
Fabuleux 
80 expériences vécues",48.0447968,7.3079618,Eguisheim,8.1,7.5,75.7,271.0,0.8,26.0
52977a70-075d-477c-a23d-edc93f8426f3,b33bc6c3bd6e,Eguisheim,Les chambres du domaine,https://www.booking.com/hotel/fr/les-chambres-du-domaine.fr.html?aid=304142&label=gen173nr-10CAQoggJCEHNlYXJjaF9lZ3Vpc2hlaW1IDVgEaE2IAQGYATO4ARfIAQzYAQPoAQH4AQGIAgGoAgG4As2E_8kGwAIB0gIkY2U3YWYyYTUtZjkzYi00OWEyLThjMGEtMjZhNGMyYjNjNWFi2AIB4AIB&ucfs=1&arphpl=1&group_adults=2&req_adults=2&no_rooms=1&group_children=0&req_children=0&hpos=5&hapos=5&sr_order=popularity&srpvid=d7cd3966a685022c&srepoch=1765786180&from=searchresults,"Avec une note de 9,4
9,4
Fabuleux 
383 expériences vécues",48.0447968,7.3079618,Eguisheim,8.1,7.5,75.7,271.0,0.8,26.0
f5c47f69-8a17-48b5-8b7d-f99afbc1d9de,ac3fbabf43fd,Besancon,ibis Styles Besançon,https://www.booking.com/hotel/fr/besancon.fr.html?aid=304142&label=gen173nr-10CAQoggJCD3NlYXJjaF9iZXNhbmNvbkgNWARoTYgBAZgBM7gBF8gBDNgBA-gBAfgBAYgCAagCAbgC1oT_yQbAAgHSAiQ2ZjlhNDcyNC0wZmIxLTQyN2ItYWIwMS1iMmNlNjYyNzZkNmHYAgHgAgE&ucfs=1&arphpl=1&group_adults=2&req_adults=2&no_rooms=1&group_children=0&req_children=0&hpos=1&hapos=1&sr_order=popularity&srpvid=fd80396b7ea6035a&srepoch=1765786188&from=searchresults,"Avec une note de 7,8
7,8
Bien 
5 584 expériences vécues",47.2380222,6.0243622,Besancon,8.0,7.8,83.1,306.0,0.7,25.7
4791efd3-db61-4a83-9a4d-d7d3ae10348a,ac3fbabf43fd,Besancon,Best Western Citadelle,https://www.booking.com/hotel/fr/bestwesterncitadelle.fr.html?aid=304142&label=gen173nr-10CAQoggJCD3NlYXJjaF9iZXNhbmNvbkgNWARoTYgBAZgBM7gBF8gBDNgBA-gBAfgBAYgCAagCAbgC1oT_yQbAAgHSAiQ2ZjlhNDcyNC0wZmIxLTQyN2ItYWIwMS1iMmNlNjYyNzZkNmHYAgHgAgE&ucfs=1&arphpl=1&group_adults=2&req_adults=2&no_rooms=1&group_children=0&req_children=0&hpos=2&hapos=2&sr_order=popularity&srpvid=fd80396b7ea6035a&srepoch=1765786188&from_sustainable_property_sr=1&from=searchresults,"Avec une note de 8,0
8,0
Très bien
2 096 expériences vécues",47.2380222,6.0243622,Besancon,8.0,7.8,83.1,306.0,0.7,25.7
ff8e3eb2-f2c0-46f3-a21b-f9370173ab2b,ac3fbabf43fd,Besancon,Temis hôtel Besançon,https://www.booking.com/hotel/fr/all-suites-besancon.fr.html?aid=304142&label=gen173nr-10CAQoggJCD3NlYXJjaF9iZXNhbmNvbkgNWARoTYgBAZgBM7gBF8gBDNgBA-gBAfgBAYgCAagCAbgC1oT_yQbAAgHSAiQ2ZjlhNDcyNC0wZmIxLTQyN2ItYWIwMS1iMmNlNjYyNzZkNmHYAgHgAgE&ucfs=1&arphpl=1&group_adults=2&req_adults=2&no_rooms=1&group_children=0&req_children=0&hpos=3&hapos=3&sr_order=popularity&srpvid=fd80396b7ea6035a&srepoch=1765786188&from=searchresults,"Avec une note de 8,0
8,0
Très bien
2 193 expériences vécues",47.2380222,6.0243622,Besancon,8.0,7.8,83.1,306.0,0.7,25.7
03aa2e48-375e-4c68-9d96-d361e1d9828f,ac3fbabf43fd,Besancon,B&B HOTEL Besançon Valentin,https://www.booking.com/hotel/fr/b-amp-b-besancon-valentin.fr.html?aid=304142&label=gen173nr-10CAQoggJCD3NlYXJjaF9iZXNhbmNvbkgNWARoTYgBAZgBM7gBF8gBDNgBA-gBAfgBAYgCAagCAbgC1oT_yQbAAgHSAiQ2ZjlhNDcyNC0wZmIxLTQyN2ItYWIwMS1iMmNlNjYyNzZkNmHYAgHgAgE&ucfs=1&arphpl=1&group_adults=2&req_adults=2&no_rooms=1&group_children=0&req_children=0&hpos=4&hapos=4&sr_order=popularity&srpvid=fd80396b7ea6035a&srepoch=1765786188&from=searchresults,"Avec une note de 8,4
8,4
Très bien
2 242 expériences vécues",47.2380222,6.0243622,Besancon,8.0,7.8,83.1,306.0,0.7,25.7
a002faef-ac35-443a-a61c-b8a765452c03,ac3fbabf43fd,Besancon,Hôtel Restaurant Spa Le Sauvage,https://www.booking.com/hotel/fr/ho-tel-le-sauvage-besanasson.fr.html?aid=304142&label=gen173nr-10CAQoggJCD3NlYXJjaF9iZXNhbmNvbkgNWARoTYgBAZgBM7gBF8gBDNgBA-gBAfgBAYgCAagCAbgC1oT_yQbAAgHSAiQ2ZjlhNDcyNC0wZmIxLTQyN2ItYWIwMS1iMmNlNjYyNzZkNmHYAgHgAgE&ucfs=1&arphpl=1&group_adults=2&req_adults=2&no_rooms=1&group_children=0&req_children=0&hpos=5&hapos=5&sr_order=popularity&srpvid=fd80396b7ea6035a&srepoch=1765786188&from=searchresults,"Avec une note de 8,6
8,6
Superbe
1 335 expériences vécues",47.2380222,6.0243622,Besancon,8.0,7.8,83.1,306.0,0.7,25.7
475b0f4b-6669-49c6-8c84-540dfb86e912,7c978763ccd2,Dijon,Kyriad Hotel Dijon Gare,https://www.booking.com/hotel/fr/kyriad-gare.fr.html?aid=304142&label=gen173nr-10CAQoggJCDHNlYXJjaF9kaWpvbkgNWARoTYgBAZgBM7gBF8gBDNgBA-gBAfgBAYgCAagCAbgC3oT_yQbAAgHSAiQyOWQzYmI3NS1iOWMzLTQ5MmQtOWI1MS0yYTkwN2E3Nzc1YjDYAgHgAgE&ucfs=1&arphpl=1&group_adults=2&req_adults=2&no_rooms=1&group_children=0&req_children=0&hpos=1&hapos=1&sr_order=popularity&srpvid=694a396f1a9f0318&srepoch=1765786197&from=searchresults,"Avec une note de 7,2
7,2
Bien 
2 721 expériences vécues",47.3215806,5.0414701,Dijon,7.4,6.0,87.3,332.0,0.7,20.1
dfb366af-cc98-49a5-a0fc-b25ebf6b2bdf,7c978763ccd2,Dijon,Le Devosge,https://www.booking.com/hotel/fr/appartement-centre-ville-dijon.fr.html?aid=304142&label=gen173nr-10CAQoggJCDHNlYXJjaF9kaWpvbkgNWARoTYgBAZgBM7gBF8gBDNgBA-gBAfgBAYgCAagCAbgC3oT_yQbAAgHSAiQyOWQzYmI3NS1iOWMzLTQ5MmQtOWI1MS0yYTkwN2E3Nzc1YjDYAgHgAgE&ucfs=1&arphpl=1&group_adults=2&req_adults=2&no_rooms=1&group_children=0&req_children=0&hpos=2&hapos=2&sr_order=popularity&srpvid=694a396f1a9f0318&srepoch=1765786197&from=searchresults,"Avec une note de 8,0
8,0
Très bien
62 expériences vécues",47.3215806,5.0414701,Dijon,7.4,6.0,87.3,332.0,0.7,20.1
ff1e9f25-a39b-4ddb-8579-06b9fa9607f5,7c978763ccd2,Dijon,Holiday Inn Dijon Sud - Longvic by IHG,https://www.booking.com/hotel/fr/holiday-inn-dijon-sud-longvic-an-ihg.fr.html?aid=304142&label=gen173nr-10CAQoggJCDHNlYXJjaF9kaWpvbkgNWARoTYgBAZgBM7gBF8gBDNgBA-gBAfgBAYgCAagCAbgC3oT_yQbAAgHSAiQyOWQzYmI3NS1iOWMzLTQ5MmQtOWI1MS0yYTkwN2E3Nzc1YjDYAgHgAgE&ucfs=1&arphpl=1&group_adults=2&req_adults=2&no_rooms=1&group_children=0&req_children=0&hpos=3&hapos=3&sr_order=popularity&srpvid=694a396f1a9f0318&srepoch=1765786197&from=searchresults,"Avec une note de 8,7
8,7
Superbe
5 695 expériences vécues",47.3215806,5.0414701,Dijon,7.4,6.0,87.3,332.0,0.7,20.1
c9f46a7f-ca8b-4f07-a1cf-6a3c058780c7,7c978763ccd2,Dijon,Holiday Inn Dijon Toison D'or by IHG,https://www.booking.com/hotel/fr/holiday-inn-dijon.fr.html?aid=304142&label=gen173nr-10CAQoggJCDHNlYXJjaF9kaWpvbkgNWARoTYgBAZgBM7gBF8gBDNgBA-gBAfgBAYgCAagCAbgC3oT_yQbAAgHSAiQyOWQzYmI3NS1iOWMzLTQ5MmQtOWI1MS0yYTkwN2E3Nzc1YjDYAgHgAgE&ucfs=1&arphpl=1&group_adults=2&req_adults=2&no_rooms=1&group_children=0&req_children=0&hpos=4&hapos=4&sr_order=popularity&srpvid=694a396f1a9f0318&srepoch=1765786197&from=searchresults,"Avec une note de 8,2
8,2
Très bien
5 004 expériences vécues",47.3215806,5.0414701,Dijon,7.4,6.0,87.3,332.0,0.7,20.1
691f8d02-0a6c-4eb2-9906-1b1c16651b2d,7c978763ccd2,Dijon,Chambre d'hôtes Le Petit Tertre,https://www.booking.com/hotel/fr/le-petit-tertre.fr.html?aid=304142&label=gen173nr-10CAQoggJCDHNlYXJjaF9kaWpvbkgNWARoTYgBAZgBM7gBF8gBDNgBA-gBAfgBAYgCAagCAbgC3oT_yQbAAgHSAiQyOWQzYmI3NS1iOWMzLTQ5MmQtOWI1MS0yYTkwN2E3Nzc1YjDYAgHgAgE&ucfs=1&arphpl=1&group_adults=2&req_adults=2&no_rooms=1&group_children=0&req_children=0&hpos=5&hapos=5&sr_order=popularity&srpvid=694a396f1a9f0318&srepoch=1765786197&from=searchresults,"Avec une note de 9,2
9,2
Fabuleux 
867 expériences vécues",47.3215806,5.0414701,Dijon,7.4,6.0,87.3,332.0,0.7,20.1
2ea3c26c-4d40-44bc-a3ab-82d31c27ea53,6d78f94327fe,Annecy,Hôtel des Alpes,https://www.booking.com/hotel/fr/hotel-des-alpes.fr.html?aid=304142&label=gen173nr-10CAQoggJCDXNlYXJjaF9hbm5lY3lIDVgEaE2IAQGYATO4ARfIAQzYAQPoAQH4AQGIAgGoAgG4AueE_8kGwAIB0gIkM2Q5NTI3YWUtZDMyZS00YzVkLWExMjYtMWU3MWM0MTlkODUy2AIB4AIB&ucfs=1&arphpl=1&group_adults=2&req_adults=2&no_rooms=1&group_children=0&req_children=0&hpos=1&hapos=1&sr_order=popularity&srpvid=e86a3973de18005a&srepoch=1765786205&from=searchresults,"Avec une note de 8,2
8,2
Très bien
2 310 expériences vécues",45.8992348,6.1288847,Annecy,7.5,7.1,80.4,300.0,0.8,25.9
a8eb9377-0309-47d7-a98c-885dffaaed2e,6d78f94327fe,Annecy,Icône Hôtel - Annecy,https://www.booking.com/hotel/fr/ica-ne.fr.html?aid=304142&label=gen173nr-10CAQoggJCDXNlYXJjaF9hbm5lY3lIDVgEaE2IAQGYATO4ARfIAQzYAQPoAQH4AQGIAgGoAgG4AueE_8kGwAIB0gIkM2Q5NTI3YWUtZDMyZS00YzVkLWExMjYtMWU3MWM0MTlkODUy2AIB4AIB&ucfs=1&arphpl=1&group_adults=2&req_adults=2&no_rooms=1&group_children=0&req_children=0&hpos=2&hapos=2&sr_order=popularity&srpvid=e86a3973de18005a&srepoch=1765786205&from=searchresults,"Avec une note de 7,6
7,6
Bien 
3 650 expériences vécues",45.8992348,6.1288847,Annecy,7.5,7.1,80.4,300.0,0.8,25.9
43ad6d3d-3f06-408b-8545-08bad458cf0b,6d78f94327fe,Annecy,Le Pélican,https://www.booking.com/hotel/fr/le-pelican-annecy1.fr.html?aid=304142&label=gen173nr-10CAQoggJCDXNlYXJjaF9hbm5lY3lIDVgEaE2IAQGYATO4ARfIAQzYAQPoAQH4AQGIAgGoAgG4AueE_8kGwAIB0gIkM2Q5NTI3YWUtZDMyZS00YzVkLWExMjYtMWU3MWM0MTlkODUy2AIB4AIB&ucfs=1&arphpl=1&group_adults=2&req_adults=2&no_rooms=1&group_children=0&req_children=0&hpos=3&hapos=3&sr_order=popularity&srpvid=e86a3973de18005a&srepoch=1765786205&from=searchresults,"Avec une note de 8,8
8,8
Superbe
4 902 expériences vécues",45.8992348,6.1288847,Annecy,7.5,7.1,80.4,300.0,0.8,25.9
f001ab90-736e-42b2-9ba3-5ee885d5c451,6d78f94327fe,Annecy,Reflets du Lac Annecy,https://www.booking.com/hotel/fr/veronese-annecy.fr.html?aid=304142&label=gen173nr-10CAQoggJCDXNlYXJjaF9hbm5lY3lIDVgEaE2IAQGYATO4ARfIAQzYAQPoAQH4AQGIAgGoAgG4AueE_8kGwAIB0gIkM2Q5NTI3YWUtZDMyZS00YzVkLWExMjYtMWU3MWM0MTlkODUy2AIB4AIB&ucfs=1&arphpl=1&group_adults=2&req_adults=2&no_rooms=1&group_children=0&req_children=0&hpos=4&hapos=4&sr_order=popularity&srpvid=e86a3973de18005a&srepoch=1765786205&from=searchresults,"Avec une note de 8,4
8,4
Très bien
5 expériences vécues",45.8992348,6.1288847,Annecy,7.5,7.1,80.4,300.0,0.8,25.9
5d0882c4-e136-4500-b520-b2035cbe0f0a,6d78f94327fe,Annecy,Ace Hotel Annecy,https://www.booking.com/hotel/fr/ace-annecy.fr.html?aid=304142&label=gen173nr-10CAQoggJCDXNlYXJjaF9hbm5lY3lIDVgEaE2IAQGYATO4ARfIAQzYAQPoAQH4AQGIAgGoAgG4AueE_8kGwAIB0gIkM2Q5NTI3YWUtZDMyZS00YzVkLWExMjYtMWU3MWM0MTlkODUy2AIB4AIB&ucfs=1&arphpl=1&group_adults=2&req_adults=2&no_rooms=1&group_children=0&req_children=0&hpos=5&hapos=5&sr_order=popularity&srpvid=e86a3973de18005a&srepoch=1765786205&from=searchresults,"Avec une note de 8,2
8,2
Très bien
5 129 expériences vécues",45.8992348,6.1288847,Annecy,7.5,7.1,80.4,300.0,0.8,25.9
aaa56f1d-51d4-4d98-81e8-eea927797911,5fdd7011632d,Grenoble,Studio place Victor Hugo,https://www.booking.com/hotel/fr/studio-place-victor-hugo.fr.html?aid=304142&label=gen173nr-10CAQoggJCD3NlYXJjaF9ncmVub2JsZUgNWARoTYgBAZgBM7gBF8gBDNgBA-gBAfgBAYgCAagCAbgC74T_yQbAAgHSAiRlZTJiM2M0NS0yMjFjLTQ3MDUtYTE3Yi0yMTNmODIzMTE1NTLYAgHgAgE&ucfs=1&arphpl=1&group_adults=2&req_adults=2&no_rooms=1&group_children=0&req_children=0&hpos=1&hapos=1&sr_order=popularity&srpvid=427b3977df6d0352&srepoch=1765786214&from=searchresults,,45.1875602,5.7357819,Grenoble,10.1,9.5,82.1,400.0,0.8,24.7
c25691f5-dd47-4583-83a0-052a41995c6e,5fdd7011632d,Grenoble,Hôtel Terminus,https://www.booking.com/hotel/fr/hotelterminus.fr.html?aid=304142&label=gen173nr-10CAQoggJCD3NlYXJjaF9ncmVub2JsZUgNWARoTYgBAZgBM7gBF8gBDNgBA-gBAfgBAYgCAagCAbgC74T_yQbAAgHSAiRlZTJiM2M0NS0yMjFjLTQ3MDUtYTE3Yi0yMTNmODIzMTE1NTLYAgHgAgE&ucfs=1&arphpl=1&group_adults=2&req_adults=2&no_rooms=1&group_children=0&req_children=0&hpos=2&hapos=2&sr_order=popularity&srpvid=427b3977df6d0352&srepoch=1765786214&from=searchresults,"Avec une note de 8,6
8,6
Superbe
924 expériences vécues",45.1875602,5.7357819,Grenoble,10.1,9.5,82.1,400.0,0.8,24.7
93e4d882-3af3-4c84-b4bf-312bab989e2d,5fdd7011632d,Grenoble,B&B HOTEL Grenoble Centre Alpexpo,https://www.booking.com/hotel/fr/b-amp-b-grenoble-centre-alpexpo.fr.html?aid=304142&label=gen173nr-10CAQoggJCD3NlYXJjaF9ncmVub2JsZUgNWARoTYgBAZgBM7gBF8gBDNgBA-gBAfgBAYgCAagCAbgC74T_yQbAAgHSAiRlZTJiM2M0NS0yMjFjLTQ3MDUtYTE3Yi0yMTNmODIzMTE1NTLYAgHgAgE&ucfs=1&arphpl=1&group_adults=2&req_adults=2&no_rooms=1&group_children=0&req_children=0&hpos=3&hapos=3&sr_order=popularity&srpvid=427b3977df6d0352&srepoch=1765786214&from=searchresults,"Avec une note de 7,6
7,6
Bien 
1 989 expériences vécues",45.1875602,5.7357819,Grenoble,10.1,9.5,82.1,400.0,0.8,24.7
620c978c-ddca-4fcc-8091-a4088b958038,5fdd7011632d,Grenoble,Kyriad Grenoble Centre,https://www.booking.com/hotel/fr/qualityhotelgrenoble.fr.html?aid=304142&label=gen173nr-10CAQoggJCD3NlYXJjaF9ncmVub2JsZUgNWARoTYgBAZgBM7gBF8gBDNgBA-gBAfgBAYgCAagCAbgC74T_yQbAAgHSAiRlZTJiM2M0NS0yMjFjLTQ3MDUtYTE3Yi0yMTNmODIzMTE1NTLYAgHgAgE&ucfs=1&arphpl=1&group_adults=2&req_adults=2&no_rooms=1&group_children=0&req_children=0&hpos=4&hapos=4&sr_order=popularity&srpvid=427b3977df6d0352&srepoch=1765786214&from=searchresults,"Avec une note de 7,7
7,7
Bien 
2 504 expériences vécues",45.1875602,5.7357819,Grenoble,10.1,9.5,82.1,400.0,0.8,24.7
9298cf1e-1f99-4574-b0c2-ccc15245c4b4,5fdd7011632d,Grenoble,Appartement Loft centre ville situé dans rue calme,https://www.booking.com/hotel/fr/appartement-loft-centre-ville-situe-dans-rue-calme.fr.html?aid=304142&label=gen173nr-10CAQoggJCD3NlYXJjaF9ncmVub2JsZUgNWARoTYgBAZgBM7gBF8gBDNgBA-gBAfgBAYgCAagCAbgC74T_yQbAAgHSAiRlZTJiM2M0NS0yMjFjLTQ3MDUtYTE3Yi0yMTNmODIzMTE1NTLYAgHgAgE&ucfs=1&arphpl=1&group_adults=2&req_adults=2&no_rooms=1&group_children=0&req_children=0&hpos=5&hapos=5&sr_order=popularity&srpvid=427b3977df6d0352&srepoch=1765786214&from=searchresults,"Avec une note de 9,5
9,5
Exceptionnel
65 expériences vécues",45.1875602,5.7357819,Grenoble,10.1,9.5,82.1,400.0,0.8,24.7
4071634c-7049-4a5e-ae2a-2a81766e5121,10b53d95e2d3,Lyon,Campanile PRIME Lyon Centre Gare Part-Dieu,https://www.booking.com/hotel/fr/campanile-lyon-centre-forum-part-dieu.fr.html?aid=304142&label=gen173nr-10CAQoggJCC3NlYXJjaF9seW9uSA1YBGhNiAEBmAEzuAEXyAEM2AED6AEB-AEBiAIBqAIBuAKWhf_JBsACAdICJGVkOTM3MmFjLTRmODQtNDNhMS05M2QyLTFlOTU1MWRmMmQ0M9gCAeACAQ&ucfs=1&arphpl=1&group_adults=2&req_adults=2&no_rooms=1&group_children=0&req_children=0&hpos=1&hapos=1&sr_order=popularity&srpvid=0ef9398b17260642&srepoch=1765786253&from=searchresults,"Avec une note de 8,5
8,5
Très bien
3 811 expériences vécues",45.7578137,4.8320114,Lyon,8.3,7.6,85.3,400.0,0.7,23.3
34bf39e5-cd5e-4303-b14c-d9110c1f1c02,10b53d95e2d3,Lyon,MEININGER Hotel Lyon Centre Berthelot,https://www.booking.com/hotel/fr/meininger-lyon-centre-berthelot.fr.html?aid=304142&label=gen173nr-10CAQoggJCC3NlYXJjaF9seW9uSA1YBGhNiAEBmAEzuAEXyAEM2AED6AEB-AEBiAIBqAIBuAKWhf_JBsACAdICJGVkOTM3MmFjLTRmODQtNDNhMS05M2QyLTFlOTU1MWRmMmQ0M9gCAeACAQ&ucfs=1&arphpl=1&group_adults=2&req_adults=2&no_rooms=1&group_children=0&req_children=0&hpos=2&hapos=2&sr_order=popularity&srpvid=0ef9398b17260642&srepoch=1765786253&from=searchresults,"Avec une note de 8,3
8,3
Très bien
10 983 expériences vécues",45.7578137,4.8320114,Lyon,8.3,7.6,85.3,400.0,0.7,23.3
a926303f-ee0d-4167-994e-e16f927a0ba3,10b53d95e2d3,Lyon,YASI Hostel,https://www.booking.com/hotel/fr/yasi-hostel.fr.html?aid=304142&label=gen173nr-10CAQoggJCC3NlYXJjaF9seW9uSA1YBGhNiAEBmAEzuAEXyAEM2AED6AEB-AEBiAIBqAIBuAKWhf_JBsACAdICJGVkOTM3MmFjLTRmODQtNDNhMS05M2QyLTFlOTU1MWRmMmQ0M9gCAeACAQ&ucfs=1&arphpl=1&group_adults=2&req_adults=2&no_rooms=1&group_children=0&req_children=0&hpos=3&hapos=3&sr_order=popularity&srpvid=0ef9398b17260642&srepoch=1765786253&from=searchresults,"Avec une note de 8,6
8,6
Superbe
3 927 expériences vécues",45.7578137,4.8320114,Lyon,8.3,7.6,85.3,400.0,0.7,23.3
b2a59ecd-0e36-4c3c-a25a-c17eae581d66,10b53d95e2d3,Lyon,HO36 Hostel Lyon,https://www.booking.com/hotel/fr/ho36-hostels-lyon.fr.html?aid=304142&label=gen173nr-10CAQoggJCC3NlYXJjaF9seW9uSA1YBGhNiAEBmAEzuAEXyAEM2AED6AEB-AEBiAIBqAIBuAKWhf_JBsACAdICJGVkOTM3MmFjLTRmODQtNDNhMS05M2QyLTFlOTU1MWRmMmQ0M9gCAeACAQ&ucfs=1&arphpl=1&group_adults=2&req_adults=2&no_rooms=1&group_children=0&req_children=0&hpos=4&hapos=4&sr_order=popularity&srpvid=0ef9398b17260642&srepoch=1765786253&from=searchresults,"Avec une note de 8,2
8,2
Très bien
1 271 expériences vécues",45.7578137,4.8320114,Lyon,8.3,7.6,85.3,400.0,0.7,23.3
ea15a383-c948-4eb4-856a-20e392ee27d0,10b53d95e2d3,Lyon,Hôtel Lyon Métropole & Spa,https://www.booking.com/hotel/fr/lyon-metropole.fr.html?aid=304142&label=gen173nr-10CAQoggJCC3NlYXJjaF9seW9uSA1YBGhNiAEBmAEzuAEXyAEM2AED6AEB-AEBiAIBqAIBuAKWhf_JBsACAdICJGVkOTM3MmFjLTRmODQtNDNhMS05M2QyLTFlOTU1MWRmMmQ0M9gCAeACAQ&ucfs=1&arphpl=1&group_adults=2&req_adults=2&no_rooms=1&group_children=0&req_children=0&hpos=5&hapos=5&sr_order=popularity&srpvid=0ef9398b17260642&srepoch=1765786253&from=searchresults,"Avec une note de 8,2
8,2
Très bien
4 191 expériences vécues",45.7578137,4.8320114,Lyon,8.3,7.6,85.3,400.0,0.7,23.3
da9ca9a8-46d0-43c6-8bf2-f3b8b2a6f3ef,f7a03e5c5dd7,Gorges du Verdon,Résidence Odalys La Licorne de Haute Provence,https://www.booking.com/hotel/fr/la-licorne-de-haute-provence.fr.html?aid=304142&label=gen173nr-10CAQoggJCF3NlYXJjaF9nb3JnZXMgZHUgdmVyZG9uSA1YBGhNiAEBmAEzuAEXyAEM2AED6AEB-AEBiAIBqAIBuAKfhf_JBsACAdICJGJmNmI3NDNlLWJiNDQtNDdiOC04YTg4LWI0N2UyYmI1MzMxMtgCAeACAQ&ucfs=1&arphpl=1&group_adults=2&req_adults=2&no_rooms=1&group_children=0&req_children=0&hpos=1&hapos=1&sr_order=popularity&srpvid=03ce398f504703a5&srepoch=1765786262&from=searchresults,"Avec une note de 7,4
7,4
Bien 
664 expériences vécues",43.7496562,6.3285616,Gorges du Verdon,6.9,5.5,82.9,579.0,0.8,21.4
c474ad2b-2bf9-4d0c-b231-9d33da7b04aa,f7a03e5c5dd7,Gorges du Verdon,"LES BASTIDES DE CHANTERAINE Bungalows, Lodges & Spa",https://www.booking.com/hotel/fr/les-bastides-de-chanteraine.fr.html?aid=304142&label=gen173nr-10CAQoggJCF3NlYXJjaF9nb3JnZXMgZHUgdmVyZG9uSA1YBGhNiAEBmAEzuAEXyAEM2AED6AEB-AEBiAIBqAIBuAKfhf_JBsACAdICJGJmNmI3NDNlLWJiNDQtNDdiOC04YTg4LWI0N2UyYmI1MzMxMtgCAeACAQ&ucfs=1&arphpl=1&group_adults=2&req_adults=2&no_rooms=1&group_children=0&req_children=0&hpos=2&hapos=2&sr_order=popularity&srpvid=03ce398f504703a5&srepoch=1765786262&from=searchresults,"Avec une note de 8,6
8,6
Superbe
483 expériences vécues",43.7496562,6.3285616,Gorges du Verdon,6.9,5.5,82.9,579.0,0.8,21.4
4275ca18-6fd6-432d-a972-bd3c215b2615,f7a03e5c5dd7,Gorges du Verdon,Beautiful studio terrace with Esparron lake view 4 people,https://www.booking.com/hotel/fr/beautiful-studio-terrace-with-esparron-lake-view-4-people.fr.html?aid=304142&label=gen173nr-10CAQoggJCF3NlYXJjaF9nb3JnZXMgZHUgdmVyZG9uSA1YBGhNiAEBmAEzuAEXyAEM2AED6AEB-AEBiAIBqAIBuAKfhf_JBsACAdICJGJmNmI3NDNlLWJiNDQtNDdiOC04YTg4LWI0N2UyYmI1MzMxMtgCAeACAQ&ucfs=1&arphpl=1&group_adults=2&req_adults=2&no_rooms=1&group_children=0&req_children=0&hpos=3&hapos=3&sr_order=popularity&srpvid=03ce398f504703a5&srepoch=1765786262&from=searchresults,"Avec une note de 8,8
8,8
Superbe
31 expériences vécues",43.7496562,6.3285616,Gorges du Verdon,6.9,5.5,82.9,579.0,0.8,21.4
1fccb275-f558-47f0-b51c-318ef14fc49a,f7a03e5c5dd7,Gorges du Verdon,L'Establoun,https://www.booking.com/hotel/fr/l-39-establoun.fr.html?aid=304142&label=gen173nr-10CAQoggJCF3NlYXJjaF9nb3JnZXMgZHUgdmVyZG9uSA1YBGhNiAEBmAEzuAEXyAEM2AED6AEB-AEBiAIBqAIBuAKfhf_JBsACAdICJGJmNmI3NDNlLWJiNDQtNDdiOC04YTg4LWI0N2UyYmI1MzMxMtgCAeACAQ&ucfs=1&arphpl=1&group_adults=2&req_adults=2&no_rooms=1&group_children=0&req_children=0&hpos=4&hapos=4&sr_order=popularity&srpvid=03ce398f504703a5&srepoch=1765786262&from=searchresults,"Avec une note de 9,6
9,6
Exceptionnel
16 expériences vécues",43.7496562,6.3285616,Gorges du Verdon,6.9,5.5,82.9,579.0,0.8,21.4
13397710-a029-4c02-b3f5-644539737c8d,f7a03e5c5dd7,Gorges du Verdon,Hôtel Le Colombier,https://www.booking.com/hotel/fr/le-colombier-moustiers-sainte-marie.fr.html?aid=304142&label=gen173nr-10CAQoggJCF3NlYXJjaF9nb3JnZXMgZHUgdmVyZG9uSA1YBGhNiAEBmAEzuAEXyAEM2AED6AEB-AEBiAIBqAIBuAKfhf_JBsACAdICJGJmNmI3NDNlLWJiNDQtNDdiOC04YTg4LWI0N2UyYmI1MzMxMtgCAeACAQ&ucfs=1&arphpl=1&group_adults=2&req_adults=2&no_rooms=1&group_children=0&req_children=0&hpos=5&hapos=5&sr_order=popularity&srpvid=03ce398f504703a5&srepoch=1765786262&from=searchresults,"Avec une note de 9,4
9,4
Fabuleux 
525 expériences vécues",43.7496562,6.3285616,Gorges du Verdon,6.9,5.5,82.9,579.0,0.8,21.4
2b5d7ff9-1852-4c34-bf89-70b86d39baf1,e5fcdbaf84c4,Bormes les Mimosas,SELECTsoHOME - Villa vue mer piscine à Bormes - VILLA THALASSA,https://www.booking.com/hotel/fr/selectsohome-villa-vue-mer-piscine-a-bormes-villa-thalassa.fr.html?aid=304142&label=gen173nr-10CAQoggJCGXNlYXJjaF9ib3JtZXMgbGVzIG1pbW9zYXNIDVgEaE2IAQGYATO4ARfIAQzYAQPoAQH4AQGIAgGoAgG4AqiF_8kGwAIB0gIkYjI2ZWJkYTYtOWIwMS00NGYzLTk1ODItYzkxMDE3ZmE2MTdm2AIB4AIB&ucfs=1&arphpl=1&group_adults=2&req_adults=2&no_rooms=1&group_children=0&req_children=0&hpos=1&hapos=1&sr_order=popularity&srpvid=f0813994c63005df&srepoch=1765786271&from=searchresults,,43.1506968,6.3419285,Bormes les Mimosas,11.7,11.1,84.9,508.0,0.7,23.7
00b7fbfe-40cd-46d9-b48b-722f44b73080,e5fcdbaf84c4,Bormes les Mimosas,Hotel La Voile,https://www.booking.com/hotel/fr/hotel-la-voile-fr.fr.html?aid=304142&label=gen173nr-10CAQoggJCGXNlYXJjaF9ib3JtZXMgbGVzIG1pbW9zYXNIDVgEaE2IAQGYATO4ARfIAQzYAQPoAQH4AQGIAgGoAgG4AqiF_8kGwAIB0gIkYjI2ZWJkYTYtOWIwMS00NGYzLTk1ODItYzkxMDE3ZmE2MTdm2AIB4AIB&ucfs=1&arphpl=1&group_adults=2&req_adults=2&no_rooms=1&group_children=0&req_children=0&hpos=2&hapos=2&sr_order=popularity&srpvid=f0813994c63005df&srepoch=1765786271&from=searchresults,"Avec une note de 8,4
8,4
Très bien
812 expériences vécues",43.1506968,6.3419285,Bormes les Mimosas,11.7,11.1,84.9,508.0,0.7,23.7
2fe43533-8f06-4c83-ab60-5b4f6cd1e246,e5fcdbaf84c4,Bormes les Mimosas,Superbe T2 4 étoiles climatisé Favière refait à neuf,https://www.booking.com/hotel/fr/superbe-t2-4-etoiles-climatise-faviere-refait-a-neuf.fr.html?aid=304142&label=gen173nr-10CAQoggJCGXNlYXJjaF9ib3JtZXMgbGVzIG1pbW9zYXNIDVgEaE2IAQGYATO4ARfIAQzYAQPoAQH4AQGIAgGoAgG4AqiF_8kGwAIB0gIkYjI2ZWJkYTYtOWIwMS00NGYzLTk1ODItYzkxMDE3ZmE2MTdm2AIB4AIB&ucfs=1&arphpl=1&group_adults=2&req_adults=2&no_rooms=1&group_children=0&req_children=0&hpos=3&hapos=3&sr_order=popularity&srpvid=f0813994c63005df&srepoch=1765786271&from=searchresults,"Avec une note de 8,9
8,9
Superbe
24 expériences vécues",43.1506968,6.3419285,Bormes les Mimosas,11.7,11.1,84.9,508.0,0.7,23.7
f5a34d39-860a-41a2-ac80-20f845fc3ac0,e5fcdbaf84c4,Bormes les Mimosas,Studio idéal séjour en amoureux rez de jardin proche plage,https://www.booking.com/hotel/fr/studio-ideal-sejour-en-amoureux-rez-de-jardin-proche-plage.fr.html?aid=304142&label=gen173nr-10CAQoggJCGXNlYXJjaF9ib3JtZXMgbGVzIG1pbW9zYXNIDVgEaE2IAQGYATO4ARfIAQzYAQPoAQH4AQGIAgGoAgG4AqiF_8kGwAIB0gIkYjI2ZWJkYTYtOWIwMS00NGYzLTk1ODItYzkxMDE3ZmE2MTdm2AIB4AIB&ucfs=1&arphpl=1&group_adults=2&req_adults=2&no_rooms=1&group_children=0&req_children=0&hpos=4&hapos=4&sr_order=popularity&srpvid=f0813994c63005df&srepoch=1765786271&from=searchresults,"Avec une note de 8,5
8,5
Très bien
25 expériences vécues",43.1506968,6.3419285,Bormes les Mimosas,11.7,11.1,84.9,508.0,0.7,23.7
e25e0975-6805-472e-be95-7970da1f348f,e5fcdbaf84c4,Bormes les Mimosas,Studio 2 couchages avec jardin à Bormes-les-Mimosas - FR-1-251-583,https://www.booking.com/hotel/fr/appartement-bormes-les-mimosas-1-piece-2-personnes-fr-1-251-583.fr.html?aid=304142&label=gen173nr-10CAQoggJCGXNlYXJjaF9ib3JtZXMgbGVzIG1pbW9zYXNIDVgEaE2IAQGYATO4ARfIAQzYAQPoAQH4AQGIAgGoAgG4AqiF_8kGwAIB0gIkYjI2ZWJkYTYtOWIwMS00NGYzLTk1ODItYzkxMDE3ZmE2MTdm2AIB4AIB&ucfs=1&arphpl=1&group_adults=2&req_adults=2&no_rooms=1&group_children=0&req_children=0&hpos=5&hapos=5&sr_order=popularity&srpvid=f0813994c63005df&srepoch=1765786271&from=searchresults,"Avec une note de 6,2
6,2
Note
8 expériences vécues",43.1506968,6.3419285,Bormes les Mimosas,11.7,11.1,84.9,508.0,0.7,23.7
ff6de081-6433-4583-9645-2bc4578562c2,9ce2d0d8095b,Cassis,La douceur de Cassis,https://www.booking.com/hotel/fr/la-douceur-de-cassis.fr.html?aid=304142&label=gen173nr-10CAQoggJCDXNlYXJjaF9jYXNzaXNIDVgEaE2IAQGYATO4ARfIAQzYAQPoAQH4AQGIAgGoAgG4As-F_8kGwAIB0gIkMDc5YWFhNzctZjVhMC00Mzk3LWEzZmQtMmE3NDI3MzdmYmM32AIB4AIB&ucfs=1&arphpl=1&group_adults=2&req_adults=2&no_rooms=1&group_children=0&req_children=0&hpos=1&hapos=1&sr_order=popularity&srpvid=bd9139a7f1bc028a&srepoch=1765786310&from=searchresults,"Avec une note de 9,4
9,4
Fabuleux 
97 expériences vécues",43.2140359,5.5396318,Cassis,12.8,12.2,80.9,549.0,0.9,26.0
ea84bfdf-6e28-4c02-a76c-e5094ce9adad,9ce2d0d8095b,Cassis,Home Cassis - Maison Les Calanques - Piscine chauffée à 30c,https://www.booking.com/hotel/fr/home-cassis.fr.html?aid=304142&label=gen173nr-10CAQoggJCDXNlYXJjaF9jYXNzaXNIDVgEaE2IAQGYATO4ARfIAQzYAQPoAQH4AQGIAgGoAgG4As-F_8kGwAIB0gIkMDc5YWFhNzctZjVhMC00Mzk3LWEzZmQtMmE3NDI3MzdmYmM32AIB4AIB&ucfs=1&arphpl=1&group_adults=2&req_adults=2&no_rooms=1&group_children=0&req_children=0&hpos=2&hapos=2&sr_order=popularity&srpvid=bd9139a7f1bc028a&srepoch=1765786310&from=searchresults,"Avec une note de 8,3
8,3
Très bien
189 expériences vécues",43.2140359,5.5396318,Cassis,12.8,12.2,80.9,549.0,0.9,26.0
3fadf952-7b0d-4ebb-8443-edd2c5aa5483,9ce2d0d8095b,Cassis,Au son des Cigales,https://www.booking.com/hotel/fr/au-son-des-cigales-cassis.fr.html?aid=304142&label=gen173nr-10CAQoggJCDXNlYXJjaF9jYXNzaXNIDVgEaE2IAQGYATO4ARfIAQzYAQPoAQH4AQGIAgGoAgG4As-F_8kGwAIB0gIkMDc5YWFhNzctZjVhMC00Mzk3LWEzZmQtMmE3NDI3MzdmYmM32AIB4AIB&ucfs=1&arphpl=1&group_adults=2&req_adults=2&no_rooms=1&group_children=0&req_children=0&hpos=3&hapos=3&sr_order=popularity&srpvid=bd9139a7f1bc028a&srepoch=1765786310&from=searchresults,"Avec une note de 9,2
9,2
Fabuleux 
61 expériences vécues",43.2140359,5.5396318,Cassis,12.8,12.2,80.9,549.0,0.9,26.0
e29a53e3-e009-4864-92b7-4725ec5368ae,9ce2d0d8095b,Cassis,Coste Location Cassis,https://www.booking.com/hotel/fr/avenue-amiral-ganteaume-residence-de-la-rade-bt-a7.fr.html?aid=304142&label=gen173nr-10CAQoggJCDXNlYXJjaF9jYXNzaXNIDVgEaE2IAQGYATO4ARfIAQzYAQPoAQH4AQGIAgGoAgG4As-F_8kGwAIB0gIkMDc5YWFhNzctZjVhMC00Mzk3LWEzZmQtMmE3NDI3MzdmYmM32AIB4AIB&ucfs=1&arphpl=1&group_adults=2&req_adults=2&no_rooms=1&group_children=0&req_children=0&hpos=4&hapos=4&sr_order=popularity&srpvid=bd9139a7f1bc028a&srepoch=1765786310&from=searchresults,"Avec une note de 8,7
8,7
Superbe
24 expériences vécues",43.2140359,5.5396318,Cassis,12.8,12.2,80.9,549.0,0.9,26.0
3e0982de-3170-4e94-ade6-a75e22f7ab53,9ce2d0d8095b,Cassis,Appart Bianca T2 - Terrasse - Parking - Calme - 1mn de la mer,https://www.booking.com/hotel/fr/appart-bianca-t2-terrasse-parking-calme-1mn-de-la-mer.fr.html?aid=304142&label=gen173nr-10CAQoggJCDXNlYXJjaF9jYXNzaXNIDVgEaE2IAQGYATO4ARfIAQzYAQPoAQH4AQGIAgGoAgG4As-F_8kGwAIB0gIkMDc5YWFhNzctZjVhMC00Mzk3LWEzZmQtMmE3NDI3MzdmYmM32AIB4AIB&ucfs=1&arphpl=1&group_adults=2&req_adults=2&no_rooms=1&group_children=0&req_children=0&hpos=5&hapos=5&sr_order=popularity&srpvid=bd9139a7f1bc028a&srepoch=1765786310&from=searchresults,"Avec une note de 9,4
9,4
Fabuleux 
40 expériences vécues",43.2140359,5.5396318,Cassis,12.8,12.2,80.9,549.0,0.9,26.0
91216646-8643-4bb3-af07-4941584085bf,6a5b4d7eaece,Marseille,The People - Marseille,https://www.booking.com/hotel/fr/the-people-hostel-marseille.fr.html?aid=304142&label=gen173nr-10CAQoggJCEHNlYXJjaF9tYXJzZWlsbGVIDVgEaE2IAQGYATO4ARfIAQzYAQPoAQH4AQGIAgGoAgG4AtiF_8kGwAIB0gIkOGMwNWMyZjctZGM1Yi00MTNjLTliNDEtZDkzMzRmNzI5Y2E12AIB4AIB&ucfs=1&arphpl=1&group_adults=2&req_adults=2&no_rooms=1&group_children=0&req_children=0&hpos=1&hapos=1&sr_order=popularity&srpvid=407439ac3fef01ec&srepoch=1765786319&from_sustainable_property_sr=1&from=searchresults,"Avec une note de 8,3
8,3
Très bien
6 043 expériences vécues",43.2961743,5.3699525,Marseille,13.6,13.1,80.4,551.0,0.8,27.7
37fb01bc-e747-4687-a9d7-bc48c2d89dcd,6a5b4d7eaece,Marseille,Bail Mobilité Prado Vélodrome,https://www.booking.com/hotel/fr/appartement-tout-confort-prado-velodrome.fr.html?aid=304142&label=gen173nr-10CAQoggJCEHNlYXJjaF9tYXJzZWlsbGVIDVgEaE2IAQGYATO4ARfIAQzYAQPoAQH4AQGIAgGoAgG4AtiF_8kGwAIB0gIkOGMwNWMyZjctZGM1Yi00MTNjLTliNDEtZDkzMzRmNzI5Y2E12AIB4AIB&ucfs=1&arphpl=1&group_adults=2&req_adults=2&no_rooms=1&group_children=0&req_children=0&hpos=2&hapos=2&sr_order=popularity&srpvid=407439ac3fef01ec&srepoch=1765786319&from=searchresults,"Avec une note de 9,0
9,0
Fabuleux 
8 expériences vécues",43.2961743,5.3699525,Marseille,13.6,13.1,80.4,551.0,0.8,27.7
754cfb3a-1c33-4d7c-a483-e528e8ead9d9,6a5b4d7eaece,Marseille,Novotel Marseille Centre Prado Vélodrome,https://www.booking.com/hotel/fr/novotel-marseille-centre-prado.fr.html?aid=304142&label=gen173nr-10CAQoggJCEHNlYXJjaF9tYXJzZWlsbGVIDVgEaE2IAQGYATO4ARfIAQzYAQPoAQH4AQGIAgGoAgG4AtiF_8kGwAIB0gIkOGMwNWMyZjctZGM1Yi00MTNjLTliNDEtZDkzMzRmNzI5Y2E12AIB4AIB&ucfs=1&arphpl=1&group_adults=2&req_adults=2&no_rooms=1&group_children=0&req_children=0&hpos=3&hapos=3&sr_order=popularity&srpvid=407439ac3fef01ec&srepoch=1765786319&from_sustainable_property_sr=1&from=searchresults,"Avec une note de 8,0
8,0
Très bien
1 317 expériences vécues",43.2961743,5.3699525,Marseille,13.6,13.1,80.4,551.0,0.8,27.7
9bd4352b-ff7d-40e2-a9ed-c832b388d0dd,6a5b4d7eaece,Marseille,MEININGER Marseille Centre la Joliette,https://www.booking.com/hotel/fr/meininger-marseille-centre-la-joliette.fr.html?aid=304142&label=gen173nr-10CAQoggJCEHNlYXJjaF9tYXJzZWlsbGVIDVgEaE2IAQGYATO4ARfIAQzYAQPoAQH4AQGIAgGoAgG4AtiF_8kGwAIB0gIkOGMwNWMyZjctZGM1Yi00MTNjLTliNDEtZDkzMzRmNzI5Y2E12AIB4AIB&ucfs=1&arphpl=1&group_adults=2&req_adults=2&no_rooms=1&group_children=0&req_children=0&hpos=4&hapos=4&sr_order=popularity&srpvid=407439ac3fef01ec&srepoch=1765786319&from=searchresults,"Avec une note de 8,5
8,5
Très bien
6 920 expériences vécues",43.2961743,5.3699525,Marseille,13.6,13.1,80.4,551.0,0.8,27.7
32134270-f8bf-4637-8f1e-91d038bbf39d,6a5b4d7eaece,Marseille,La station des artistes,https://www.booking.com/hotel/fr/la-station-des-artistes.fr.html?aid=304142&label=gen173nr-10CAQoggJCEHNlYXJjaF9tYXJzZWlsbGVIDVgEaE2IAQGYATO4ARfIAQzYAQPoAQH4AQGIAgGoAgG4AtiF_8kGwAIB0gIkOGMwNWMyZjctZGM1Yi00MTNjLTliNDEtZDkzMzRmNzI5Y2E12AIB4AIB&ucfs=1&arphpl=1&group_adults=2&req_adults=2&no_rooms=1&group_children=0&req_children=0&hpos=5&hapos=5&sr_order=popularity&srpvid=407439ac3fef01ec&srepoch=1765786319&from=searchresults,,43.2961743,5.3699525,Marseille,13.6,13.1,80.4,551.0,0.8,27.7
6b09d8bc-2d61-47ed-be76-916941bb0d07,f7f4b61ca081,Aix en Provence,Séjours & Affaires Aix-en-Provence Mirabeau,https://www.booking.com/hotel/fr/residence-mirabeau.fr.html?aid=304142&label=gen173nr-10CAQoggJCFnNlYXJjaF9haXggZW4gcHJvdmVuY2VIDVgEaE2IAQGYATO4ARfIAQzYAQPoAQH4AQGIAgGoAgG4Av-F_8kGwAIB0gIkY2IzNWMyMGQtMzViNS00MTI5LWIzZjctNzE0ODRhNWM3OGNi2AIB4AIB&ucfs=1&arphpl=1&group_adults=2&req_adults=2&no_rooms=1&group_children=0&req_children=0&hpos=1&hapos=1&sr_order=popularity&srpvid=12ae39bf1b3305ad&srepoch=1765786358&from=searchresults,"Avec une note de 8,0
8,0
Très bien
1 330 expériences vécues",43.5298424,5.4474738,Aix en Provence,11.8,11.1,80.7,442.0,0.8,24.6
868b8271-f244-4805-bb81-6a183885d860,f7f4b61ca081,Aix en Provence,Hôtel des Augustins,https://www.booking.com/hotel/fr/les-augustins.fr.html?aid=304142&label=gen173nr-10CAQoggJCFnNlYXJjaF9haXggZW4gcHJvdmVuY2VIDVgEaE2IAQGYATO4ARfIAQzYAQPoAQH4AQGIAgGoAgG4Av-F_8kGwAIB0gIkY2IzNWMyMGQtMzViNS00MTI5LWIzZjctNzE0ODRhNWM3OGNi2AIB4AIB&ucfs=1&arphpl=1&group_adults=2&req_adults=2&no_rooms=1&group_children=0&req_children=0&hpos=2&hapos=2&sr_order=popularity&srpvid=12ae39bf1b3305ad&srepoch=1765786358&from=searchresults,"Avec une note de 8,3
8,3
Très bien
2 175 expériences vécues",43.5298424,5.4474738,Aix en Provence,11.8,11.1,80.7,442.0,0.8,24.6
0ae8093d-99e4-42dc-83ef-a7063c09ee1f,f7f4b61ca081,Aix en Provence,thecamp hôtel - Aix en Provence,https://www.booking.com/hotel/fr/thecamp-amp-lodges.fr.html?aid=304142&label=gen173nr-10CAQoggJCFnNlYXJjaF9haXggZW4gcHJvdmVuY2VIDVgEaE2IAQGYATO4ARfIAQzYAQPoAQH4AQGIAgGoAgG4Av-F_8kGwAIB0gIkY2IzNWMyMGQtMzViNS00MTI5LWIzZjctNzE0ODRhNWM3OGNi2AIB4AIB&ucfs=1&arphpl=1&group_adults=2&req_adults=2&no_rooms=1&group_children=0&req_children=0&hpos=3&hapos=3&sr_order=popularity&srpvid=12ae39bf1b3305ad&srepoch=1765786358&from=searchresults,"Avec une note de 8,3
8,3
Très bien
3 463 expériences vécues",43.5298424,5.4474738,Aix en Provence,11.8,11.1,80.7,442.0,0.8,24.6
7c713964-c121-4ac6-b2c2-137ae78de9f6,f7f4b61ca081,Aix en Provence,Appart Hotel Odalys City Aix en Provence L'Atrium,https://www.booking.com/hotel/fr/atrium-d-anaite.fr.html?aid=304142&label=gen173nr-10CAQoggJCFnNlYXJjaF9haXggZW4gcHJvdmVuY2VIDVgEaE2IAQGYATO4ARfIAQzYAQPoAQH4AQGIAgGoAgG4Av-F_8kGwAIB0gIkY2IzNWMyMGQtMzViNS00MTI5LWIzZjctNzE0ODRhNWM3OGNi2AIB4AIB&ucfs=1&arphpl=1&group_adults=2&req_adults=2&no_rooms=1&group_children=0&req_children=0&hpos=4&hapos=4&sr_order=popularity&srpvid=12ae39bf1b3305ad&srepoch=1765786358&from=searchresults,"Avec une note de 8,0
8,0
Très bien
1 040 expériences vécues",43.5298424,5.4474738,Aix en Provence,11.8,11.1,80.7,442.0,0.8,24.6
62b178a8-7dea-4d09-9b5a-aaf12143a2ab,f7f4b61ca081,Aix en Provence,Grand Hôtel Roi René Aix - MGallery Collection,https://www.booking.com/hotel/fr/grand-mercure-roi-rene.fr.html?aid=304142&label=gen173nr-10CAQoggJCFnNlYXJjaF9haXggZW4gcHJvdmVuY2VIDVgEaE2IAQGYATO4ARfIAQzYAQPoAQH4AQGIAgGoAgG4Av-F_8kGwAIB0gIkY2IzNWMyMGQtMzViNS00MTI5LWIzZjctNzE0ODRhNWM3OGNi2AIB4AIB&ucfs=1&arphpl=1&group_adults=2&req_adults=2&no_rooms=1&group_children=0&req_children=0&hpos=5&hapos=5&sr_order=popularity&srpvid=12ae39bf1b3305ad&srepoch=1765786358&from_sustainable_property_sr=1&from=searchresults,"Avec une note de 8,4
8,4
Très bien
1 170 expériences vécues",43.5298424,5.4474738,Aix en Provence,11.8,11.1,80.7,442.0,0.8,24.6
be0dde5a-eea9-4ccb-995c-cbd5ec979b95,a76b712fa6fd,Avignon,Hôtel Le Bristol,https://www.booking.com/hotel/fr/hotel-bristol-avignon.fr.html?aid=304142&label=gen173nr-10CAQoggJCDnNlYXJjaF9hdmlnbm9uSA1YBGhNiAEBmAEzuAEXyAEM2AED6AEB-AEBiAIBqAIBuAKIhv_JBsACAdICJDVlZDRhMDQzLTczODctNDRkNC1hYWIwLWM4MGM4YzM2NTkwY9gCAeACAQ&ucfs=1&arphpl=1&group_adults=2&req_adults=2&no_rooms=1&group_children=0&req_children=0&hpos=1&hapos=1&sr_order=popularity&srpvid=7f1839c4cdf60251&srepoch=1765786366&from_sustainable_property_sr=1&from=searchresults,"Avec une note de 8,3
8,3
Très bien
4 885 expériences vécues",43.9492493,4.8059012,Avignon,11.2,10.1,81.7,490.0,0.7,22.4
4b1e04aa-912d-47c3-9e92-9a0c716e38b9,a76b712fa6fd,Avignon,ibis budget Avignon Centre,https://www.booking.com/hotel/fr/ibis-budget-avignon-centre.fr.html?aid=304142&label=gen173nr-10CAQoggJCDnNlYXJjaF9hdmlnbm9uSA1YBGhNiAEBmAEzuAEXyAEM2AED6AEB-AEBiAIBqAIBuAKIhv_JBsACAdICJDVlZDRhMDQzLTczODctNDRkNC1hYWIwLWM4MGM4YzM2NTkwY9gCAeACAQ&ucfs=1&arphpl=1&group_adults=2&req_adults=2&no_rooms=1&group_children=0&req_children=0&hpos=2&hapos=2&sr_order=popularity&srpvid=7f1839c4cdf60251&srepoch=1765786366&from=searchresults,"Avec une note de 7,8
7,8
Bien 
3 533 expériences vécues",43.9492493,4.8059012,Avignon,11.2,10.1,81.7,490.0,0.7,22.4
c07962f5-fac2-4681-95cd-95dfcce4b6ce,a76b712fa6fd,Avignon,Mercure Avignon Gare TGV,https://www.booking.com/hotel/fr/expresshiavignon.fr.html?aid=304142&label=gen173nr-10CAQoggJCDnNlYXJjaF9hdmlnbm9uSA1YBGhNiAEBmAEzuAEXyAEM2AED6AEB-AEBiAIBqAIBuAKIhv_JBsACAdICJDVlZDRhMDQzLTczODctNDRkNC1hYWIwLWM4MGM4YzM2NTkwY9gCAeACAQ&ucfs=1&arphpl=1&group_adults=2&req_adults=2&no_rooms=1&group_children=0&req_children=0&hpos=3&hapos=3&sr_order=popularity&srpvid=7f1839c4cdf60251&srepoch=1765786366&from_sustainable_property_sr=1&from=searchresults,"Avec une note de 8,6
8,6
Superbe
2 078 expériences vécues",43.9492493,4.8059012,Avignon,11.2,10.1,81.7,490.0,0.7,22.4
10c85fc5-c497-411b-92ff-220c77b2fb7a,a76b712fa6fd,Avignon,Premiere Classe Avignon Courtine Gare TGV,https://www.booking.com/hotel/fr/premiere-classe-avignon-courtine.fr.html?aid=304142&label=gen173nr-10CAQoggJCDnNlYXJjaF9hdmlnbm9uSA1YBGhNiAEBmAEzuAEXyAEM2AED6AEB-AEBiAIBqAIBuAKIhv_JBsACAdICJDVlZDRhMDQzLTczODctNDRkNC1hYWIwLWM4MGM4YzM2NTkwY9gCAeACAQ&ucfs=1&arphpl=1&group_adults=2&req_adults=2&no_rooms=1&group_children=0&req_children=0&hpos=4&hapos=4&sr_order=popularity&srpvid=7f1839c4cdf60251&srepoch=1765786366&from=searchresults,"Avec une note de 5,9
5,9
Note
1 990 expériences vécues",43.9492493,4.8059012,Avignon,11.2,10.1,81.7,490.0,0.7,22.4
092cc065-b669-4112-94cc-cef86d6f3af1,a76b712fa6fd,Avignon,"Appartements et studio rénovés en 2022, Intra Muros Avignon",https://www.booking.com/hotel/fr/studio-renove-en-2022-intra-muros-avignon.fr.html?aid=304142&label=gen173nr-10CAQoggJCDnNlYXJjaF9hdmlnbm9uSA1YBGhNiAEBmAEzuAEXyAEM2AED6AEB-AEBiAIBqAIBuAKIhv_JBsACAdICJDVlZDRhMDQzLTczODctNDRkNC1hYWIwLWM4MGM4YzM2NTkwY9gCAeACAQ&ucfs=1&arphpl=1&group_adults=2&req_adults=2&no_rooms=1&group_children=0&req_children=0&hpos=5&hapos=5&sr_order=popularity&srpvid=7f1839c4cdf60251&srepoch=1765786366&from=searchresults,"Avec une note de 8,8
8,8
Superbe
128 expériences vécues",43.9492493,4.8059012,Avignon,11.2,10.1,81.7,490.0,0.7,22.4
475e8d8a-0c14-4aba-b08e-cd3a93cd8c30,975923312ee1,Uzes,Appartement Centre Historique - Garage Privé,https://www.booking.com/hotel/fr/appartement-centre-historique-uzes.fr.html?aid=304142&label=gen173nr-10CAQoggJCC3NlYXJjaF91emVzSA1YBGhNiAEBmAEzuAEXyAEM2AED6AEB-AEBiAIBqAIBuAKQhv_JBsACAdICJDQyZTNjNTQ4LTI5MWQtNGZhOC1hODI1LTNiMmYyNmQ4OWFmY9gCAeACAQ&ucfs=1&arphpl=1&group_adults=2&req_adults=2&no_rooms=1&group_children=0&req_children=0&hpos=1&hapos=1&sr_order=popularity&srpvid=95ff39c879130403&srepoch=1765786374&from=searchresults,"Avec une note de 8,4
8,4
Très bien
19 expériences vécues",44.0121279,4.4196718,Uzes,10.4,9.3,86.6,500.0,0.5,20.5
5ec2ae7c-009a-42df-9fdf-2dd6d54525a5,975923312ee1,Uzes,Appartement 1 chambre avec Piscine,https://www.booking.com/hotel/fr/appartement-1-chambre-avec-piscine.fr.html?aid=304142&label=gen173nr-10CAQoggJCC3NlYXJjaF91emVzSA1YBGhNiAEBmAEzuAEXyAEM2AED6AEB-AEBiAIBqAIBuAKQhv_JBsACAdICJDQyZTNjNTQ4LTI5MWQtNGZhOC1hODI1LTNiMmYyNmQ4OWFmY9gCAeACAQ&ucfs=1&arphpl=1&group_adults=2&req_adults=2&no_rooms=1&group_children=0&req_children=0&hpos=2&hapos=2&sr_order=popularity&srpvid=95ff39c879130403&srepoch=1765786374&from=searchresults,"Avec une note de 9,0
9,0
Fabuleux 
45 expériences vécues",44.0121279,4.4196718,Uzes,10.4,9.3,86.6,500.0,0.5,20.5
8ee8b936-5e30-45c8-93f4-d019cddc513d,975923312ee1,Uzes,Boutique Hôtel Entraigues,https://www.booking.com/hotel/fr/entraigues-uzes2.fr.html?aid=304142&label=gen173nr-10CAQoggJCC3NlYXJjaF91emVzSA1YBGhNiAEBmAEzuAEXyAEM2AED6AEB-AEBiAIBqAIBuAKQhv_JBsACAdICJDQyZTNjNTQ4LTI5MWQtNGZhOC1hODI1LTNiMmYyNmQ4OWFmY9gCAeACAQ&ucfs=1&arphpl=1&group_adults=2&req_adults=2&no_rooms=1&group_children=0&req_children=0&hpos=3&hapos=3&sr_order=popularity&srpvid=95ff39c879130403&srepoch=1765786374&from=searchresults,"Avec une note de 8,9
8,9
Superbe
1 329 expériences vécues",44.0121279,4.4196718,Uzes,10.4,9.3,86.6,500.0,0.5,20.5
63f32efd-92ce-405d-9120-85e0e92516c8,975923312ee1,Uzes,Le Pré Aux Cigales,https://www.booking.com/hotel/fr/le-pre-aux-cigales.fr.html?aid=304142&label=gen173nr-10CAQoggJCC3NlYXJjaF91emVzSA1YBGhNiAEBmAEzuAEXyAEM2AED6AEB-AEBiAIBqAIBuAKQhv_JBsACAdICJDQyZTNjNTQ4LTI5MWQtNGZhOC1hODI1LTNiMmYyNmQ4OWFmY9gCAeACAQ&ucfs=1&arphpl=1&group_adults=2&req_adults=2&no_rooms=1&group_children=0&req_children=0&hpos=4&hapos=4&sr_order=popularity&srpvid=95ff39c879130403&srepoch=1765786374&from=searchresults,"Avec une note de 9,8
9,8
Exceptionnel
37 expériences vécues",44.0121279,4.4196718,Uzes,10.4,9.3,86.6,500.0,0.5,20.5
c4fd5c93-970a-46fb-8f83-9c32ca83d912,975923312ee1,Uzes,Hôtel Le SAINT-GENIÈS,https://www.booking.com/hotel/fr/le-saint-genies.fr.html?aid=304142&label=gen173nr-10CAQoggJCC3NlYXJjaF91emVzSA1YBGhNiAEBmAEzuAEXyAEM2AED6AEB-AEBiAIBqAIBuAKQhv_JBsACAdICJDQyZTNjNTQ4LTI5MWQtNGZhOC1hODI1LTNiMmYyNmQ4OWFmY9gCAeACAQ&ucfs=1&arphpl=1&group_adults=2&req_adults=2&no_rooms=1&group_children=0&req_children=0&hpos=5&hapos=5&sr_order=popularity&srpvid=95ff39c879130403&srepoch=1765786374&from=searchresults,"Avec une note de 9,3
9,3
Fabuleux 
1 235 expériences vécues",44.0121279,4.4196718,Uzes,10.4,9.3,86.6,500.0,0.5,20.5
cfc695eb-ddea-4d8c-a72b-5faa86f221a9,17b7723e85eb,Nimes,hotelF1 Nîmes Ouest,https://www.booking.com/hotel/fr/hotelf1-nimes-ouest.fr.html?aid=304142&label=gen173nr-10CAQoggJCDHNlYXJjaF9uaW1lc0gNWARoTYgBAZgBM7gBF8gBDNgBA-gBAfgBAYgCAagCAbgCmIb_yQbAAgHSAiRiYjI2OTRjZC1hOTg1LTQxZTgtOWU0Zi0yMmQzNDY1MDRkOGPYAgHgAgE&ucfs=1&arphpl=1&group_adults=2&req_adults=2&no_rooms=1&group_children=0&req_children=0&hpos=1&hapos=1&sr_order=popularity&srpvid=8df839cc9f3400c5&srepoch=1765786383&from=searchresults,"Avec une note de 7,1
7,1
Bien 
2 230 expériences vécues",43.8374249,4.3600687,Nimes,11.1,9.8,83.3,501.0,0.6,20.8
220a7200-7dbb-4348-a629-e7a6b3cae010,17b7723e85eb,Nimes,Appart'hôtel Odalys City - Nîmes Arènes - Palais des Congrès,https://www.booking.com/hotel/fr/odalys-city-nimes-arenes.fr.html?aid=304142&label=gen173nr-10CAQoggJCDHNlYXJjaF9uaW1lc0gNWARoTYgBAZgBM7gBF8gBDNgBA-gBAfgBAYgCAagCAbgCmIb_yQbAAgHSAiRiYjI2OTRjZC1hOTg1LTQxZTgtOWU0Zi0yMmQzNDY1MDRkOGPYAgHgAgE&ucfs=1&arphpl=1&group_adults=2&req_adults=2&no_rooms=1&group_children=0&req_children=0&hpos=2&hapos=2&sr_order=popularity&srpvid=8df839cc9f3400c5&srepoch=1765786383&from=searchresults,"Avec une note de 8,5
8,5
Très bien
2 887 expériences vécues",43.8374249,4.3600687,Nimes,11.1,9.8,83.3,501.0,0.6,20.8
179cac67-0a8b-4566-a05c-7320d6bdf28f,17b7723e85eb,Nimes,ibis budget Nimes Centre Gare,https://www.booking.com/hotel/fr/ibis-budget-nimes-centre-gare.fr.html?aid=304142&label=gen173nr-10CAQoggJCDHNlYXJjaF9uaW1lc0gNWARoTYgBAZgBM7gBF8gBDNgBA-gBAfgBAYgCAagCAbgCmIb_yQbAAgHSAiRiYjI2OTRjZC1hOTg1LTQxZTgtOWU0Zi0yMmQzNDY1MDRkOGPYAgHgAgE&ucfs=1&arphpl=1&group_adults=2&req_adults=2&no_rooms=1&group_children=0&req_children=0&hpos=3&hapos=3&sr_order=popularity&srpvid=8df839cc9f3400c5&srepoch=1765786383&from=searchresults,"Avec une note de 8,1
8,1
Très bien
3 286 expériences vécues",43.8374249,4.3600687,Nimes,11.1,9.8,83.3,501.0,0.6,20.8
27131b08-abc1-4e85-b1c9-0c7635d4c9c5,17b7723e85eb,Nimes,Royal Hôtel,https://www.booking.com/hotel/fr/royal.fr.html?aid=304142&label=gen173nr-10CAQoggJCDHNlYXJjaF9uaW1lc0gNWARoTYgBAZgBM7gBF8gBDNgBA-gBAfgBAYgCAagCAbgCmIb_yQbAAgHSAiRiYjI2OTRjZC1hOTg1LTQxZTgtOWU0Zi0yMmQzNDY1MDRkOGPYAgHgAgE&ucfs=1&arphpl=1&group_adults=2&req_adults=2&no_rooms=1&group_children=0&req_children=0&hpos=4&hapos=4&sr_order=popularity&srpvid=8df839cc9f3400c5&srepoch=1765786383&from=searchresults,"Avec une note de 8,4
8,4
Très bien
3 323 expériences vécues",43.8374249,4.3600687,Nimes,11.1,9.8,83.3,501.0,0.6,20.8
9c7da988-9582-44a2-abb0-5efc6f5ec991,17b7723e85eb,Nimes,B&B HOTEL Nîmes Centre Arènes,https://www.booking.com/hotel/fr/b-amp-b-nimes-centre-ville.fr.html?aid=304142&label=gen173nr-10CAQoggJCDHNlYXJjaF9uaW1lc0gNWARoTYgBAZgBM7gBF8gBDNgBA-gBAfgBAYgCAagCAbgCmIb_yQbAAgHSAiRiYjI2OTRjZC1hOTg1LTQxZTgtOWU0Zi0yMmQzNDY1MDRkOGPYAgHgAgE&ucfs=1&arphpl=1&group_adults=2&req_adults=2&no_rooms=1&group_children=0&req_children=0&hpos=5&hapos=5&sr_order=popularity&srpvid=8df839cc9f3400c5&srepoch=1765786383&from=searchresults,"Avec une note de 8,3
8,3
Très bien
2 827 expériences vécues",43.8374249,4.3600687,Nimes,11.1,9.8,83.3,501.0,0.6,20.8
c17ffc94-7a9b-4e88-a6a8-0af49a3ed748,ae45e2f863bb,Aigues Mortes,Résidence Odalys Le Mas des Flamants,https://www.booking.com/hotel/fr/residence-le-mas-des-flamants.fr.html?aid=304142&label=gen173nr-10CAQoggJCFHNlYXJjaF9haWd1ZXMgbW9ydGVzSA1YBGhNiAEBmAEzuAEXyAEM2AED6AEB-AEBiAIBqAIBuAKhhv_JBsACAdICJDA3OGIzMWNjLTI0ZTktNDQ4OC05Yzk5LTQ0ZGE2YTI5Zjc5MNgCAeACAQ&ucfs=1&arphpl=1&group_adults=2&req_adults=2&no_rooms=1&group_children=0&req_children=0&hpos=1&hapos=1&sr_order=popularity&srpvid=ed2139d057e702cd&srepoch=1765786393&from=searchresults,"Avec une note de 8,4
8,4
Très bien
534 expériences vécues",43.5661521,4.19154,Aigues Mortes,12.1,11.5,84.6,550.0,0.6,23.3
764f03d0-8b83-48a0-ade0-777c47f41e35,ae45e2f863bb,Aigues Mortes,Hôtel les jardins du canal - solaire eco reponsable - piscine - parking - garage - bornes électriques - accueil vélos - kids friendly,https://www.booking.com/hotel/fr/canal-aigues-mortes.fr.html?aid=304142&label=gen173nr-10CAQoggJCFHNlYXJjaF9haWd1ZXMgbW9ydGVzSA1YBGhNiAEBmAEzuAEXyAEM2AED6AEB-AEBiAIBqAIBuAKhhv_JBsACAdICJDA3OGIzMWNjLTI0ZTktNDQ4OC05Yzk5LTQ0ZGE2YTI5Zjc5MNgCAeACAQ&ucfs=1&arphpl=1&group_adults=2&req_adults=2&no_rooms=1&group_children=0&req_children=0&hpos=2&hapos=2&sr_order=popularity&srpvid=ed2139d057e702cd&srepoch=1765786393&from=searchresults,"Avec une note de 8,8
8,8
Superbe
1 697 expériences vécues",43.5661521,4.19154,Aigues Mortes,12.1,11.5,84.6,550.0,0.6,23.3
630547f5-391a-4694-9686-c76fc9057fa6,ae45e2f863bb,Aigues Mortes,Artemia Aigues-Mortes - Hôtel avec piscine - Bornes électriques - Parking privé - Local vélo-moto,https://www.booking.com/hotel/fr/le-royal-hotel-aigues-mortes.fr.html?aid=304142&label=gen173nr-10CAQoggJCFHNlYXJjaF9haWd1ZXMgbW9ydGVzSA1YBGhNiAEBmAEzuAEXyAEM2AED6AEB-AEBiAIBqAIBuAKhhv_JBsACAdICJDA3OGIzMWNjLTI0ZTktNDQ4OC05Yzk5LTQ0ZGE2YTI5Zjc5MNgCAeACAQ&ucfs=1&arphpl=1&group_adults=2&req_adults=2&no_rooms=1&group_children=0&req_children=0&hpos=3&hapos=3&sr_order=popularity&srpvid=ed2139d057e702cd&srepoch=1765786393&from=searchresults,"Avec une note de 8,8
8,8
Superbe
838 expériences vécues",43.5661521,4.19154,Aigues Mortes,12.1,11.5,84.6,550.0,0.6,23.3
40dd7336-452b-4e89-bb46-c751265b1df7,ae45e2f863bb,Aigues Mortes,La Villa Mazarin,https://www.booking.com/hotel/fr/la-villa-mazarin.fr.html?aid=304142&label=gen173nr-10CAQoggJCFHNlYXJjaF9haWd1ZXMgbW9ydGVzSA1YBGhNiAEBmAEzuAEXyAEM2AED6AEB-AEBiAIBqAIBuAKhhv_JBsACAdICJDA3OGIzMWNjLTI0ZTktNDQ4OC05Yzk5LTQ0ZGE2YTI5Zjc5MNgCAeACAQ&ucfs=1&arphpl=1&group_adults=2&req_adults=2&no_rooms=1&group_children=0&req_children=0&hpos=4&hapos=4&sr_order=popularity&srpvid=ed2139d057e702cd&srepoch=1765786393&from=searchresults,"Avec une note de 9,1
9,1
Fabuleux 
1 180 expériences vécues",43.5661521,4.19154,Aigues Mortes,12.1,11.5,84.6,550.0,0.6,23.3
81ff1c3c-7e3f-4c5b-8f13-3e364315eae3,ae45e2f863bb,Aigues Mortes,Résidence Odalys Fleur de Sel,https://www.booking.com/hotel/fr/residence-odalys-fleur-de-sel.fr.html?aid=304142&label=gen173nr-10CAQoggJCFHNlYXJjaF9haWd1ZXMgbW9ydGVzSA1YBGhNiAEBmAEzuAEXyAEM2AED6AEB-AEBiAIBqAIBuAKhhv_JBsACAdICJDA3OGIzMWNjLTI0ZTktNDQ4OC05Yzk5LTQ0ZGE2YTI5Zjc5MNgCAeACAQ&ucfs=1&arphpl=1&group_adults=2&req_adults=2&no_rooms=1&group_children=0&req_children=0&hpos=5&hapos=5&sr_order=popularity&srpvid=ed2139d057e702cd&srepoch=1765786393&from=searchresults,"Avec une note de 8,3
8,3
Très bien
679 expériences vécues",43.5661521,4.19154,Aigues Mortes,12.1,11.5,84.6,550.0,0.6,23.3
00b99b2d-6f47-46c2-9d91-b275cc790884,a24e1bba5fd4,Saintes Maries de la mer,Hotel Le Bleu Marine,https://www.booking.com/hotel/fr/le-bleu-marine.fr.html?aid=304142&label=gen173nr-10CAQoggJCH3NlYXJjaF9zYWludGVzIG1hcmllcyBkZSBsYSBtZXJIDVgEaE2IAQGYATO4ARfIAQzYAQPoAQH4AQGIAgGoAgG4AquG_8kGwAIB0gIkZDZiYmFhOTctYjEzNC00NTBiLWFhZDAtYTM5ODY3MWFlOTI42AIB4AIB&ucfs=1&arphpl=1&group_adults=2&req_adults=2&no_rooms=1&group_children=0&req_children=0&hpos=1&hapos=1&sr_order=popularity&srpvid=00c539d566250433&srepoch=1765786402&from=searchresults,"Avec une note de 7,3
7,3
Bien 
1 762 expériences vécues",43.4515922,4.4277202,Saintes Maries de la mer,12.8,12.4,85.7,534.0,0.7,25.0
61661df3-ca01-49ae-8ddc-1d7c62ba4374,a24e1bba5fd4,Saintes Maries de la mer,Hotel Les Palmiers En Camargue,https://www.booking.com/hotel/fr/les-palmiers-en-camargue.fr.html?aid=304142&label=gen173nr-10CAQoggJCH3NlYXJjaF9zYWludGVzIG1hcmllcyBkZSBsYSBtZXJIDVgEaE2IAQGYATO4ARfIAQzYAQPoAQH4AQGIAgGoAgG4AquG_8kGwAIB0gIkZDZiYmFhOTctYjEzNC00NTBiLWFhZDAtYTM5ODY3MWFlOTI42AIB4AIB&ucfs=1&arphpl=1&group_adults=2&req_adults=2&no_rooms=1&group_children=0&req_children=0&hpos=2&hapos=2&sr_order=popularity&srpvid=00c539d566250433&srepoch=1765786402&from=searchresults,"Avec une note de 8,2
8,2
Très bien
1 974 expériences vécues",43.4515922,4.4277202,Saintes Maries de la mer,12.8,12.4,85.7,534.0,0.7,25.0
3db17f46-74b0-4bac-b0ff-6ac058df83da,a24e1bba5fd4,Saintes Maries de la mer,Oh! Campings - Le Clos du Rhône,https://www.booking.com/hotel/fr/oh-campings.fr.html?aid=304142&label=gen173nr-10CAQoggJCH3NlYXJjaF9zYWludGVzIG1hcmllcyBkZSBsYSBtZXJIDVgEaE2IAQGYATO4ARfIAQzYAQPoAQH4AQGIAgGoAgG4AquG_8kGwAIB0gIkZDZiYmFhOTctYjEzNC00NTBiLWFhZDAtYTM5ODY3MWFlOTI42AIB4AIB&ucfs=1&arphpl=1&group_adults=2&req_adults=2&no_rooms=1&group_children=0&req_children=0&hpos=3&hapos=3&sr_order=popularity&srpvid=00c539d566250433&srepoch=1765786402&from=searchresults,"Avec une note de 8,0
8,0
Très bien
330 expériences vécues",43.4515922,4.4277202,Saintes Maries de la mer,12.8,12.4,85.7,534.0,0.7,25.0
992559a4-3959-447f-a49b-4e099e78eb46,a24e1bba5fd4,Saintes Maries de la mer,Hôtel Casa Marina,https://www.booking.com/hotel/fr/casa-marina-saintes-maries-de-la-mer.fr.html?aid=304142&label=gen173nr-10CAQoggJCH3NlYXJjaF9zYWludGVzIG1hcmllcyBkZSBsYSBtZXJIDVgEaE2IAQGYATO4ARfIAQzYAQPoAQH4AQGIAgGoAgG4AquG_8kGwAIB0gIkZDZiYmFhOTctYjEzNC00NTBiLWFhZDAtYTM5ODY3MWFlOTI42AIB4AIB&ucfs=1&arphpl=1&group_adults=2&req_adults=2&no_rooms=1&group_children=0&req_children=0&hpos=4&hapos=4&sr_order=popularity&srpvid=00c539d566250433&srepoch=1765786402&from=searchresults,"Avec une note de 8,9
8,9
Superbe
1 456 expériences vécues",43.4515922,4.4277202,Saintes Maries de la mer,12.8,12.4,85.7,534.0,0.7,25.0
1f239dad-fb5d-41c9-9802-eb2db1800719,a24e1bba5fd4,Saintes Maries de la mer,Oh! Campings - La Brise de Camargue,https://www.booking.com/hotel/fr/oh-campings-la-brise.fr.html?aid=304142&label=gen173nr-10CAQoggJCH3NlYXJjaF9zYWludGVzIG1hcmllcyBkZSBsYSBtZXJIDVgEaE2IAQGYATO4ARfIAQzYAQPoAQH4AQGIAgGoAgG4AquG_8kGwAIB0gIkZDZiYmFhOTctYjEzNC00NTBiLWFhZDAtYTM5ODY3MWFlOTI42AIB4AIB&ucfs=1&arphpl=1&group_adults=2&req_adults=2&no_rooms=1&group_children=0&req_children=0&hpos=5&hapos=5&sr_order=popularity&srpvid=00c539d566250433&srepoch=1765786402&from=searchresults,"Avec une note de 7,7
7,7
Bien 
607 expériences vécues",43.4515922,4.4277202,Saintes Maries de la mer,12.8,12.4,85.7,534.0,0.7,25.0
c56e1544-4e69-4aec-a449-acb9aa1507c7,4cc9af0bda9a,Collioure,Charmant Studio près de la Plage,https://www.booking.com/hotel/fr/charmant-studio-pres-de-la-plage-collioure.fr.html?aid=304142&label=gen173nr-10CAQoggJCEHNlYXJjaF9jb2xsaW91cmVIDVgEaE2IAQGYATO4ARfIAQzYAQPoAQH4AQGIAgGoAgG4ArSG_8kGwAIB0gIkYjJiNTVlMjktNDE0OC00YmUxLWE1YzQtZTNjOTVlZDA0ZmM42AIB4AIB&ucfs=1&arphpl=1&group_adults=2&req_adults=2&no_rooms=1&group_children=0&req_children=0&hpos=1&hapos=1&sr_order=popularity&srpvid=7c9c39da9bc602ed&srepoch=1765786412&from=searchresults,"Avec une note de 9,3
9,3
Fabuleux 
3 expériences vécues",42.52505,3.0831554,Collioure,14.1,13.4,72.6,433.0,0.9,29.9
980a58dd-22bf-4539-a292-3b6ed0dfcccd,4cc9af0bda9a,Collioure,Can Jeannette,https://www.booking.com/hotel/fr/can-jeannette.fr.html?aid=304142&label=gen173nr-10CAQoggJCEHNlYXJjaF9jb2xsaW91cmVIDVgEaE2IAQGYATO4ARfIAQzYAQPoAQH4AQGIAgGoAgG4ArSG_8kGwAIB0gIkYjJiNTVlMjktNDE0OC00YmUxLWE1YzQtZTNjOTVlZDA0ZmM42AIB4AIB&ucfs=1&arphpl=1&group_adults=2&req_adults=2&no_rooms=1&group_children=0&req_children=0&hpos=2&hapos=2&sr_order=popularity&srpvid=7c9c39da9bc602ed&srepoch=1765786412&from=searchresults,,42.52505,3.0831554,Collioure,14.1,13.4,72.6,433.0,0.9,29.9
20d45807-a2e3-4850-b315-38b52a118f0d,4cc9af0bda9a,Collioure,Appartement collioure,https://www.booking.com/hotel/fr/appartement-collioure-collioure2.fr.html?aid=304142&label=gen173nr-10CAQoggJCEHNlYXJjaF9jb2xsaW91cmVIDVgEaE2IAQGYATO4ARfIAQzYAQPoAQH4AQGIAgGoAgG4ArSG_8kGwAIB0gIkYjJiNTVlMjktNDE0OC00YmUxLWE1YzQtZTNjOTVlZDA0ZmM42AIB4AIB&ucfs=1&arphpl=1&group_adults=2&req_adults=2&no_rooms=1&group_children=0&req_children=0&hpos=3&hapos=3&sr_order=popularity&srpvid=7c9c39da9bc602ed&srepoch=1765786412&from=searchresults,,42.52505,3.0831554,Collioure,14.1,13.4,72.6,433.0,0.9,29.9
ff764a9c-92d6-40bf-a25d-0621fcb71c16,4cc9af0bda9a,Collioure,Appartement Centre COLLIOURE CLIM PATIO WIFI,https://www.booking.com/hotel/fr/appartement-centre-collioure-patio-wifi-clim.fr.html?aid=304142&label=gen173nr-10CAQoggJCEHNlYXJjaF9jb2xsaW91cmVIDVgEaE2IAQGYATO4ARfIAQzYAQPoAQH4AQGIAgGoAgG4ArSG_8kGwAIB0gIkYjJiNTVlMjktNDE0OC00YmUxLWE1YzQtZTNjOTVlZDA0ZmM42AIB4AIB&ucfs=1&arphpl=1&group_adults=2&req_adults=2&no_rooms=1&group_children=0&req_children=0&hpos=4&hapos=4&sr_order=popularity&srpvid=7c9c39da9bc602ed&srepoch=1765786412&from=searchresults,"Avec une note de 9,2
9,2
Fabuleux 
34 expériences vécues",42.52505,3.0831554,Collioure,14.1,13.4,72.6,433.0,0.9,29.9
e589fa08-8818-49d8-8bf1-95f9a93c2630,4cc9af0bda9a,Collioure,Studio Centre Plage parking gratuit,https://www.booking.com/hotel/fr/studio-centre-plage-collioure.fr.html?aid=304142&label=gen173nr-10CAQoggJCEHNlYXJjaF9jb2xsaW91cmVIDVgEaE2IAQGYATO4ARfIAQzYAQPoAQH4AQGIAgGoAgG4ArSG_8kGwAIB0gIkYjJiNTVlMjktNDE0OC00YmUxLWE1YzQtZTNjOTVlZDA0ZmM42AIB4AIB&ucfs=1&arphpl=1&group_adults=2&req_adults=2&no_rooms=1&group_children=0&req_children=0&hpos=5&hapos=5&sr_order=popularity&srpvid=7c9c39da9bc602ed&srepoch=1765786412&from=searchresults,"Avec une note de 9,1
9,1
Fabuleux 
163 expériences vécues",42.52505,3.0831554,Collioure,14.1,13.4,72.6,433.0,0.9,29.9
f6d6136c-6214-4878-80f3-0e019274da1a,90283dbcb014,Carcassonne,Tribe Carcassonne,https://www.booking.com/hotel/fr/des-trois-couronnes.fr.html?aid=304142&label=gen173nr-10CAQoggJCEnNlYXJjaF9jYXJjYXNzb25uZUgNWARoTYgBAZgBM7gBF8gBDNgBA-gBAfgBAYgCAagCAbgC-ob_yQbAAgHSAiRmOGQ2Mzk5Zi00MjlhLTQwNDgtYWEyNy02NWEwMjc3NDYyYjnYAgHgAgE&ucfs=1&arphpl=1&group_adults=2&req_adults=2&no_rooms=1&group_children=0&req_children=0&hpos=1&hapos=1&sr_order=popularity&srpvid=893e39fdc1e7020b&srepoch=1765786481&from_sustainable_property_sr=1&from=searchresults,"Avec une note de 8,1
8,1
Très bien
2 959 expériences vécues",43.2130358,2.3491069,Carcassonne,12.3,11.6,75.7,320.0,1.0,26.5
5a368f4a-178f-4391-a8f1-8f8c72f27e05,90283dbcb014,Carcassonne,GOOD KNIGHT,https://www.booking.com/hotel/fr/good-knight.fr.html?aid=304142&label=gen173nr-10CAQoggJCEnNlYXJjaF9jYXJjYXNzb25uZUgNWARoTYgBAZgBM7gBF8gBDNgBA-gBAfgBAYgCAagCAbgC-ob_yQbAAgHSAiRmOGQ2Mzk5Zi00MjlhLTQwNDgtYWEyNy02NWEwMjc3NDYyYjnYAgHgAgE&ucfs=1&arphpl=1&group_adults=2&req_adults=2&no_rooms=1&group_children=0&req_children=0&hpos=2&hapos=2&sr_order=popularity&srpvid=893e39fdc1e7020b&srepoch=1765786481&from=searchresults,"Avec une note de 8,7
8,7
Superbe
2 914 expériences vécues",43.2130358,2.3491069,Carcassonne,12.3,11.6,75.7,320.0,1.0,26.5
ee01c937-b1be-4f40-ab20-0343e795a565,90283dbcb014,Carcassonne,Premiere Classe Carcassonne,https://www.booking.com/hotel/fr/premiere-classe-carcassonne.fr.html?aid=304142&label=gen173nr-10CAQoggJCEnNlYXJjaF9jYXJjYXNzb25uZUgNWARoTYgBAZgBM7gBF8gBDNgBA-gBAfgBAYgCAagCAbgC-ob_yQbAAgHSAiRmOGQ2Mzk5Zi00MjlhLTQwNDgtYWEyNy02NWEwMjc3NDYyYjnYAgHgAgE&ucfs=1&arphpl=1&group_adults=2&req_adults=2&no_rooms=1&group_children=0&req_children=0&hpos=3&hapos=3&sr_order=popularity&srpvid=893e39fdc1e7020b&srepoch=1765786481&from=searchresults,"Avec une note de 7,0
7,0
Bien 
3 153 expériences vécues",43.2130358,2.3491069,Carcassonne,12.3,11.6,75.7,320.0,1.0,26.5
60d89ec8-366f-4dd7-9d68-69e455e3f1e7,90283dbcb014,Carcassonne,ibis Styles Carcassonne La Cité,https://www.booking.com/hotel/fr/inter-les-oliviers.fr.html?aid=304142&label=gen173nr-10CAQoggJCEnNlYXJjaF9jYXJjYXNzb25uZUgNWARoTYgBAZgBM7gBF8gBDNgBA-gBAfgBAYgCAagCAbgC-ob_yQbAAgHSAiRmOGQ2Mzk5Zi00MjlhLTQwNDgtYWEyNy02NWEwMjc3NDYyYjnYAgHgAgE&ucfs=1&arphpl=1&group_adults=2&req_adults=2&no_rooms=1&group_children=0&req_children=0&hpos=4&hapos=4&sr_order=popularity&srpvid=893e39fdc1e7020b&srepoch=1765786481&from_sustainable_property_sr=1&from=searchresults,"Avec une note de 8,4
8,4
Très bien
2 841 expériences vécues",43.2130358,2.3491069,Carcassonne,12.3,11.6,75.7,320.0,1.0,26.5
2378e4aa-dabb-4500-a7d6-08fe6d1a26d9,90283dbcb014,Carcassonne,45BB,https://www.booking.com/hotel/fr/45bb.fr.html?aid=304142&label=gen173nr-10CAQoggJCEnNlYXJjaF9jYXJjYXNzb25uZUgNWARoTYgBAZgBM7gBF8gBDNgBA-gBAfgBAYgCAagCAbgC-ob_yQbAAgHSAiRmOGQ2Mzk5Zi00MjlhLTQwNDgtYWEyNy02NWEwMjc3NDYyYjnYAgHgAgE&ucfs=1&arphpl=1&group_adults=2&req_adults=2&no_rooms=1&group_children=0&req_children=0&hpos=5&hapos=5&sr_order=popularity&srpvid=893e39fdc1e7020b&srepoch=1765786481&from=searchresults,"Avec une note de 9,6
9,6
Exceptionnel
402 expériences vécues",43.2130358,2.3491069,Carcassonne,12.3,11.6,75.7,320.0,1.0,26.5
b76bb36e-9f9f-4ac9-a3c1-b73405dd9653,6b599cb3b957,Ariege,"Le Valier, T2 résidence Grand Hôtel - Appt 308 - Aulus-les-bains",https://www.booking.com/hotel/fr/t2-residence-grand-appt-308-aulus-les-bains.fr.html?aid=304142&label=gen173nr-10CAQoggJCDXNlYXJjaF9hcmllZ2VIDVgEaE2IAQGYATO4ARfIAQzYAQPoAQH4AQGIAgGoAgG4AoOH_8kGwAIB0gIkNDE0MzM2ZTktMTExMy00MGIwLTkzZjctNWM1YTc4ZWRjNzkx2AIB4AIB&ucfs=1&arphpl=1&group_adults=2&req_adults=2&no_rooms=1&group_children=0&req_children=0&hpos=1&hapos=1&sr_order=popularity&srpvid=3fbf3a01e29c010e&srepoch=1765786490&from=searchresults,"Avec une note de 9,2
9,2
Fabuleux 
14 expériences vécues",42.9455368,1.4065544,Ariege,7.6,6.9,66.6,203.0,1.0,28.3
aaa30c46-d4de-40a6-afea-3279c2642c39,6b599cb3b957,Ariege,Maison spacieuse face aux Pyrénées,https://www.booking.com/hotel/fr/maison-familiale-et-spacieuse-face-aux-pyrenees.fr.html?aid=304142&label=gen173nr-10CAQoggJCDXNlYXJjaF9hcmllZ2VIDVgEaE2IAQGYATO4ARfIAQzYAQPoAQH4AQGIAgGoAgG4AoOH_8kGwAIB0gIkNDE0MzM2ZTktMTExMy00MGIwLTkzZjctNWM1YTc4ZWRjNzkx2AIB4AIB&ucfs=1&arphpl=1&group_adults=2&req_adults=2&no_rooms=1&group_children=0&req_children=0&hpos=2&hapos=2&sr_order=popularity&srpvid=3fbf3a01e29c010e&srepoch=1765786490&from=searchresults,"Avec une note de 9,2
9,2
Fabuleux 
23 expériences vécues",42.9455368,1.4065544,Ariege,7.6,6.9,66.6,203.0,1.0,28.3
902f4cce-3f8f-4603-a443-7b5cba1cbe12,6b599cb3b957,Ariege,Appartement Fontargente,https://www.booking.com/hotel/fr/appartement-fontargente.fr.html?aid=304142&label=gen173nr-10CAQoggJCDXNlYXJjaF9hcmllZ2VIDVgEaE2IAQGYATO4ARfIAQzYAQPoAQH4AQGIAgGoAgG4AoOH_8kGwAIB0gIkNDE0MzM2ZTktMTExMy00MGIwLTkzZjctNWM1YTc4ZWRjNzkx2AIB4AIB&ucfs=1&arphpl=1&group_adults=2&req_adults=2&no_rooms=1&group_children=0&req_children=0&hpos=3&hapos=3&sr_order=popularity&srpvid=3fbf3a01e29c010e&srepoch=1765786490&from=searchresults,"Avec une note de 9,5
9,5
Exceptionnel
54 expériences vécues",42.9455368,1.4065544,Ariege,7.6,6.9,66.6,203.0,1.0,28.3
8bbb1d29-a7b1-4800-8e93-91d42dbbe2c8,6b599cb3b957,Ariege,Résidence Pierre & Vacances Les Trois Domaines,https://www.booking.com/hotel/fr/pierre-vacances-les-trois-domaines.fr.html?aid=304142&label=gen173nr-10CAQoggJCDXNlYXJjaF9hcmllZ2VIDVgEaE2IAQGYATO4ARfIAQzYAQPoAQH4AQGIAgGoAgG4AoOH_8kGwAIB0gIkNDE0MzM2ZTktMTExMy00MGIwLTkzZjctNWM1YTc4ZWRjNzkx2AIB4AIB&ucfs=1&arphpl=1&group_adults=2&req_adults=2&no_rooms=1&group_children=0&req_children=0&hpos=4&hapos=4&sr_order=popularity&srpvid=3fbf3a01e29c010e&srepoch=1765786490&from=searchresults,"Avec une note de 7,8
7,8
Bien 
270 expériences vécues",42.9455368,1.4065544,Ariege,7.6,6.9,66.6,203.0,1.0,28.3
0f99095f-19c3-4459-af68-40c76184a8bb,6b599cb3b957,Ariege,Chalet bois au milieu des Pyrénées,https://www.booking.com/hotel/fr/chalet-bois-au-milieu-des-pyrenees.fr.html?aid=304142&label=gen173nr-10CAQoggJCDXNlYXJjaF9hcmllZ2VIDVgEaE2IAQGYATO4ARfIAQzYAQPoAQH4AQGIAgGoAgG4AoOH_8kGwAIB0gIkNDE0MzM2ZTktMTExMy00MGIwLTkzZjctNWM1YTc4ZWRjNzkx2AIB4AIB&ucfs=1&arphpl=1&group_adults=2&req_adults=2&no_rooms=1&group_children=0&req_children=0&hpos=5&hapos=5&sr_order=popularity&srpvid=3fbf3a01e29c010e&srepoch=1765786490&from=searchresults,"Avec une note de 9,0
9,0
Fabuleux 
151 expériences vécues",42.9455368,1.4065544,Ariege,7.6,6.9,66.6,203.0,1.0,28.3
6612690b-885d-4cb6-a6f2-915077a8f466,43b3fa47f36a,Toulouse,La Petite Auberge de Saint-Sernin,https://www.booking.com/hotel/fr/la-petite-auberge-de-compostelle.fr.html?aid=304142&label=gen173nr-10CAQoggJCD3NlYXJjaF90b3Vsb3VzZUgNWARoTYgBAZgBM7gBF8gBDNgBA-gBAfgBAYgCAagCAbgCjIf_yQbAAgHSAiQ5YmIyMDI0Ni0wYjAyLTQyNjgtYjUxYy1kYTE1YTkxY2U4OWXYAgHgAgE&ucfs=1&arphpl=1&group_adults=2&req_adults=2&no_rooms=1&group_children=0&req_children=0&hpos=1&hapos=1&sr_order=popularity&srpvid=9fc23a060ba501ad&srepoch=1765786500&from=searchresults,"Avec une note de 8,0
8,0
Très bien
1 782 expériences vécues",43.6044638,1.4442433,Toulouse,11.9,11.4,73.4,200.0,0.9,27.3
1b34fe22-4559-4eb5-8827-c315d19693ac,43b3fa47f36a,Toulouse,"Toulouse Duplex Rénové, Clim, Terrasse, 6p",https://www.booking.com/hotel/fr/toulouse-duplex-renove-clim-terrasse-6p.fr.html?aid=304142&label=gen173nr-10CAQoggJCD3NlYXJjaF90b3Vsb3VzZUgNWARoTYgBAZgBM7gBF8gBDNgBA-gBAfgBAYgCAagCAbgCjIf_yQbAAgHSAiQ5YmIyMDI0Ni0wYjAyLTQyNjgtYjUxYy1kYTE1YTkxY2U4OWXYAgHgAgE&ucfs=1&arphpl=1&group_adults=2&req_adults=2&no_rooms=1&group_children=0&req_children=0&hpos=2&hapos=2&sr_order=popularity&srpvid=9fc23a060ba501ad&srepoch=1765786500&from=searchresults,,43.6044638,1.4442433,Toulouse,11.9,11.4,73.4,200.0,0.9,27.3
9a8fa40a-6cf1-4f1d-bba5-e232d99390ae,43b3fa47f36a,Toulouse,Plaza Hotel Capitole Toulouse,https://www.booking.com/hotel/fr/crowne-plaza-toulouse-toulouse.fr.html?aid=304142&label=gen173nr-10CAQoggJCD3NlYXJjaF90b3Vsb3VzZUgNWARoTYgBAZgBM7gBF8gBDNgBA-gBAfgBAYgCAagCAbgCjIf_yQbAAgHSAiQ5YmIyMDI0Ni0wYjAyLTQyNjgtYjUxYy1kYTE1YTkxY2U4OWXYAgHgAgE&ucfs=1&arphpl=1&group_adults=2&req_adults=2&no_rooms=1&group_children=0&req_children=0&hpos=3&hapos=3&sr_order=popularity&srpvid=9fc23a060ba501ad&srepoch=1765786500&from=searchresults,"Avec une note de 8,1
8,1
Très bien
7 285 expériences vécues",43.6044638,1.4442433,Toulouse,11.9,11.4,73.4,200.0,0.9,27.3
ceea53e1-e504-431e-acba-49a660830ea9,43b3fa47f36a,Toulouse,Appart Hotel Odalys City Toulouse Centre Compans Caffarelli,https://www.booking.com/hotel/fr/odalys-city-centre-compans-caffarelli.fr.html?aid=304142&label=gen173nr-10CAQoggJCD3NlYXJjaF90b3Vsb3VzZUgNWARoTYgBAZgBM7gBF8gBDNgBA-gBAfgBAYgCAagCAbgCjIf_yQbAAgHSAiQ5YmIyMDI0Ni0wYjAyLTQyNjgtYjUxYy1kYTE1YTkxY2U4OWXYAgHgAgE&ucfs=1&arphpl=1&group_adults=2&req_adults=2&no_rooms=1&group_children=0&req_children=0&hpos=4&hapos=4&sr_order=popularity&srpvid=9fc23a060ba501ad&srepoch=1765786500&from=searchresults,"Avec une note de 8,7
8,7
Superbe
6 827 expériences vécues",43.6044638,1.4442433,Toulouse,11.9,11.4,73.4,200.0,0.9,27.3
d5bd9a72-8630-4d84-9209-9ea9a47bfd6c,43b3fa47f36a,Toulouse,Montempô Appart'Hôtel Toulouse Balma,https://www.booking.com/hotel/fr/montempo-apparthotel-toulouse-balma.fr.html?aid=304142&label=gen173nr-10CAQoggJCD3NlYXJjaF90b3Vsb3VzZUgNWARoTYgBAZgBM7gBF8gBDNgBA-gBAfgBAYgCAagCAbgCjIf_yQbAAgHSAiQ5YmIyMDI0Ni0wYjAyLTQyNjgtYjUxYy1kYTE1YTkxY2U4OWXYAgHgAgE&ucfs=1&arphpl=1&group_adults=2&req_adults=2&no_rooms=1&group_children=0&req_children=0&hpos=5&hapos=5&sr_order=popularity&srpvid=9fc23a060ba501ad&srepoch=1765786500&from=searchresults,"Avec une note de 7,3
7,3
Bien 
1 675 expériences vécues",43.6044638,1.4442433,Toulouse,11.9,11.4,73.4,200.0,0.9,27.3
757c57ab-0e10-41a5-be09-9a0fd948e939,eb1591916474,Montauban,Dali Hôtel Montauban,https://www.booking.com/hotel/fr/dali-montauban.fr.html?aid=304142&label=gen173nr-10CAQoggJCEHNlYXJjaF9tb250YXViYW5IDVgEaE2IAQGYATO4ARfIAQzYAQPoAQH4AQGIAgGoAgG4ArSH_8kGwAIB0gIkNjRmMzA0MjctMzViMi00OTA4LTkyODItNjIwZDE1OWU2YTRl2AIB4AIB&ucfs=1&arphpl=1&group_adults=2&req_adults=2&no_rooms=1&group_children=0&req_children=0&hpos=1&hapos=1&sr_order=popularity&srpvid=4e6f3a1967dc000a&srepoch=1765786538&from=searchresults,"Avec une note de 8,9
8,9
Superbe
2 124 expériences vécues",44.0175835,1.3549991,Montauban,12.0,11.5,72.3,41.0,0.8,38.9
d0a5ba7d-6f0a-433b-83bc-7d63e9db1af2,eb1591916474,Montauban,Brit Hotel Confort Montauban,https://www.booking.com/hotel/fr/deltour-montauban-city.fr.html?aid=304142&label=gen173nr-10CAQoggJCEHNlYXJjaF9tb250YXViYW5IDVgEaE2IAQGYATO4ARfIAQzYAQPoAQH4AQGIAgGoAgG4ArSH_8kGwAIB0gIkNjRmMzA0MjctMzViMi00OTA4LTkyODItNjIwZDE1OWU2YTRl2AIB4AIB&ucfs=1&arphpl=1&group_adults=2&req_adults=2&no_rooms=1&group_children=0&req_children=0&hpos=2&hapos=2&sr_order=popularity&srpvid=4e6f3a1967dc000a&srepoch=1765786538&from=searchresults,"Avec une note de 8,4
8,4
Très bien
1 307 expériences vécues",44.0175835,1.3549991,Montauban,12.0,11.5,72.3,41.0,0.8,38.9
66b60112-2eb4-44f8-9970-780646f80a62,eb1591916474,Montauban,Unisotel Montauban EX F1,https://www.booking.com/hotel/fr/hotelf1-montauban.fr.html?aid=304142&label=gen173nr-10CAQoggJCEHNlYXJjaF9tb250YXViYW5IDVgEaE2IAQGYATO4ARfIAQzYAQPoAQH4AQGIAgGoAgG4ArSH_8kGwAIB0gIkNjRmMzA0MjctMzViMi00OTA4LTkyODItNjIwZDE1OWU2YTRl2AIB4AIB&ucfs=1&arphpl=1&group_adults=2&req_adults=2&no_rooms=1&group_children=0&req_children=0&hpos=3&hapos=3&sr_order=popularity&srpvid=4e6f3a1967dc000a&srepoch=1765786538&from=searchresults,"Avec une note de 6,2
6,2
Note
1 392 expériences vécues",44.0175835,1.3549991,Montauban,12.0,11.5,72.3,41.0,0.8,38.9
2226def9-4e67-42c6-9073-efbc26fa07b1,eb1591916474,Montauban,Premiere Classe Montauban,https://www.booking.com/hotel/fr/hotelpremiereclasse.fr.html?aid=304142&label=gen173nr-10CAQoggJCEHNlYXJjaF9tb250YXViYW5IDVgEaE2IAQGYATO4ARfIAQzYAQPoAQH4AQGIAgGoAgG4ArSH_8kGwAIB0gIkNjRmMzA0MjctMzViMi00OTA4LTkyODItNjIwZDE1OWU2YTRl2AIB4AIB&ucfs=1&arphpl=1&group_adults=2&req_adults=2&no_rooms=1&group_children=0&req_children=0&hpos=4&hapos=4&sr_order=popularity&srpvid=4e6f3a1967dc000a&srepoch=1765786538&from=searchresults,"Avec une note de 5,8
5,8
Note
2 123 expériences vécues",44.0175835,1.3549991,Montauban,12.0,11.5,72.3,41.0,0.8,38.9
b87aa8e3-d111-4436-ae2a-02f05426b414,eb1591916474,Montauban,Sure Hotel by Best Western Les Portes de Montauban,https://www.booking.com/hotel/fr/sure-by-best-western-les-portes-de-montauban.fr.html?aid=304142&label=gen173nr-10CAQoggJCEHNlYXJjaF9tb250YXViYW5IDVgEaE2IAQGYATO4ARfIAQzYAQPoAQH4AQGIAgGoAgG4ArSH_8kGwAIB0gIkNjRmMzA0MjctMzViMi00OTA4LTkyODItNjIwZDE1OWU2YTRl2AIB4AIB&ucfs=1&arphpl=1&group_adults=2&req_adults=2&no_rooms=1&group_children=0&req_children=0&hpos=5&hapos=5&sr_order=popularity&srpvid=4e6f3a1967dc000a&srepoch=1765786538&from_sustainable_property_sr=1&from=searchresults,"Avec une note de 8,8
8,8
Superbe
1 645 expériences vécues",44.0175835,1.3549991,Montauban,12.0,11.5,72.3,41.0,0.8,38.9
3b75b242-08d4-40a3-aae1-88829af299ea,156a5a30ee81,Biarritz,Hôtel Barnea,https://www.booking.com/hotel/fr/hotelargieder.fr.html?aid=304142&label=gen173nr-10CAQoggJCD3NlYXJjaF9iaWFycml0ekgNWARoTYgBAZgBM7gBF8gBDNgBA-gBAfgBAYgCAagCAbgCvIf_yQbAAgHSAiQ0YWQ1NGI4Ny1kZGQ2LTQxOWUtYTdjOC1hNjgwMzhlNmJiMTfYAgHgAgE&ucfs=1&arphpl=1&group_adults=2&req_adults=2&no_rooms=1&group_children=0&req_children=0&hpos=1&hapos=1&sr_order=popularity&srpvid=a8c83a1ec9bf053f&srepoch=1765786547&from=searchresults,"Avec une note de 9,0
9,0
Fabuleux 
944 expériences vécues",43.4832523,-1.5592776,Biarritz,13.0,11.9,74.1,427.0,0.9,25.8
ab182143-246c-4eda-b165-bb768289a86d,156a5a30ee81,Biarritz,Résidence Pierre & Vacances Premium Haguna,https://www.booking.com/hotel/fr/residence-pierre-vacances-haguna.fr.html?aid=304142&label=gen173nr-10CAQoggJCD3NlYXJjaF9iaWFycml0ekgNWARoTYgBAZgBM7gBF8gBDNgBA-gBAfgBAYgCAagCAbgCvIf_yQbAAgHSAiQ0YWQ1NGI4Ny1kZGQ2LTQxOWUtYTdjOC1hNjgwMzhlNmJiMTfYAgHgAgE&ucfs=1&arphpl=1&group_adults=2&req_adults=2&no_rooms=1&group_children=0&req_children=0&hpos=2&hapos=2&sr_order=popularity&srpvid=a8c83a1ec9bf053f&srepoch=1765786547&from_sustainable_property_sr=1&from=searchresults,"Avec une note de 8,5
8,5
Très bien
943 expériences vécues",43.4832523,-1.5592776,Biarritz,13.0,11.9,74.1,427.0,0.9,25.8
2a23875f-76f9-4e7e-8266-7f99be73947e,156a5a30ee81,Biarritz,Le Talaia Hôtel & Spa Biarritz - MGallery Collection,https://www.booking.com/hotel/fr/radisson-blu-hotel-biarritz.fr.html?aid=304142&label=gen173nr-10CAQoggJCD3NlYXJjaF9iaWFycml0ekgNWARoTYgBAZgBM7gBF8gBDNgBA-gBAfgBAYgCAagCAbgCvIf_yQbAAgHSAiQ0YWQ1NGI4Ny1kZGQ2LTQxOWUtYTdjOC1hNjgwMzhlNmJiMTfYAgHgAgE&ucfs=1&arphpl=1&group_adults=2&req_adults=2&no_rooms=1&group_children=0&req_children=0&hpos=3&hapos=3&sr_order=popularity&srpvid=a8c83a1ec9bf053f&srepoch=1765786547&from=searchresults,"Avec une note de 8,8
8,8
Superbe
169 expériences vécues",43.4832523,-1.5592776,Biarritz,13.0,11.9,74.1,427.0,0.9,25.8
df049ea3-e0e0-45af-8d0f-8a0290ce1547,156a5a30ee81,Biarritz,Résidence Vacances Bleues Le Grand Large,https://www.booking.com/hotel/fr/le-grand-large-biarritz.fr.html?aid=304142&label=gen173nr-10CAQoggJCD3NlYXJjaF9iaWFycml0ekgNWARoTYgBAZgBM7gBF8gBDNgBA-gBAfgBAYgCAagCAbgCvIf_yQbAAgHSAiQ0YWQ1NGI4Ny1kZGQ2LTQxOWUtYTdjOC1hNjgwMzhlNmJiMTfYAgHgAgE&ucfs=1&arphpl=1&group_adults=2&req_adults=2&no_rooms=1&group_children=0&req_children=0&hpos=4&hapos=4&sr_order=popularity&srpvid=a8c83a1ec9bf053f&srepoch=1765786547&from=searchresults,"Avec une note de 8,5
8,5
Très bien
3 838 expériences vécues",43.4832523,-1.5592776,Biarritz,13.0,11.9,74.1,427.0,0.9,25.8
90eed2b1-f3d6-4b65-814c-f0f41ee373cf,156a5a30ee81,Biarritz,Coup de Cœur assuré pour ce T2 rénové Hyper centre,https://www.booking.com/hotel/fr/coup-de-coeur-assure-pour-ce-t2-renove-hyper-centre.fr.html?aid=304142&label=gen173nr-10CAQoggJCD3NlYXJjaF9iaWFycml0ekgNWARoTYgBAZgBM7gBF8gBDNgBA-gBAfgBAYgCAagCAbgCvIf_yQbAAgHSAiQ0YWQ1NGI4Ny1kZGQ2LTQxOWUtYTdjOC1hNjgwMzhlNmJiMTfYAgHgAgE&ucfs=1&arphpl=1&group_adults=2&req_adults=2&no_rooms=1&group_children=0&req_children=0&hpos=5&hapos=5&sr_order=popularity&srpvid=a8c83a1ec9bf053f&srepoch=1765786547&from=searchresults,"Avec une note de 8,9
8,9
Superbe
57 expériences vécues",43.4832523,-1.5592776,Biarritz,13.0,11.9,74.1,427.0,0.9,25.8
7baef7d9-e507-4d4c-bcc2-7d591342c91a,25621b1061c4,Bayonne,Hotel Cote Basque,https://www.booking.com/hotel/fr/cote-basque.fr.html?aid=304142&label=gen173nr-10CAQoggJCDnNlYXJjaF9iYXlvbm5lSA1YBGhNiAEBmAEzuAEXyAEM2AED6AEB-AEBiAIBqAIBuALFh__JBsACAdICJDFmMWU2NGYxLWE3M2EtNGY3NC1iN2VkLWM3YTQ5NTUwMzQ1ZtgCAeACAQ&ucfs=1&arphpl=1&group_adults=2&req_adults=2&no_rooms=1&group_children=0&req_children=0&hpos=1&hapos=1&sr_order=popularity&srpvid=916b3a22fd2e016c&srepoch=1765786556&from=searchresults,"Avec une note de 8,0
8,0
Très bien
4 463 expériences vécues",43.4945144,-1.4736657,Bayonne,12.8,11.8,75.3,426.0,0.8,25.1
68b3a148-7777-4afc-9272-def8e360556f,25621b1061c4,Bayonne,ibis budget Bayonne,https://www.booking.com/hotel/fr/ibis-budget-bayonne.fr.html?aid=304142&label=gen173nr-10CAQoggJCDnNlYXJjaF9iYXlvbm5lSA1YBGhNiAEBmAEzuAEXyAEM2AED6AEB-AEBiAIBqAIBuALFh__JBsACAdICJDFmMWU2NGYxLWE3M2EtNGY3NC1iN2VkLWM3YTQ5NTUwMzQ1ZtgCAeACAQ&ucfs=1&arphpl=1&group_adults=2&req_adults=2&no_rooms=1&group_children=0&req_children=0&hpos=2&hapos=2&sr_order=popularity&srpvid=916b3a22fd2e016c&srepoch=1765786556&from=searchresults,"Avec une note de 7,6
7,6
Bien 
5 846 expériences vécues",43.4945144,-1.4736657,Bayonne,12.8,11.8,75.3,426.0,0.8,25.1
108ade18-07eb-43d6-90c9-758ac20b40d0,25621b1061c4,Bayonne,Parc 709 Bayonne,https://www.booking.com/hotel/fr/parc-709-bayonne.fr.html?aid=304142&label=gen173nr-10CAQoggJCDnNlYXJjaF9iYXlvbm5lSA1YBGhNiAEBmAEzuAEXyAEM2AED6AEB-AEBiAIBqAIBuALFh__JBsACAdICJDFmMWU2NGYxLWE3M2EtNGY3NC1iN2VkLWM3YTQ5NTUwMzQ1ZtgCAeACAQ&ucfs=1&arphpl=1&group_adults=2&req_adults=2&no_rooms=1&group_children=0&req_children=0&hpos=3&hapos=3&sr_order=popularity&srpvid=916b3a22fd2e016c&srepoch=1765786556&from=searchresults,"Avec une note de 9,0
9,0
Fabuleux 
136 expériences vécues",43.4945144,-1.4736657,Bayonne,12.8,11.8,75.3,426.0,0.8,25.1
c9a84640-2649-4467-9f6f-0eca758ab97d,25621b1061c4,Bayonne,23 Avenue du 8 Mai 1945,https://www.booking.com/hotel/fr/23-avenue-du-8-mai-1945.fr.html?aid=304142&label=gen173nr-10CAQoggJCDnNlYXJjaF9iYXlvbm5lSA1YBGhNiAEBmAEzuAEXyAEM2AED6AEB-AEBiAIBqAIBuALFh__JBsACAdICJDFmMWU2NGYxLWE3M2EtNGY3NC1iN2VkLWM3YTQ5NTUwMzQ1ZtgCAeACAQ&ucfs=1&arphpl=1&group_adults=2&req_adults=2&no_rooms=1&group_children=0&req_children=0&hpos=4&hapos=4&sr_order=popularity&srpvid=916b3a22fd2e016c&srepoch=1765786556&from=searchresults,"Avec une note de 9,4
9,4
Fabuleux 
25 expériences vécues",43.4945144,-1.4736657,Bayonne,12.8,11.8,75.3,426.0,0.8,25.1
f53b4785-ff2e-43a7-b0f7-afc877405213,25621b1061c4,Bayonne,OKKO Hotels Bayonne Centre,https://www.booking.com/hotel/fr/okko-hotels-bayonne-centre.fr.html?aid=304142&label=gen173nr-10CAQoggJCDnNlYXJjaF9iYXlvbm5lSA1YBGhNiAEBmAEzuAEXyAEM2AED6AEB-AEBiAIBqAIBuALFh__JBsACAdICJDFmMWU2NGYxLWE3M2EtNGY3NC1iN2VkLWM3YTQ5NTUwMzQ1ZtgCAeACAQ&ucfs=1&arphpl=1&group_adults=2&req_adults=2&no_rooms=1&group_children=0&req_children=0&hpos=5&hapos=5&sr_order=popularity&srpvid=916b3a22fd2e016c&srepoch=1765786556&from=searchresults,"Avec une note de 8,2
8,2
Très bien
2 943 expériences vécues",43.4945144,-1.4736657,Bayonne,12.8,11.8,75.3,426.0,0.8,25.1
eeed5c90-e0fc-4b83-9fed-6af75bd6ed78,3a6c4162eb27,La Rochelle,Hôtel Eco La Rochelle Centre les Minimes,https://www.booking.com/hotel/fr/premia-re-classe-la-rochelle-centre-les-minimes.fr.html?aid=304142&label=gen173nr-10CAQoggJCEnNlYXJjaF9sYSByb2NoZWxsZUgNWARoTYgBAZgBM7gBF8gBDNgBA-gBAfgBAYgCAagCAbgCzof_yQbAAgHSAiQ1ZDRhMDY2My05NjhmLTQwZTUtODQ0ZC02ZTg0YWZjOGZhYTXYAgHgAgE&ucfs=1&arphpl=1&group_adults=2&req_adults=2&no_rooms=1&group_children=0&req_children=0&hpos=1&hapos=1&sr_order=popularity&srpvid=faf33a270a31024f&srepoch=1765786565&from=searchresults,"Avec une note de 7,7
7,7
Bien 
3 895 expériences vécues",46.159732,-1.1515951,La Rochelle,10.7,9.6,78.3,449.0,0.9,23.9
6f5a222d-369a-424f-a7a3-82b34cce44e6,3a6c4162eb27,La Rochelle,La Rochelle - Tout confort pour 4 personnes proche vieux port,https://www.booking.com/hotel/fr/t2-la-rochelle-tout-confort-pour-4-personnes.fr.html?aid=304142&label=gen173nr-10CAQoggJCEnNlYXJjaF9sYSByb2NoZWxsZUgNWARoTYgBAZgBM7gBF8gBDNgBA-gBAfgBAYgCAagCAbgCzof_yQbAAgHSAiQ1ZDRhMDY2My05NjhmLTQwZTUtODQ0ZC02ZTg0YWZjOGZhYTXYAgHgAgE&ucfs=1&arphpl=1&group_adults=2&req_adults=2&no_rooms=1&group_children=0&req_children=0&hpos=2&hapos=2&sr_order=popularity&srpvid=faf33a270a31024f&srepoch=1765786565&from=searchresults,"Avec une note de 8,3
8,3
Très bien
30 expériences vécues",46.159732,-1.1515951,La Rochelle,10.7,9.6,78.3,449.0,0.9,23.9
68704ed9-15c9-4317-b546-4f4fe1da279f,3a6c4162eb27,La Rochelle,"Hôtel Le Yachtman, The Originals Collection",https://www.booking.com/hotel/fr/le-yachtman.fr.html?aid=304142&label=gen173nr-10CAQoggJCEnNlYXJjaF9sYSByb2NoZWxsZUgNWARoTYgBAZgBM7gBF8gBDNgBA-gBAfgBAYgCAagCAbgCzof_yQbAAgHSAiQ1ZDRhMDY2My05NjhmLTQwZTUtODQ0ZC02ZTg0YWZjOGZhYTXYAgHgAgE&ucfs=1&arphpl=1&group_adults=2&req_adults=2&no_rooms=1&group_children=0&req_children=0&hpos=3&hapos=3&sr_order=popularity&srpvid=faf33a270a31024f&srepoch=1765786565&from=searchresults,"Avec une note de 8,0
8,0
Très bien
2 011 expériences vécues",46.159732,-1.1515951,La Rochelle,10.7,9.6,78.3,449.0,0.9,23.9
5baa9807-1f26-43ef-ac1c-db57cfb94a36,3a6c4162eb27,La Rochelle,CENTRAL Hostel La Rochelle Centre,https://www.booking.com/hotel/fr/central-la-rochelle.fr.html?aid=304142&label=gen173nr-10CAQoggJCEnNlYXJjaF9sYSByb2NoZWxsZUgNWARoTYgBAZgBM7gBF8gBDNgBA-gBAfgBAYgCAagCAbgCzof_yQbAAgHSAiQ1ZDRhMDY2My05NjhmLTQwZTUtODQ0ZC02ZTg0YWZjOGZhYTXYAgHgAgE&ucfs=1&arphpl=1&group_adults=2&req_adults=2&no_rooms=1&group_children=0&req_children=0&hpos=4&hapos=4&sr_order=popularity&srpvid=faf33a270a31024f&srepoch=1765786565&from=searchresults,"Avec une note de 8,7
8,7
Superbe
822 expériences vécues",46.159732,-1.1515951,La Rochelle,10.7,9.6,78.3,449.0,0.9,23.9
03fda591-f668-4af3-bf27-71d91f9d48a3,3a6c4162eb27,La Rochelle,Maisons du Monde Hôtel & Suites - La Rochelle Vieux Port,https://www.booking.com/hotel/fr/inter-saint-jean-d-acre.fr.html?aid=304142&label=gen173nr-10CAQoggJCEnNlYXJjaF9sYSByb2NoZWxsZUgNWARoTYgBAZgBM7gBF8gBDNgBA-gBAfgBAYgCAagCAbgCzof_yQbAAgHSAiQ1ZDRhMDY2My05NjhmLTQwZTUtODQ0ZC02ZTg0YWZjOGZhYTXYAgHgAgE&ucfs=1&arphpl=1&group_adults=2&req_adults=2&no_rooms=1&group_children=0&req_children=0&hpos=5&hapos=5&sr_order=popularity&srpvid=faf33a270a31024f&srepoch=1765786565&from_sustainable_property_sr=1&from=searchresults,"Avec une note de 8,5
8,5
Très bien
3 202 expériences vécues",46.159732,-1.1515951,La Rochelle,10.7,9.6,78.3,449.0,0.9,23.9
